dataset,cluster_id,n,mean_centroid_similarity,radius,radius_std,label_entropy,majority_share
cora,0,8,0.6041015982627869,0.3958984315395355,0.06737038493156433,2.499999999991344,0.25
cora,1,61,0.5737293362617493,0.42627066373825073,0.08095154166221619,1.9971752067225572,0.5737704918032787
cora,2,64,0.5593141317367554,0.44068586826324463,0.11180783808231354,1.3848740235262365,0.71875
cora,3,160,0.5606387257575989,0.4393612742424011,0.07596892863512039,1.1532419524030504,0.78125
cora,4,38,0.518997848033905,0.4810020923614502,0.07984068989753723,1.9177822942976297,0.4473684210526316
cora,5,3,0.7713444828987122,0.22865544259548187,0.05721030384302139,1.584962500716828,0.3333333333333333
cora,6,24,0.5569433569908142,0.4430566728115082,0.06929164379835129,2.4481203125800457,0.375
cora,7,39,0.5492793917655945,0.4507206082344055,0.07581230998039246,1.7448467301085246,0.5641025641025641
cora,8,48,0.4970628321170807,0.5029371380805969,0.07547804713249207,2.2281426871380723,0.3125
cora,9,54,0.5748404264450073,0.4251595735549927,0.05011504888534546,2.3318800497654912,0.4074074074074074
cora,10,26,0.528766393661499,0.4712335765361786,0.08779263496398926,1.116076279677217,0.7692307692307693
cora,11,58,0.5560928583145142,0.44390708208084106,0.06718984991312027,1.998079219585688,0.5517241379310345
cora,12,41,0.6672058701515198,0.3327941298484802,0.09930112212896347,1.9834965006858067,0.4634146341463415
cora,13,16,0.568645179271698,0.431354820728302,0.08174506574869156,2.1774212838207085,0.4375
cora,14,42,0.5955050587654114,0.4044950008392334,0.10013061761856079,0.6422064220497987,0.8809523809523809
cora,15,69,0.5334739685058594,0.46652597188949585,0.08783024549484253,0.7385465058694851,0.8260869565217391
cora,16,33,0.5777629017829895,0.4222370982170105,0.08614923059940338,1.2355029240886062,0.696969696969697
cora,17,30,0.5744668245315552,0.4255331754684448,0.07151664793491364,1.5009550787785688,0.6
cora,18,61,0.5821651220321655,0.4178347885608673,0.06093538925051689,1.2260088063009662,0.6065573770491803
cora,19,2,0.8169376850128174,0.18306228518486023,0.019322365522384644,-1.4428232973175175e-12,1.0
cora,20,40,0.6209219694137573,0.3790780007839203,0.07548143714666367,0.4689955935863958,0.9
cora,21,39,0.5322213768959045,0.46777862310409546,0.07358890026807785,2.4351135147821448,0.41025641025641024
cora,22,36,0.48557615280151367,0.5144238471984863,0.093296118080616,1.9626739805366324,0.4722222222222222
cora,23,43,0.5678642988204956,0.4321357011795044,0.10396722704172134,1.529259037371213,0.6976744186046512
cora,24,63,0.5364013910293579,0.4635985791683197,0.09521987289190292,2.391721981700021,0.3333333333333333
cora,25,16,0.6206112504005432,0.3793887495994568,0.0977509468793869,1.2475562489139378,0.5625
cora,26,28,0.6117057204246521,0.3882943093776703,0.06966029852628708,0.2222848306828026,0.9642857142857143
cora,27,1,1.0,0.0,0.0,-1.4428232973175175e-12,1.0
cora,28,30,0.5358414053916931,0.4641585648059845,0.12727360427379608,0.8331761732123585,0.8666666666666667
cora,29,56,0.5524126887321472,0.4475872814655304,0.06178135797381401,2.1434121823402927,0.39285714285714285
cora,30,29,0.6160304546356201,0.3839695453643799,0.0895218774676323,0.2163969324483793,0.9655172413793104
cora,31,22,0.7071427702903748,0.29285728931427,0.0684000700712204,0.43949698691862793,0.9090909090909091
cora,32,32,0.5027925372123718,0.4972074627876282,0.05936099588871002,2.5022484129293545,0.34375
cora,33,50,0.5051881670951843,0.4948118329048157,0.08305386453866959,1.9968711614958305,0.44
cora,34,62,0.6238831281661987,0.37611690163612366,0.14128881692886353,2.6574496152417444,0.25806451612903225
cora,35,4,0.7491397857666016,0.25086021423339844,0.05129760131239891,0.8112781244562475,0.75
cora,36,11,0.6622016429901123,0.33779844641685486,0.08811770379543304,0.8658566174528953,0.8181818181818182
cora,37,59,0.562728762626648,0.4372711777687073,0.08269853889942169,0.5815595727982329,0.9152542372881356
cora,38,27,0.5446532368659973,0.4553467333316803,0.094902403652668,2.130420693340084,0.48148148148148145
cora,39,46,0.5311169624328613,0.4688830077648163,0.09641330689191818,1.4202457007308198,0.5
cora,40,30,0.5288052558898926,0.4711947441101074,0.10716445744037628,1.2867841337709396,0.7
cora,41,1,1.0,0.0,0.0,-1.4428232973175175e-12,1.0
cora,42,11,0.7484837174415588,0.2515162229537964,0.1368003636598587,1.3485878960080944,0.45454545454545453
cora,43,13,0.5994501113891602,0.40054988861083984,0.06647432595491409,2.038159681638739,0.38461538461538464
cora,44,31,0.6231880187988281,0.3768121004104614,0.061683520674705505,0.6120692840064943,0.9032258064516129
cora,45,47,0.5280435681343079,0.47195640206336975,0.08405669778585434,2.2393470963456528,0.48936170212765956
cora,46,46,0.4921702444553375,0.5078297257423401,0.08007152378559113,2.1566403138051498,0.4782608695652174
cora,47,32,0.5309994220733643,0.46900054812431335,0.08525004982948303,1.5931390622223534,0.5
cora,48,20,0.6896389722824097,0.3103610575199127,0.08726330101490021,1.8437519544132885,0.55
cora,49,25,0.5795480608940125,0.42045196890830994,0.10106080770492554,0.24229218907952943,0.96
cora,50,70,0.5208090543746948,0.47919103503227234,0.07861784100532532,1.4691569895114567,0.7142857142857143
cora,51,78,0.6092543601989746,0.390745609998703,0.11528804898262024,0.46672025990322386,0.9358974358974359
cora,52,29,0.5700622797012329,0.4299376606941223,0.06624902784824371,0.9255982359042928,0.8275862068965517
cora,53,49,0.6439651846885681,0.3560348153114319,0.11794522404670715,2.484949712752227,0.32653061224489793
cora,54,3,0.6762604117393494,0.323739618062973,0.12884517014026642,0.9182958340516041,0.6666666666666666
cora,55,16,0.552449107170105,0.44755083322525024,0.06831800937652588,1.499999999995672,0.5
cora,56,24,0.5578284859657288,0.44217148423194885,0.09096375852823257,2.0352354423843297,0.4166666666666667
cora,57,33,0.5020290613174438,0.4979708790779114,0.07206157594919205,2.5492821063896463,0.30303030303030304
cora,58,56,0.5675677061080933,0.4324323236942291,0.06997987627983093,0.7516266655924406,0.875
cora,59,37,0.5381479263305664,0.46185216307640076,0.08231177926063538,2.5496498426787335,0.2702702702702703
cora,60,11,0.6382549405097961,0.36174508929252625,0.05416110157966614,1.3092966682326757,0.6363636363636364
cora,61,2,0.9968754053115845,0.003124624490737915,0.0012988746166229248,-1.4428232973175175e-12,1.0
cora,62,70,0.47698238492012024,0.5230175852775574,0.07428852468729019,2.5148357587736445,0.34285714285714286
cora,63,4,0.8706161975860596,0.12938380241394043,0.08928978443145752,0.8112781244562475,0.75
cora,64,6,0.6030398011207581,0.39696016907691956,0.05798619985580444,2.2516291673806093,0.3333333333333333
cora,65,35,0.5215377807617188,0.47846221923828125,0.11144254356622696,0.6841377134536777,0.8857142857142857
cora,66,17,0.5982325077056885,0.4017674922943115,0.07854749262332916,2.4189611955593135,0.29411764705882354
cora,67,42,0.4945598244667053,0.5054401755332947,0.08103443682193756,2.294041717232913,0.30952380952380953
cora,68,4,0.636653482913971,0.36334651708602905,0.027720611542463303,0.8112781244562475,0.75
cora,69,27,0.5143199563026428,0.4856800138950348,0.11900271475315094,0.679365279294448,0.8888888888888888
cora,70,17,0.6959154605865479,0.30408453941345215,0.06717609614133835,-1.4428232973175175e-12,1.0
cora,71,30,0.5438312292098999,0.4561687707901001,0.07592207193374634,2.2792598814895144,0.3333333333333333
cora,72,35,0.588888943195343,0.411111056804657,0.06749860942363739,2.291597835798883,0.4
cora,73,30,0.578609049320221,0.42139101028442383,0.07215289771556854,2.6532359131171925,0.26666666666666666
cora,74,58,0.5378233194351196,0.46217668056488037,0.08598490804433823,0.6502468581799727,0.8793103448275862
cora,75,14,0.6179176568984985,0.38208240270614624,0.10663766413927078,0.37123232663799033,0.9285714285714286
cora,76,16,0.6384596824645996,0.361540287733078,0.09042823314666748,0.9886994082856122,0.5625
cora,77,44,0.544867753982544,0.45513227581977844,0.08376577496528625,1.5340567806154026,0.6818181818181818
cora,78,3,0.7270841002464294,0.27291595935821533,0.1173897460103035,-1.4428232973175175e-12,1.0
cora,79,21,0.541545033454895,0.45845502614974976,0.07130677998065948,1.3223057888489806,0.6190476190476191
