budget,family,seed,phase_name,hole_proxy,topology_hole_rich,bbox_aspect_ratio,geometry_elongated,access_value_gain,route_escalate,blind_norm_cd,point_norm_cd,structural_fidelity_raw_gain,structural_fidelity_cost_adjusted_gain
budget_06_thin_strip,barbell-bridge,0,decision-fragile zone,40.0,1,4.195334447827693,1,-1.0464,0,0.2280463027751049,0.3056276849726439,-0.07758138219753902,-0.12398138219753901
budget_06_thin_strip,barbell-bridge,1,decision-fragile zone,40.0,1,4.195334447827693,1,-1.0464,0,0.2388953172422876,0.29813695790763,-0.059241640665342404,-0.1056416406653424
budget_06_thin_strip,barbell-bridge,2,decision-fragile zone,40.0,1,4.195334447827693,1,-1.0464,0,0.1482933053327114,0.2862454063370988,-0.13795210100438737,-0.18435210100438737
budget_06_thin_strip,barbell-bridge,3,decision-fragile zone,40.0,1,4.195334447827693,1,-1.0464,0,0.2266328647967507,0.3297725988693691,-0.1031397340726184,-0.1495397340726184
budget_06_thin_strip,crescent,0,ambiguity zone,12.0,0,1.926420323251142,1,0.9536,1,0.1288367168648707,0.2523081134448879,-0.12347139658001721,-0.1698713965800172
budget_06_thin_strip,crescent,1,optimization-limited zone,12.0,0,1.926420323251142,1,0.9536,1,0.2289141068331994,0.2887488715709799,-0.05983476473778049,-0.10623476473778048
budget_06_thin_strip,crescent,2,ambiguity zone,12.0,0,1.926420323251142,1,0.9536,1,0.1015170669798954,0.2599871054370328,-0.1584700384571374,-0.2048700384571374
budget_06_thin_strip,crescent,3,optimization-limited zone,12.0,0,1.926420323251142,1,0.9536,1,0.2771348742099191,0.3326114037543653,-0.05547652954444621,-0.1018765295444462
budget_06_thin_strip,cross-branch,0,ambiguity zone,1.0,0,1.0024045069907674,0,-0.0464,0,0.0821805317869398,0.2447241262936255,-0.1625435945066857,-0.2089435945066857
budget_06_thin_strip,cross-branch,1,optimization-limited zone,1.0,0,1.0024045069907674,0,-0.0464,0,0.2439733525932634,0.3620371094183252,-0.11806375682506179,-0.16446375682506179
budget_06_thin_strip,cross-branch,2,ambiguity zone,1.0,0,1.0024045069907674,0,-0.0464,0,0.1460425780420451,0.2375704433739747,-0.09152786533192961,-0.1379278653319296
budget_06_thin_strip,cross-branch,3,optimization-limited zone,1.0,0,1.0024045069907674,0,-0.0464,0,0.3363122690973877,0.4468556998406281,-0.11054343074324041,-0.1569434307432404
budget_06_thin_strip,double-loop,0,optimization-limited zone,3.0,0,1.9632453591236552,1,0.9536,1,0.2666724460047315,0.2842591067760598,-0.01758666077132831,-0.06398666077132831
budget_06_thin_strip,double-loop,1,ambiguity zone,3.0,0,1.9632453591236552,1,0.9536,1,0.070492658930779,0.2037162276031461,-0.1332235686723671,-0.1796235686723671
budget_06_thin_strip,double-loop,2,optimization-limited zone,3.0,0,1.9632453591236552,1,0.9536,1,0.2641494155927574,0.278761512914824,-0.014612097322066586,-0.06101209732206658
budget_06_thin_strip,double-loop,3,ambiguity zone,3.0,0,1.9632453591236552,1,0.9536,1,0.1066634352101221,0.1931081320311961,-0.08644469682107399,-0.13284469682107397
budget_06_thin_strip,mean-reversion,0,effective-collapse zone,39.0,0,1.9304818378078896,1,-0.0464,0,0.1167390791749592,0.3002321110049916,-0.1834930318300324,-0.2298930318300324
budget_06_thin_strip,mean-reversion,1,optimization-limited zone,39.0,0,1.9304818378078896,1,-0.0464,0,0.2432290505625842,0.3662371073875366,-0.12300805682495242,-0.1694080568249524
budget_06_thin_strip,mean-reversion,2,effective-collapse zone,39.0,0,1.9304818378078896,1,-0.0464,0,0.1363755687416837,0.3072589488700213,-0.17088338012833762,-0.21728338012833762
budget_06_thin_strip,mean-reversion,3,optimization-limited zone,39.0,0,1.9304818378078896,1,-0.0464,0,0.2386744342656035,0.2889971541737821,-0.050322719908178576,-0.09672271990817857
budget_06_thin_strip,multi-hole,0,effective-collapse zone,73.0,1,1.0002814165939322,0,-0.0464,0,0.1267940223974448,0.2757825231733318,-0.148988500775887,-0.195388500775887
budget_06_thin_strip,multi-hole,1,optimization-limited zone,73.0,1,1.0002814165939322,0,-0.0464,0,0.2930599596115854,0.3003653149990348,-0.007305355387449419,-0.053705355387449416
budget_06_thin_strip,multi-hole,2,effective-collapse zone,73.0,1,1.0002814165939322,0,-0.0464,0,0.1500133743159664,0.277778857620687,-0.1277654833047206,-0.1741654833047206
budget_06_thin_strip,multi-hole,3,optimization-limited zone,73.0,1,1.0002814165939322,0,-0.0464,0,0.2484461480972966,0.3149312777731864,-0.06648512967588982,-0.11288512967588982
budget_06_thin_strip,nested-rings,0,effective-collapse zone,80.0,1,1.0113656184223867,0,-0.0464,0,0.0994402125752645,0.2887552873523754,-0.18931507477711088,-0.23571507477711087
budget_06_thin_strip,nested-rings,1,optimization-limited zone,80.0,1,1.0113656184223867,0,-0.0464,0,0.2450479203982629,0.3120115562434715,-0.06696363584520859,-0.11336363584520859
budget_06_thin_strip,nested-rings,2,effective-collapse zone,80.0,1,1.0113656184223867,0,-0.0464,0,0.1251191073802154,0.3221190169048838,-0.19699990952466842,-0.24339990952466842
budget_06_thin_strip,nested-rings,3,optimization-limited zone,80.0,1,1.0113656184223867,0,-0.0464,0,0.219056664481228,0.3193388915873466,-0.10028222710611859,-0.14668222710611858
budget_06_thin_strip,pinwheel,0,effective-collapse zone,66.0,1,1.0084614575281672,0,-0.0464,0,0.1613410257468197,0.2918382395709785,-0.1304972138241588,-0.1768972138241588
budget_06_thin_strip,pinwheel,1,optimization-limited zone,66.0,1,1.0084614575281672,0,-0.0464,0,0.2348999377850061,0.3124929599850896,-0.07759302220008349,-0.12399302220008349
budget_06_thin_strip,pinwheel,2,effective-collapse zone,66.0,1,1.0084614575281672,0,-0.0464,0,0.2076046436807694,0.3165573456241488,-0.10895270194337939,-0.15535270194337938
budget_06_thin_strip,pinwheel,3,optimization-limited zone,66.0,1,1.0084614575281672,0,-0.0464,0,0.249707332719797,0.3097915306964284,-0.06008419797663139,-0.10648419797663139
budget_06_thin_strip,spiral,0,effective-collapse zone,48.0,1,1.1364522233114445,0,-0.0464,0,0.1266791758071991,0.363198244133162,-0.2365190683259629,-0.2829190683259629
budget_06_thin_strip,spiral,1,optimization-limited zone,48.0,1,1.1364522233114445,0,-0.0464,0,0.2209467283467051,0.3771051381915578,-0.15615840984485269,-0.20255840984485268
budget_06_thin_strip,spiral,2,effective-collapse zone,48.0,1,1.1364522233114445,0,-0.0464,0,0.119421627613895,0.3346247192447454,-0.21520309163085038,-0.2616030916308504
budget_06_thin_strip,spiral,3,optimization-limited zone,48.0,1,1.1364522233114445,0,-0.0464,0,0.240891458445346,0.3568302895304024,-0.1159388310850564,-0.1623388310850564
budget_06_thin_strip,volatility-clustering,0,optimization-limited zone,37.0,0,1.071409286066147,0,-0.0464,0,0.2249134997415963,0.3039830620984397,-0.07906956235684343,-0.12546956235684342
budget_06_thin_strip,volatility-clustering,1,effective-collapse zone,37.0,0,1.071409286066147,0,-0.0464,0,0.1186907875194094,0.3091203578483105,-0.1904295703289011,-0.2368295703289011
budget_06_thin_strip,volatility-clustering,2,optimization-limited zone,37.0,0,1.071409286066147,0,-0.0464,0,0.276862145712786,0.3389078679885661,-0.06204572227578009,-0.10844572227578009
budget_06_thin_strip,volatility-clustering,3,effective-collapse zone,37.0,0,1.071409286066147,0,-0.0464,0,0.1580444526714893,0.3175438056269207,-0.15949935295543138,-0.20589935295543138
budget_10_extreme,barbell-bridge,0,optimization-limited zone,40.0,1,4.195334447827693,1,-0.0464,0,0.2278369241222066,0.3658484410691562,-0.1380115169469496,-0.1844115169469496
budget_10_extreme,barbell-bridge,1,optimization-limited zone,40.0,1,4.195334447827693,1,-0.0464,0,0.2495658263885568,0.3372745670714605,-0.08770874068290369,-0.13410874068290368
budget_10_extreme,barbell-bridge,2,ambiguity zone,40.0,1,4.195334447827693,1,0.9536,1,0.1570278543699804,0.3165580612000431,-0.1595302068300627,-0.2059302068300627
budget_10_extreme,barbell-bridge,3,optimization-limited zone,40.0,1,4.195334447827693,1,0.9536,1,0.2329994580352017,0.3184925745199067,-0.085493116484705,-0.131893116484705
budget_10_extreme,crescent,0,ambiguity zone,12.0,0,1.926420323251142,1,0.9536,1,0.113978671974225,0.327402652986981,-0.213423981012756,-0.259823981012756
budget_10_extreme,crescent,1,optimization-limited zone,12.0,0,1.926420323251142,1,0.9536,1,0.2260415395962185,0.3378020537478228,-0.11176051415160429,-0.1581605141516043
budget_10_extreme,crescent,2,ambiguity zone,12.0,0,1.926420323251142,1,0.9536,1,0.0957725816079507,0.3156747564246301,-0.2199021748166794,-0.2663021748166794
budget_10_extreme,crescent,3,optimization-limited zone,12.0,0,1.926420323251142,1,0.9536,1,0.2803848984483627,0.3182911672581671,-0.03790626880980441,-0.08430626880980441
budget_10_extreme,cross-branch,0,ambiguity zone,1.0,0,1.0024045069907674,0,-0.0464,0,0.0819833058419494,0.3331253217282525,-0.2511420158863031,-0.2975420158863031
budget_10_extreme,cross-branch,1,optimization-limited zone,1.0,0,1.0024045069907674,0,0.9536,1,0.2337506559519115,0.3826943944216158,-0.1489437384697043,-0.1953437384697043
budget_10_extreme,cross-branch,2,ambiguity zone,1.0,0,1.0024045069907674,0,-0.0464,0,0.1346026419562232,0.3930900183655996,-0.25848737640937636,-0.30488737640937635
budget_10_extreme,cross-branch,3,optimization-limited zone,1.0,0,1.0024045069907674,0,0.9536,1,0.3194172720183011,0.3709214918973167,-0.0515042198790156,-0.0979042198790156
budget_10_extreme,double-loop,0,optimization-limited zone,3.0,0,1.9632453591236552,1,0.9536,1,0.2247269338455076,0.3341601601555045,-0.10943322630999688,-0.15583322630999688
budget_10_extreme,double-loop,1,ambiguity zone,3.0,0,1.9632453591236552,1,0.9536,1,0.0704956432412424,0.2484588618523893,-0.1779632186111469,-0.2243632186111469
budget_10_extreme,double-loop,2,optimization-limited zone,3.0,0,1.9632453591236552,1,0.9536,1,0.2451753971270635,0.326333263881006,-0.08115786675394249,-0.12755786675394248
budget_10_extreme,double-loop,3,ambiguity zone,3.0,0,1.9632453591236552,1,0.9536,1,0.1074434577722617,0.2510597760040314,-0.14361631823176968,-0.19001631823176968
budget_10_extreme,mean-reversion,0,effective-collapse zone,39.0,0,1.9304818378078896,1,-0.0464,0,0.1445686270710941,0.3124273994535137,-0.1678587723824196,-0.2142587723824196
budget_10_extreme,mean-reversion,1,optimization-limited zone,39.0,0,1.9304818378078896,1,-0.0464,0,0.2216325668237224,0.4492439748796589,-0.2276114080559365,-0.2740114080559365
budget_10_extreme,mean-reversion,2,ambiguity zone,39.0,0,1.9304818378078896,1,-0.0464,0,0.1535280437571051,0.3657235061387434,-0.21219546238163828,-0.2585954623816383
budget_10_extreme,mean-reversion,3,optimization-limited zone,39.0,0,1.9304818378078896,1,-0.0464,0,0.2224225916387625,0.3511463482460299,-0.12872375660726743,-0.17512375660726742
budget_10_extreme,multi-hole,0,effective-collapse zone,73.0,1,1.0002814165939322,0,0.9536,1,0.1212706316487501,0.3615402083440212,-0.24026957669527108,-0.28666957669527104
budget_10_extreme,multi-hole,1,optimization-limited zone,73.0,1,1.0002814165939322,0,-0.0464,0,0.2732985460114507,0.3478791107615551,-0.07458056475010438,-0.12098056475010438
budget_10_extreme,multi-hole,2,effective-collapse zone,73.0,1,1.0002814165939322,0,-0.0464,0,0.1426762206778109,0.3731036581337753,-0.23042743745596436,-0.2768274374559644
budget_10_extreme,multi-hole,3,optimization-limited zone,73.0,1,1.0002814165939322,0,-0.0464,0,0.2388538337049444,0.370347187537493,-0.13149335383254862,-0.17789335383254862
budget_10_extreme,nested-rings,0,effective-collapse zone,80.0,1,1.0113656184223867,0,-0.0464,0,0.0896774652664508,0.3979780211585413,-0.3083005558920905,-0.3547005558920905
budget_10_extreme,nested-rings,1,optimization-limited zone,80.0,1,1.0113656184223867,0,-0.0464,0,0.2413951541171335,0.3808971144868136,-0.13950196036968013,-0.18590196036968012
budget_10_extreme,nested-rings,2,effective-collapse zone,80.0,1,1.0113656184223867,0,-0.0464,0,0.1178383210546054,0.4072738544525601,-0.2894355333979547,-0.3358355333979547
budget_10_extreme,nested-rings,3,effective-collapse zone,80.0,1,1.0113656184223867,0,-0.0464,0,0.209109516268684,0.3705829645912222,-0.1614734483225382,-0.2078734483225382
budget_10_extreme,pinwheel,0,effective-collapse zone,66.0,1,1.0084614575281672,0,-0.0464,0,0.1592252752907218,0.3210985587401644,-0.1618732834494426,-0.2082732834494426
budget_10_extreme,pinwheel,1,decision-fragile zone,66.0,1,1.0084614575281672,0,-1.0464,0,0.2178420597365547,0.3229459803917863,-0.10510392065523158,-0.15150392065523158
budget_10_extreme,pinwheel,2,effective-collapse zone,66.0,1,1.0084614575281672,0,-0.0464,0,0.203386699835936,0.3340772377814845,-0.13069053794554852,-0.17709053794554852
budget_10_extreme,pinwheel,3,optimization-limited zone,66.0,1,1.0084614575281672,0,-0.0464,0,0.2388295957740417,0.332961221177631,-0.0941316254035893,-0.1405316254035893
budget_10_extreme,spiral,0,effective-collapse zone,48.0,1,1.1364522233114445,0,0.9536,1,0.1202336897279046,0.4395819170661273,-0.3193482273382227,-0.3657482273382227
budget_10_extreme,spiral,1,optimization-limited zone,48.0,1,1.1364522233114445,0,-0.0464,0,0.223189772094445,0.4418761455562857,-0.2186863734618407,-0.2650863734618407
budget_10_extreme,spiral,2,effective-collapse zone,48.0,1,1.1364522233114445,0,0.9536,1,0.1181809049964637,0.4170430150791865,-0.2988621100827228,-0.3452621100827228
budget_10_extreme,spiral,3,optimization-limited zone,48.0,1,1.1364522233114445,0,0.9536,1,0.2249959742894831,0.3702643522616018,-0.14526837797211872,-0.19166837797211872
budget_10_extreme,volatility-clustering,0,decision-fragile zone,37.0,0,1.071409286066147,0,-1.0464,0,0.2240594914457539,0.3621876814966118,-0.13812819005085789,-0.18452819005085788
budget_10_extreme,volatility-clustering,1,decision-fragile zone,37.0,0,1.071409286066147,0,-1.0464,0,0.1272773715170519,0.3780899468534405,-0.25081257533638857,-0.29721257533638856
budget_10_extreme,volatility-clustering,2,decision-fragile zone,37.0,0,1.071409286066147,0,-1.0464,0,0.2539247817072707,0.3482640670760464,-0.09433928536877573,-0.14073928536877572
budget_10_extreme,volatility-clustering,3,effective-collapse zone,37.0,0,1.071409286066147,0,-0.0464,0,0.1646388777572996,0.3426228373533327,-0.1779839595960331,-0.2243839595960331
budget_15_vertical_strip,barbell-bridge,0,decision-fragile zone,40.0,1,4.195334447827693,1,-1.0464,0,0.2353656163090669,0.4515409714809887,-0.2161753551719218,-0.26257535517192176
budget_15_vertical_strip,barbell-bridge,1,optimization-limited zone,40.0,1,4.195334447827693,1,-0.0464,0,0.2737343303644081,0.3202483325640882,-0.046514002199680105,-0.0929140021996801
budget_15_vertical_strip,barbell-bridge,2,decision-fragile zone,40.0,1,4.195334447827693,1,-1.0464,0,0.1583276467038532,0.3573700142810332,-0.19904236757718002,-0.24544236757718002
budget_15_vertical_strip,barbell-bridge,3,optimization-limited zone,40.0,1,4.195334447827693,1,-0.0464,0,0.2311598715995771,0.4020016506741393,-0.1708417790745622,-0.21724177907456219
budget_15_vertical_strip,crescent,0,ambiguity zone,12.0,0,1.926420323251142,1,0.9536,1,0.1180820177298032,0.3131632886921111,-0.19508127096230787,-0.24148127096230787
budget_15_vertical_strip,crescent,1,optimization-limited zone,12.0,0,1.926420323251142,1,0.9536,1,0.2510590969516802,0.3063203437240007,-0.05526124677232047,-0.10166124677232047
budget_15_vertical_strip,crescent,2,ambiguity zone,12.0,0,1.926420323251142,1,-0.0464,0,0.1017551329638843,0.2994566200646086,-0.1977014871007243,-0.2441014871007243
budget_15_vertical_strip,crescent,3,optimization-limited zone,12.0,0,1.926420323251142,1,0.9536,1,0.2617679723502114,0.3636323812465719,-0.1018644088963605,-0.1482644088963605
budget_15_vertical_strip,cross-branch,0,ambiguity zone,1.0,0,1.0024045069907674,0,-0.0464,0,0.1138999450237165,0.2209017130512324,-0.1070017680275159,-0.1534017680275159
budget_15_vertical_strip,cross-branch,1,decision-fragile zone,1.0,0,1.0024045069907674,0,-1.0464,0,0.2416462455770345,0.3601376147948679,-0.11849136921783338,-0.16489136921783337
budget_15_vertical_strip,cross-branch,2,ambiguity zone,1.0,0,1.0024045069907674,0,-0.0464,0,0.1311629059000693,0.2347235079953485,-0.1035606020952792,-0.1499606020952792
budget_15_vertical_strip,cross-branch,3,optimization-limited zone,1.0,0,1.0024045069907674,0,-0.0464,0,0.2563658918799656,0.3573220687379942,-0.1009561768580286,-0.1473561768580286
budget_15_vertical_strip,double-loop,0,optimization-limited zone,3.0,0,1.9632453591236552,1,0.9536,1,0.242049994168615,0.4957798611263471,-0.2537298669577321,-0.3001298669577321
budget_15_vertical_strip,double-loop,1,ambiguity zone,3.0,0,1.9632453591236552,1,0.9536,1,0.0890626472005745,0.234269081607959,-0.1452064344073845,-0.1916064344073845
budget_15_vertical_strip,double-loop,2,optimization-limited zone,3.0,0,1.9632453591236552,1,-0.0464,0,0.2423425981046519,0.3066153626173462,-0.06427276451269429,-0.11067276451269428
budget_15_vertical_strip,double-loop,3,ambiguity zone,3.0,0,1.9632453591236552,1,0.9536,1,0.1157308116878244,0.2507554918525562,-0.1350246801647318,-0.1814246801647318
budget_15_vertical_strip,mean-reversion,0,ambiguity zone,39.0,0,1.9304818378078896,1,-0.0464,0,0.2016387610103809,0.3333921839619025,-0.13175342295152162,-0.17815342295152162
budget_15_vertical_strip,mean-reversion,1,optimization-limited zone,39.0,0,1.9304818378078896,1,-0.0464,0,0.2215732519363215,0.302354707082139,-0.08078145514581753,-0.12718145514581752
budget_15_vertical_strip,mean-reversion,2,ambiguity zone,39.0,0,1.9304818378078896,1,-0.0464,0,0.1899230529802838,0.2911251282515723,-0.10120207527128847,-0.14760207527128846
budget_15_vertical_strip,mean-reversion,3,optimization-limited zone,39.0,0,1.9304818378078896,1,-0.0464,0,0.2374389157042651,0.3235563719314328,-0.08611745622716768,-0.13251745622716768
budget_15_vertical_strip,multi-hole,0,effective-collapse zone,73.0,1,1.0002814165939322,0,-0.0464,0,0.126797502855564,0.2440182176124576,-0.11722071475689361,-0.1636207147568936
budget_15_vertical_strip,multi-hole,1,optimization-limited zone,73.0,1,1.0002814165939322,0,-0.0464,0,0.2491979465435953,0.3194942226371099,-0.0702962760935146,-0.1166962760935146
budget_15_vertical_strip,multi-hole,2,effective-collapse zone,73.0,1,1.0002814165939322,0,-0.0464,0,0.1301937164942007,0.2730583806754065,-0.1428646641812058,-0.1892646641812058
budget_15_vertical_strip,multi-hole,3,optimization-limited zone,73.0,1,1.0002814165939322,0,-0.0464,0,0.2496547961112129,0.3482118633481,-0.09855706723688709,-0.1449570672368871
budget_15_vertical_strip,nested-rings,0,effective-collapse zone,80.0,1,1.0113656184223867,0,0.9536,1,0.1024530179520979,0.2387657157523284,-0.13631269780023053,-0.18271269780023053
budget_15_vertical_strip,nested-rings,1,optimization-limited zone,80.0,1,1.0113656184223867,0,-0.0464,0,0.2572815145772043,0.2956456097729946,-0.038364095195790315,-0.08476409519579031
budget_15_vertical_strip,nested-rings,2,effective-collapse zone,80.0,1,1.0113656184223867,0,-0.0464,0,0.1023556356904321,0.2515031439368785,-0.1491475082464464,-0.1955475082464464
budget_15_vertical_strip,nested-rings,3,optimization-limited zone,80.0,1,1.0113656184223867,0,-0.0464,0,0.2610031789934009,0.2474602374103411,0.013542941583059825,-0.03285705841694017
budget_15_vertical_strip,pinwheel,0,decision-fragile zone,66.0,1,1.0084614575281672,0,-1.0464,0,0.1794000334329067,0.3184262483539391,-0.13902621492103243,-0.18542621492103242
budget_15_vertical_strip,pinwheel,1,decision-fragile zone,66.0,1,1.0084614575281672,0,-1.0464,0,0.2345635767622564,0.3030084498405704,-0.06844487307831401,-0.11484487307831401
budget_15_vertical_strip,pinwheel,2,decision-fragile zone,66.0,1,1.0084614575281672,0,-1.0464,0,0.2082508674474454,0.2644463127468408,-0.05619544529939538,-0.10259544529939538
budget_15_vertical_strip,pinwheel,3,decision-fragile zone,66.0,1,1.0084614575281672,0,-1.0464,0,0.2464528357695666,0.3082974453089593,-0.06184460953939269,-0.10824460953939269
budget_15_vertical_strip,spiral,0,effective-collapse zone,48.0,1,1.1364522233114445,0,-0.0464,0,0.1174118311181385,0.3084419761426082,-0.19103014502446972,-0.2374301450244697
budget_15_vertical_strip,spiral,1,optimization-limited zone,48.0,1,1.1364522233114445,0,0.9536,1,0.2141363527262093,0.2854324549076851,-0.0712961021814758,-0.1176961021814758
budget_15_vertical_strip,spiral,2,effective-collapse zone,48.0,1,1.1364522233114445,0,-0.0464,0,0.1242454820561363,0.3082635774458619,-0.18401809538972563,-0.23041809538972563
budget_15_vertical_strip,spiral,3,optimization-limited zone,48.0,1,1.1364522233114445,0,0.9536,1,0.249496828748251,0.5576755357217232,-0.30817870697347227,-0.35457870697347227
budget_15_vertical_strip,volatility-clustering,0,optimization-limited zone,37.0,0,1.071409286066147,0,-0.0464,0,0.2406088489178229,0.3646142081144408,-0.1240053591966179,-0.1704053591966179
budget_15_vertical_strip,volatility-clustering,1,ambiguity zone,37.0,0,1.071409286066147,0,-0.0464,0,0.160048827086926,0.3599128559028789,-0.19986402881595292,-0.2462640288159529
budget_15_vertical_strip,volatility-clustering,2,decision-fragile zone,37.0,0,1.071409286066147,0,-1.0464,0,0.2392768224912473,0.3640537866295526,-0.12477696413830533,-0.17117696413830533
budget_15_vertical_strip,volatility-clustering,3,ambiguity zone,37.0,0,1.071409286066147,0,0.9536,1,0.182770806936809,0.3387834130565118,-0.15601260611970277,-0.20241260611970277
budget_17_high_rot_aniso,barbell-bridge,0,information-limited zone,40.0,1,4.195334447827693,1,-0.0464,0,0.2388498021827313,0.5825506268673407,-0.3437008246846094,-0.3901008246846094
budget_17_high_rot_aniso,barbell-bridge,1,information-limited zone,40.0,1,4.195334447827693,1,-0.0464,0,0.2863202385128674,0.7828437963727704,-0.49652355785990293,-0.542923557859903
budget_17_high_rot_aniso,barbell-bridge,2,ambiguity zone,40.0,1,4.195334447827693,1,-0.0464,0,0.1650140062670792,0.3193357922842688,-0.15432178601718957,-0.20072178601718957
budget_17_high_rot_aniso,barbell-bridge,3,information-limited zone,40.0,1,4.195334447827693,1,0.9536,1,0.239808296896898,0.636212161305013,-0.39640386440811504,-0.44280386440811503
budget_17_high_rot_aniso,crescent,0,ambiguity zone,12.0,0,1.926420323251142,1,0.9536,1,0.1148113982946949,0.3132858495421274,-0.19847445124743252,-0.2448744512474325
budget_17_high_rot_aniso,crescent,1,optimization-limited zone,12.0,0,1.926420323251142,1,0.9536,1,0.2589267783888054,0.3396400632989698,-0.08071328491016438,-0.12711328491016438
budget_17_high_rot_aniso,crescent,2,ambiguity zone,12.0,0,1.926420323251142,1,0.9536,1,0.100180454693197,0.3083318972621253,-0.20815144256892829,-0.25455144256892825
budget_17_high_rot_aniso,crescent,3,optimization-limited zone,12.0,0,1.926420323251142,1,0.9536,1,0.278798116685342,0.3753537051950855,-0.0965555885097435,-0.1429555885097435
budget_17_high_rot_aniso,cross-branch,0,ambiguity zone,1.0,0,1.0024045069907674,0,-0.0464,0,0.1088224249237473,0.222490948729191,-0.1136685238054437,-0.1600685238054437
budget_17_high_rot_aniso,cross-branch,1,optimization-limited zone,1.0,0,1.0024045069907674,0,-0.0464,0,0.2452825335697792,0.3223003636255351,-0.07701783005575591,-0.1234178300557559
budget_17_high_rot_aniso,cross-branch,2,ambiguity zone,1.0,0,1.0024045069907674,0,-0.0464,0,0.133335293771777,0.3592817675618578,-0.22594647379008082,-0.2723464737900808
budget_17_high_rot_aniso,cross-branch,3,optimization-limited zone,1.0,0,1.0024045069907674,0,-0.0464,0,0.2822161789513673,0.4268037953052294,-0.14458761635386208,-0.19098761635386208
budget_17_high_rot_aniso,double-loop,0,optimization-limited zone,3.0,0,1.9632453591236552,1,0.9536,1,0.2392445441905917,0.3070057285709184,-0.06776118438032669,-0.11416118438032669
budget_17_high_rot_aniso,double-loop,1,ambiguity zone,3.0,0,1.9632453591236552,1,0.9536,1,0.0875197029798099,0.2033438855553594,-0.1158241825755495,-0.1622241825755495
budget_17_high_rot_aniso,double-loop,2,optimization-limited zone,3.0,0,1.9632453591236552,1,-0.0464,0,0.2509096793433973,0.2800226555882362,-0.029112976244838884,-0.07551297624483888
budget_17_high_rot_aniso,double-loop,3,ambiguity zone,3.0,0,1.9632453591236552,1,-0.0464,0,0.1161988884433857,0.2152976712709426,-0.0990987828275569,-0.1454987828275569
budget_17_high_rot_aniso,mean-reversion,0,ambiguity zone,39.0,0,1.9304818378078896,1,-0.0464,0,0.1958122481681675,0.3198668166619118,-0.1240545684937443,-0.1704545684937443
budget_17_high_rot_aniso,mean-reversion,1,optimization-limited zone,39.0,0,1.9304818378078896,1,-0.0464,0,0.2299486601749735,0.3854287139729054,-0.1554800537979319,-0.2018800537979319
budget_17_high_rot_aniso,mean-reversion,2,ambiguity zone,39.0,0,1.9304818378078896,1,-0.0464,0,0.1917993541369574,0.323907550591792,-0.1321081964548346,-0.1785081964548346
budget_17_high_rot_aniso,mean-reversion,3,optimization-limited zone,39.0,0,1.9304818378078896,1,-0.0464,0,0.2396554481186796,0.5026059423143249,-0.2629504941956453,-0.3093504941956453
budget_17_high_rot_aniso,multi-hole,0,effective-collapse zone,73.0,1,1.0002814165939322,0,-0.0464,0,0.1282623911083491,0.2790523179815243,-0.1507899268731752,-0.1971899268731752
budget_17_high_rot_aniso,multi-hole,1,optimization-limited zone,73.0,1,1.0002814165939322,0,-0.0464,0,0.2594939034052735,0.3280711265895484,-0.0685772231842749,-0.11497722318427489
budget_17_high_rot_aniso,multi-hole,2,effective-collapse zone,73.0,1,1.0002814165939322,0,-0.0464,0,0.1363424349671047,0.2887882394281763,-0.1524458044610716,-0.19884580446107158
budget_17_high_rot_aniso,multi-hole,3,optimization-limited zone,73.0,1,1.0002814165939322,0,-0.0464,0,0.2561166338086433,0.3220505019341471,-0.06593386812550378,-0.11233386812550378
budget_17_high_rot_aniso,nested-rings,0,effective-collapse zone,80.0,1,1.0113656184223867,0,-0.0464,0,0.1020785311638392,0.3016259693032045,-0.19954743813936532,-0.24594743813936532
budget_17_high_rot_aniso,nested-rings,1,optimization-limited zone,80.0,1,1.0113656184223867,0,-0.0464,0,0.2642814046994771,0.3045957640131176,-0.040314359313640524,-0.08671435931364052
budget_17_high_rot_aniso,nested-rings,2,effective-collapse zone,80.0,1,1.0113656184223867,0,-0.0464,0,0.1060433864869357,0.2930731521671714,-0.1870297656802357,-0.23342976568023568
budget_17_high_rot_aniso,nested-rings,3,optimization-limited zone,80.0,1,1.0113656184223867,0,-0.0464,0,0.2614363934899419,0.2442167398441068,0.01721965364583511,-0.029180346354164888
budget_17_high_rot_aniso,pinwheel,0,decision-fragile zone,66.0,1,1.0084614575281672,0,-1.0464,0,0.1796645106802251,0.3029526770608611,-0.123288166380636,-0.169688166380636
budget_17_high_rot_aniso,pinwheel,1,decision-fragile zone,66.0,1,1.0084614575281672,0,-1.0464,0,0.2304538692580554,0.3096440015893117,-0.07919013233125632,-0.12559013233125632
budget_17_high_rot_aniso,pinwheel,2,decision-fragile zone,66.0,1,1.0084614575281672,0,-1.0464,0,0.2036524732436284,0.2851670834770296,-0.08151461023340123,-0.12791461023340123
budget_17_high_rot_aniso,pinwheel,3,optimization-limited zone,66.0,1,1.0084614575281672,0,-0.0464,0,0.2545474604475346,0.3231378708064489,-0.06859041035891428,-0.11499041035891427
budget_17_high_rot_aniso,spiral,0,effective-collapse zone,48.0,1,1.1364522233114445,0,-0.0464,0,0.1190270643572804,0.3498839647414811,-0.2308569003842007,-0.2772569003842007
budget_17_high_rot_aniso,spiral,1,optimization-limited zone,48.0,1,1.1364522233114445,0,-0.0464,0,0.2230772135451412,0.32108146019651,-0.09800424665136881,-0.1444042466513688
budget_17_high_rot_aniso,spiral,2,effective-collapse zone,48.0,1,1.1364522233114445,0,-0.0464,0,0.12742557771906,0.3264337696098131,-0.19900819189075308,-0.24540819189075308
budget_17_high_rot_aniso,spiral,3,optimization-limited zone,48.0,1,1.1364522233114445,0,-0.0464,0,0.2505548257496903,0.3738059905206986,-0.12325116477100834,-0.16965116477100833
budget_17_high_rot_aniso,volatility-clustering,0,decision-fragile zone,37.0,0,1.071409286066147,0,-1.0464,0,0.2412981471243525,0.3794143943784209,-0.1381162472540684,-0.1845162472540684
budget_17_high_rot_aniso,volatility-clustering,1,ambiguity zone,37.0,0,1.071409286066147,0,0.9536,1,0.1586081722782109,0.3624145878658131,-0.2038064155876022,-0.2502064155876022
budget_17_high_rot_aniso,volatility-clustering,2,optimization-limited zone,37.0,0,1.071409286066147,0,-0.0464,0,0.2534111887878614,0.360826641359214,-0.1074154525713526,-0.1538154525713526
budget_17_high_rot_aniso,volatility-clustering,3,decision-fragile zone,37.0,0,1.071409286066147,0,-1.0464,0,0.1865624653831864,0.3826046248746568,-0.19604215949147039,-0.24244215949147038
budget_18_neg_diag_extreme,barbell-bridge,0,information-limited zone,40.0,1,4.195334447827693,1,-0.0464,0,0.2208086387470605,0.633826604683318,-0.4130179659362575,-0.4594179659362575
budget_18_neg_diag_extreme,barbell-bridge,1,information-limited zone,40.0,1,4.195334447827693,1,-0.0464,0,0.2196982406189938,0.6932202843215176,-0.4735220437025238,-0.5199220437025238
budget_18_neg_diag_extreme,barbell-bridge,2,information-limited zone,40.0,1,4.195334447827693,1,-0.0464,0,0.1281212863577988,0.7326933557691309,-0.6045720694113321,-0.6509720694113321
budget_18_neg_diag_extreme,barbell-bridge,3,information-limited zone,40.0,1,4.195334447827693,1,0.9536,1,0.2176285350458885,0.5442275239191591,-0.32659898887327055,-0.37299898887327054
budget_18_neg_diag_extreme,crescent,0,ambiguity zone,12.0,0,1.926420323251142,1,0.9536,1,0.1222511285376437,0.3997369416881408,-0.2774858131504971,-0.3238858131504971
budget_18_neg_diag_extreme,crescent,1,optimization-limited zone,12.0,0,1.926420323251142,1,0.9536,1,0.2279777885244759,0.3778460900481195,-0.14986830152364358,-0.19626830152364358
budget_18_neg_diag_extreme,crescent,2,ambiguity zone,12.0,0,1.926420323251142,1,0.9536,1,0.1077937615802005,0.3924208959156908,-0.2846271343354903,-0.3310271343354903
budget_18_neg_diag_extreme,crescent,3,ambiguity zone,12.0,0,1.926420323251142,1,0.9536,1,0.1991830289822318,0.3666229026034342,-0.1674398736212024,-0.2138398736212024
budget_18_neg_diag_extreme,cross-branch,0,ambiguity zone,1.0,0,1.0024045069907674,0,-0.0464,0,0.1137867542417894,0.3421408913342678,-0.22835413709247837,-0.27475413709247837
budget_18_neg_diag_extreme,cross-branch,1,optimization-limited zone,1.0,0,1.0024045069907674,0,0.9536,1,0.2345715755257947,0.3536136490488326,-0.11904207352303789,-0.16544207352303789
budget_18_neg_diag_extreme,cross-branch,2,ambiguity zone,1.0,0,1.0024045069907674,0,-0.0464,0,0.1320466609416796,0.3656671886795658,-0.23362052773788622,-0.2800205277378862
budget_18_neg_diag_extreme,cross-branch,3,optimization-limited zone,1.0,0,1.0024045069907674,0,-0.0464,0,0.2463943540445344,0.4015864779902612,-0.1551921239457268,-0.2015921239457268
budget_18_neg_diag_extreme,double-loop,0,optimization-limited zone,3.0,0,1.9632453591236552,1,-0.0464,0,0.2426411728788186,0.3707502052377185,-0.12810903235889992,-0.17450903235889992
budget_18_neg_diag_extreme,double-loop,1,ambiguity zone,3.0,0,1.9632453591236552,1,-0.0464,0,0.0862462101339215,0.2915912046249543,-0.2053449944910328,-0.2517449944910328
budget_18_neg_diag_extreme,double-loop,2,optimization-limited zone,3.0,0,1.9632453591236552,1,-0.0464,0,0.2304706764098384,0.7216773868655688,-0.4912067104557304,-0.5376067104557304
budget_18_neg_diag_extreme,double-loop,3,ambiguity zone,3.0,0,1.9632453591236552,1,-0.0464,0,0.104643727348105,0.6912011029473106,-0.5865573755992056,-0.6329573755992056
budget_18_neg_diag_extreme,mean-reversion,0,ambiguity zone,39.0,0,1.9304818378078896,1,-0.0464,0,0.1801044755494077,0.3385889565875273,-0.1584844810381196,-0.2048844810381196
budget_18_neg_diag_extreme,mean-reversion,1,ambiguity zone,39.0,0,1.9304818378078896,1,-0.0464,0,0.1998573383130965,0.3443451722535501,-0.1444878339404536,-0.1908878339404536
budget_18_neg_diag_extreme,mean-reversion,2,ambiguity zone,39.0,0,1.9304818378078896,1,-0.0464,0,0.1735119888181958,0.3535362550663297,-0.1800242662481339,-0.2264242662481339
budget_18_neg_diag_extreme,mean-reversion,3,optimization-limited zone,39.0,0,1.9304818378078896,1,-0.0464,0,0.2218819374669256,0.2990418207006945,-0.0771598832337689,-0.1235598832337689
budget_18_neg_diag_extreme,multi-hole,0,effective-collapse zone,73.0,1,1.0002814165939322,0,-0.0464,0,0.1238357801793558,0.3665929928426177,-0.2427572126632619,-0.2891572126632619
budget_18_neg_diag_extreme,multi-hole,1,optimization-limited zone,73.0,1,1.0002814165939322,0,-0.0464,0,0.2266144725581584,0.350218918694464,-0.12360444613630558,-0.17000444613630558
budget_18_neg_diag_extreme,multi-hole,2,effective-collapse zone,73.0,1,1.0002814165939322,0,-0.0464,0,0.1216949016171751,0.393594833775413,-0.2718999321582379,-0.3182999321582379
budget_18_neg_diag_extreme,multi-hole,3,optimization-limited zone,73.0,1,1.0002814165939322,0,-0.0464,0,0.2246455912773461,0.4275440117294646,-0.2028984204521185,-0.2492984204521185
budget_18_neg_diag_extreme,nested-rings,0,effective-collapse zone,80.0,1,1.0113656184223867,0,-0.0464,0,0.0985001102128864,0.343762158602848,-0.24526204838996157,-0.29166204838996157
budget_18_neg_diag_extreme,nested-rings,1,optimization-limited zone,80.0,1,1.0113656184223867,0,-0.0464,0,0.2369832413747835,0.3566394743031414,-0.11965623292835792,-0.16605623292835792
budget_18_neg_diag_extreme,nested-rings,2,effective-collapse zone,80.0,1,1.0113656184223867,0,-0.0464,0,0.1020694929068278,0.3545382914116485,-0.2524687985048207,-0.2988687985048207
budget_18_neg_diag_extreme,nested-rings,3,optimization-limited zone,80.0,1,1.0113656184223867,0,-0.0464,0,0.2291780025615969,0.393396732949087,-0.1642187303874901,-0.2106187303874901
budget_18_neg_diag_extreme,pinwheel,0,decision-fragile zone,66.0,1,1.0084614575281672,0,-1.0464,0,0.1664110664283863,0.3025942881228556,-0.1361832216944693,-0.1825832216944693
budget_18_neg_diag_extreme,pinwheel,1,decision-fragile zone,66.0,1,1.0084614575281672,0,-1.0464,0,0.2421417117135537,0.3264282321305379,-0.0842865204169842,-0.1306865204169842
budget_18_neg_diag_extreme,pinwheel,2,decision-fragile zone,66.0,1,1.0084614575281672,0,-1.0464,0,0.2171937485643312,0.3161726479002063,-0.09897889933587511,-0.1453788993358751
budget_18_neg_diag_extreme,pinwheel,3,decision-fragile zone,66.0,1,1.0084614575281672,0,-1.0464,0,0.2165542076163863,0.3119568271061716,-0.09540261948978532,-0.14180261948978531
budget_18_neg_diag_extreme,spiral,0,effective-collapse zone,48.0,1,1.1364522233114445,0,-0.0464,0,0.1160570343063233,0.3678507485401556,-0.2517937142338323,-0.2981937142338323
budget_18_neg_diag_extreme,spiral,1,effective-collapse zone,48.0,1,1.1364522233114445,0,-0.0464,0,0.1935752768219257,0.3826984891840479,-0.1891232123621222,-0.2355232123621222
budget_18_neg_diag_extreme,spiral,2,effective-collapse zone,48.0,1,1.1364522233114445,0,0.9536,1,0.1143697560784895,0.3809473782930378,-0.26657762221454834,-0.31297762221454833
budget_18_neg_diag_extreme,spiral,3,optimization-limited zone,48.0,1,1.1364522233114445,0,-0.0464,0,0.225448672046457,0.4435615467350073,-0.2181128746885503,-0.26451287468855034
budget_18_neg_diag_extreme,volatility-clustering,0,optimization-limited zone,37.0,0,1.071409286066147,0,-0.0464,0,0.2214707079322616,0.3170949927815108,-0.09562428484924923,-0.14202428484924923
budget_18_neg_diag_extreme,volatility-clustering,1,decision-fragile zone,37.0,0,1.071409286066147,0,-1.0464,0,0.1520615307931505,0.3687496708024156,-0.21668814000926512,-0.2630881400092651
budget_18_neg_diag_extreme,volatility-clustering,2,optimization-limited zone,37.0,0,1.071409286066147,0,-0.0464,0,0.2119084952396844,0.4124522508277444,-0.20054375558805998,-0.24694375558805998
budget_18_neg_diag_extreme,volatility-clustering,3,effective-collapse zone,37.0,0,1.071409286066147,0,-0.0464,0,0.1601359516751551,0.3719936031253952,-0.2118576514502401,-0.2582576514502401
budget_22_broad_high_cond,barbell-bridge,0,decision-fragile zone,40.0,1,4.195334447827693,1,-1.0464,0,0.2265754601245124,0.3633601148014223,-0.13678465467690987,-0.18318465467690986
budget_22_broad_high_cond,barbell-bridge,1,decision-fragile zone,40.0,1,4.195334447827693,1,-1.0464,0,0.2381656994039286,0.3079010755611125,-0.06973537615718392,-0.11613537615718392
budget_22_broad_high_cond,barbell-bridge,2,decision-fragile zone,40.0,1,4.195334447827693,1,-1.0464,0,0.1502462630508089,0.4413586756707476,-0.2911124126199387,-0.3375124126199387
budget_22_broad_high_cond,barbell-bridge,3,optimization-limited zone,40.0,1,4.195334447827693,1,-0.0464,0,0.225611105895981,0.3537278548658346,-0.1281167489698536,-0.17451674896985359
budget_22_broad_high_cond,crescent,0,ambiguity zone,12.0,0,1.926420323251142,1,0.9536,1,0.1267882776903412,0.2693961589183291,-0.14260788122798787,-0.18900788122798787
budget_22_broad_high_cond,crescent,1,optimization-limited zone,12.0,0,1.926420323251142,1,0.9536,1,0.2257922036547717,0.3107359170427777,-0.08494371338800599,-0.131343713388006
budget_22_broad_high_cond,crescent,2,ambiguity zone,12.0,0,1.926420323251142,1,0.9536,1,0.1002058496832832,0.2942543606306567,-0.1940485109473735,-0.2404485109473735
budget_22_broad_high_cond,crescent,3,optimization-limited zone,12.0,0,1.926420323251142,1,0.9536,1,0.2756087071746927,0.3387532437849155,-0.06314453661022279,-0.10954453661022279
budget_22_broad_high_cond,cross-branch,0,ambiguity zone,1.0,0,1.0024045069907674,0,0.9536,1,0.0809036301053633,0.2931923306297093,-0.21228870052434598,-0.258688700524346
budget_22_broad_high_cond,cross-branch,1,optimization-limited zone,1.0,0,1.0024045069907674,0,0.9536,1,0.2402079524981896,0.3733628898602557,-0.13315493736206607,-0.17955493736206607
budget_22_broad_high_cond,cross-branch,2,ambiguity zone,1.0,0,1.0024045069907674,0,-0.0464,0,0.1441796601912886,0.2937013923180141,-0.1495217321267255,-0.1959217321267255
budget_22_broad_high_cond,cross-branch,3,optimization-limited zone,1.0,0,1.0024045069907674,0,-0.0464,0,0.3326948394325919,0.3397020915749071,-0.007007252142315179,-0.053407252142315176
budget_22_broad_high_cond,double-loop,0,optimization-limited zone,3.0,0,1.9632453591236552,1,0.9536,1,0.2589604636510121,0.3167699677908958,-0.05780950413988367,-0.10420950413988367
budget_22_broad_high_cond,double-loop,1,ambiguity zone,3.0,0,1.9632453591236552,1,0.9536,1,0.0696374527623183,0.2530621539932953,-0.18342470123097698,-0.22982470123097698
budget_22_broad_high_cond,double-loop,2,optimization-limited zone,3.0,0,1.9632453591236552,1,-0.0464,0,0.2608402282887433,0.2947372889735415,-0.0338970606847982,-0.0802970606847982
budget_22_broad_high_cond,double-loop,3,ambiguity zone,3.0,0,1.9632453591236552,1,0.9536,1,0.1064422935873756,0.2396474766665344,-0.1332051830791588,-0.1796051830791588
budget_22_broad_high_cond,mean-reversion,0,ambiguity zone,39.0,0,1.9304818378078896,1,0.9536,1,0.1184943495290344,0.3365372977381654,-0.21804294820913098,-0.26444294820913095
budget_22_broad_high_cond,mean-reversion,1,optimization-limited zone,39.0,0,1.9304818378078896,1,0.9536,1,0.2379730487467869,0.518213803486187,-0.2802407547394,-0.3266407547394
budget_22_broad_high_cond,mean-reversion,2,ambiguity zone,39.0,0,1.9304818378078896,1,0.9536,1,0.1368819313148401,0.3674345720403029,-0.23055264072546278,-0.2769526407254628
budget_22_broad_high_cond,mean-reversion,3,optimization-limited zone,39.0,0,1.9304818378078896,1,-0.0464,0,0.2344474318754782,0.3018457563088984,-0.06739832443342023,-0.11379832443342022
budget_22_broad_high_cond,multi-hole,0,effective-collapse zone,73.0,1,1.0002814165939322,0,-0.0464,0,0.1254225650520873,0.2933797379787067,-0.1679571729266194,-0.2143571729266194
budget_22_broad_high_cond,multi-hole,1,optimization-limited zone,73.0,1,1.0002814165939322,0,-0.0464,0,0.290593582125272,0.3013605313315102,-0.010766949206238219,-0.057166949206238216
budget_22_broad_high_cond,multi-hole,2,effective-collapse zone,73.0,1,1.0002814165939322,0,0.9536,1,0.1485855217563528,0.2890231567536016,-0.14043763499724876,-0.18683763499724876
budget_22_broad_high_cond,multi-hole,3,optimization-limited zone,73.0,1,1.0002814165939322,0,-0.0464,0,0.2450259453099951,0.313998956788358,-0.06897301147836288,-0.11537301147836287
budget_22_broad_high_cond,nested-rings,0,effective-collapse zone,80.0,1,1.0113656184223867,0,-0.0464,0,0.0975462582127688,0.3600207480622109,-0.2624744898494421,-0.3088744898494421
budget_22_broad_high_cond,nested-rings,1,optimization-limited zone,80.0,1,1.0113656184223867,0,-0.0464,0,0.2426433232052555,0.3263011834426484,-0.08365786023739291,-0.1300578602373929
budget_22_broad_high_cond,nested-rings,2,effective-collapse zone,80.0,1,1.0113656184223867,0,-0.0464,0,0.1240646575776428,0.3755413638574559,-0.2514767062798131,-0.2978767062798131
budget_22_broad_high_cond,nested-rings,3,optimization-limited zone,80.0,1,1.0113656184223867,0,-0.0464,0,0.215340635869782,0.3521764146788099,-0.1368357788090279,-0.1832357788090279
budget_22_broad_high_cond,pinwheel,0,decision-fragile zone,66.0,1,1.0084614575281672,0,-1.0464,0,0.16065415001956,0.3199129675032572,-0.15925881748369722,-0.20565881748369721
budget_22_broad_high_cond,pinwheel,1,decision-fragile zone,66.0,1,1.0084614575281672,0,-1.0464,0,0.2326203227819214,0.4131330618915295,-0.18051273910960808,-0.22691273910960807
budget_22_broad_high_cond,pinwheel,2,decision-fragile zone,66.0,1,1.0084614575281672,0,-1.0464,0,0.2059052938083413,0.3206048974251252,-0.11469960361678391,-0.1610996036167839
budget_22_broad_high_cond,pinwheel,3,optimization-limited zone,66.0,1,1.0084614575281672,0,-0.0464,0,0.2462179622846694,0.3158398330367779,-0.06962187075210846,-0.11602187075210846
budget_22_broad_high_cond,spiral,0,decision-fragile zone,48.0,1,1.1364522233114445,0,-1.0464,0,0.1259967659291212,0.3966601616290491,-0.2706633956999279,-0.3170633956999279
budget_22_broad_high_cond,spiral,1,optimization-limited zone,48.0,1,1.1364522233114445,0,0.9536,1,0.220321172232446,0.4531179438129482,-0.2327967715805022,-0.27919677158050216
budget_22_broad_high_cond,spiral,2,decision-fragile zone,48.0,1,1.1364522233114445,0,-1.0464,0,0.1186393516973755,0.3525637677594566,-0.2339244160620811,-0.2803244160620811
budget_22_broad_high_cond,spiral,3,optimization-limited zone,48.0,1,1.1364522233114445,0,-0.0464,0,0.2367668904436478,0.3734382431986355,-0.1366713527549877,-0.1830713527549877
budget_22_broad_high_cond,volatility-clustering,0,optimization-limited zone,37.0,0,1.071409286066147,0,-0.0464,0,0.2237468380207906,0.3607636124636228,-0.13701677444283222,-0.18341677444283222
budget_22_broad_high_cond,volatility-clustering,1,effective-collapse zone,37.0,0,1.071409286066147,0,-0.0464,0,0.1180448672615331,0.3458770608060894,-0.22783219354455628,-0.2742321935445563
budget_22_broad_high_cond,volatility-clustering,2,decision-fragile zone,37.0,0,1.071409286066147,0,-1.0464,0,0.2728083052828528,0.3625248468252535,-0.08971654154240066,-0.13611654154240066
budget_22_broad_high_cond,volatility-clustering,3,ambiguity zone,37.0,0,1.071409286066147,0,0.9536,1,0.1580166167810142,0.3490562313930446,-0.1910396146120304,-0.2374396146120304
budget_23_small_high_cond,barbell-bridge,0,information-limited zone,40.0,1,4.195334447827693,1,-0.0464,0,0.5113534354418738,0.487782408471831,0.02357102697004282,-0.022828973029957178
budget_23_small_high_cond,barbell-bridge,1,information-limited zone,40.0,1,4.195334447827693,1,-0.0464,0,0.2614635029742048,0.519855043244096,-0.25839154026989125,-0.30479154026989125
budget_23_small_high_cond,barbell-bridge,2,information-limited zone,40.0,1,4.195334447827693,1,-0.0464,0,0.1575078193815813,0.4915172319913825,-0.3340094126098012,-0.3804094126098012
budget_23_small_high_cond,barbell-bridge,3,information-limited zone,40.0,1,4.195334447827693,1,0.9536,1,0.2192470195342951,0.5487080630939227,-0.32946104355962763,-0.37586104355962763
budget_23_small_high_cond,crescent,0,ambiguity zone,12.0,0,1.926420323251142,1,0.9536,1,0.1005969498510393,0.2796545488352219,-0.1790575989841826,-0.2254575989841826
budget_23_small_high_cond,crescent,1,optimization-limited zone,12.0,0,1.926420323251142,1,0.9536,1,0.2322198632137818,0.2846041463855807,-0.052384283171798884,-0.09878428317179888
budget_23_small_high_cond,crescent,2,ambiguity zone,12.0,0,1.926420323251142,1,-0.0464,0,0.0904753448555748,0.2849123013251577,-0.19443695646958292,-0.24083695646958292
budget_23_small_high_cond,crescent,3,optimization-limited zone,12.0,0,1.926420323251142,1,0.9536,1,0.2570417452699435,0.2867284234608344,-0.02968667819089088,-0.07608667819089088
budget_23_small_high_cond,cross-branch,0,decision-fragile zone,1.0,0,1.0024045069907674,0,-1.0464,0,0.0950608820943521,0.3496530502075193,-0.2545921681131672,-0.3009921681131672
budget_23_small_high_cond,cross-branch,1,decision-fragile zone,1.0,0,1.0024045069907674,0,-1.0464,0,0.2194601924895918,0.3413421809325864,-0.12188198844299458,-0.16828198844299458
budget_23_small_high_cond,cross-branch,2,decision-fragile zone,1.0,0,1.0024045069907674,0,-1.0464,0,0.1255688713771448,0.3567464568704593,-0.23117758549331452,-0.2775775854933145
budget_23_small_high_cond,cross-branch,3,decision-fragile zone,1.0,0,1.0024045069907674,0,-1.0464,0,0.2604464592265092,0.4188745160097399,-0.1584280567832307,-0.20482805678323068
budget_23_small_high_cond,double-loop,0,ambiguity zone,3.0,0,1.9632453591236552,1,0.9536,1,0.1976377766425861,0.3031974857403487,-0.1055597090977626,-0.1519597090977626
budget_23_small_high_cond,double-loop,1,ambiguity zone,3.0,0,1.9632453591236552,1,0.9536,1,0.0786033693169981,0.2544840339836297,-0.17588066466663158,-0.22228066466663157
budget_23_small_high_cond,double-loop,2,optimization-limited zone,3.0,0,1.9632453591236552,1,0.9536,1,0.2225689611096259,0.3172021209992394,-0.09463315988961349,-0.14103315988961349
budget_23_small_high_cond,double-loop,3,ambiguity zone,3.0,0,1.9632453591236552,1,0.9536,1,0.1076696309679414,0.2451315993817774,-0.137461968413836,-0.183861968413836
budget_23_small_high_cond,mean-reversion,0,effective-collapse zone,39.0,0,1.9304818378078896,1,-0.0464,0,0.1723972478750222,0.3440531240285874,-0.1716558761535652,-0.2180558761535652
budget_23_small_high_cond,mean-reversion,1,optimization-limited zone,39.0,0,1.9304818378078896,1,-0.0464,0,0.2111036443497647,0.3575430464036858,-0.14643940205392109,-0.19283940205392108
budget_23_small_high_cond,mean-reversion,2,effective-collapse zone,39.0,0,1.9304818378078896,1,-0.0464,0,0.1790078465404827,0.3213492481549345,-0.14234140161445177,-0.18874140161445177
budget_23_small_high_cond,mean-reversion,3,optimization-limited zone,39.0,0,1.9304818378078896,1,-0.0464,0,0.2134599705335433,0.3160930663486646,-0.10263309581512128,-0.14903309581512128
budget_23_small_high_cond,multi-hole,0,effective-collapse zone,73.0,1,1.0002814165939322,0,-0.0464,0,0.1178403911381546,0.3526595646629242,-0.2348191735247696,-0.2812191735247696
budget_23_small_high_cond,multi-hole,1,optimization-limited zone,73.0,1,1.0002814165939322,0,0.9536,1,0.2266959109748196,0.405181212189046,-0.17848530121422643,-0.22488530121422642
budget_23_small_high_cond,multi-hole,2,effective-collapse zone,73.0,1,1.0002814165939322,0,-0.0464,0,0.1296976909078024,0.3195206184288088,-0.1898229275210064,-0.2362229275210064
budget_23_small_high_cond,multi-hole,3,optimization-limited zone,73.0,1,1.0002814165939322,0,-0.0464,0,0.2229887993073146,0.2824889287994173,-0.05950012949210268,-0.10590012949210267
budget_23_small_high_cond,nested-rings,0,effective-collapse zone,80.0,1,1.0113656184223867,0,-0.0464,0,0.0913324242215976,0.3173557434036113,-0.22602331918201368,-0.2724233191820137
budget_23_small_high_cond,nested-rings,1,optimization-limited zone,80.0,1,1.0113656184223867,0,-0.0464,0,0.2321744941163813,0.2888141942325991,-0.05663970011621777,-0.10303970011621777
budget_23_small_high_cond,nested-rings,2,effective-collapse zone,80.0,1,1.0113656184223867,0,-0.0464,0,0.1038558907912127,0.2943073041175931,-0.19045141332638038,-0.23685141332638038
budget_23_small_high_cond,nested-rings,3,optimization-limited zone,80.0,1,1.0113656184223867,0,-0.0464,0,0.2147878086013603,0.3191673088574432,-0.10437950025608292,-0.15077950025608292
budget_23_small_high_cond,pinwheel,0,decision-fragile zone,66.0,1,1.0084614575281672,0,-1.0464,0,0.1574316300630147,0.2511708189560604,-0.09373918889304572,-0.14013918889304572
budget_23_small_high_cond,pinwheel,1,decision-fragile zone,66.0,1,1.0084614575281672,0,-1.0464,0,0.2033487505925977,0.2848303111564537,-0.081481560563856,-0.127881560563856
budget_23_small_high_cond,pinwheel,2,decision-fragile zone,66.0,1,1.0084614575281672,0,-1.0464,0,0.182715397994032,0.2881894680354643,-0.1054740700414323,-0.1518740700414323
budget_23_small_high_cond,pinwheel,3,decision-fragile zone,66.0,1,1.0084614575281672,0,-1.0464,0,0.2339883367095245,0.3253693297368801,-0.09138099302735558,-0.13778099302735558
budget_23_small_high_cond,spiral,0,effective-collapse zone,48.0,1,1.1364522233114445,0,0.9536,1,0.1128645351097276,0.3457516321752678,-0.23288709706554017,-0.27928709706554017
budget_23_small_high_cond,spiral,1,effective-collapse zone,48.0,1,1.1364522233114445,0,0.9536,1,0.2075997721654575,0.3396924404204647,-0.1320926682550072,-0.1784926682550072
budget_23_small_high_cond,spiral,2,effective-collapse zone,48.0,1,1.1364522233114445,0,-0.0464,0,0.1217367465496119,0.3459505458575417,-0.22421379930792978,-0.2706137993079298
budget_23_small_high_cond,spiral,3,optimization-limited zone,48.0,1,1.1364522233114445,0,0.9536,1,0.2191387790365607,0.3256237608016873,-0.10648498176512661,-0.1528849817651266
budget_23_small_high_cond,volatility-clustering,0,decision-fragile zone,37.0,0,1.071409286066147,0,-1.0464,0,0.2193978410415546,0.351553314900514,-0.1321554738589594,-0.1785554738589594
budget_23_small_high_cond,volatility-clustering,1,decision-fragile zone,37.0,0,1.071409286066147,0,-1.0464,0,0.140372549493724,0.3329887340576477,-0.19261618456392368,-0.23901618456392368
budget_23_small_high_cond,volatility-clustering,2,decision-fragile zone,37.0,0,1.071409286066147,0,-1.0464,0,0.2335851777240199,0.301495112223319,-0.06790993449929908,-0.11430993449929908
budget_23_small_high_cond,volatility-clustering,3,decision-fragile zone,37.0,0,1.071409286066147,0,-1.0464,0,0.1732963418468909,0.3351332066355738,-0.16183686478868287,-0.20823686478868286
budget_24_rotated_slender,barbell-bridge,0,information-limited zone,40.0,1,4.195334447827693,1,-0.0464,0,0.5304691119167605,0.4653296809990785,0.06513943091768198,0.018739430917681987
budget_24_rotated_slender,barbell-bridge,1,information-limited zone,40.0,1,4.195334447827693,1,0.9536,1,0.2718993616311833,0.5244205530100802,-0.2525211913788969,-0.2989211913788969
budget_24_rotated_slender,barbell-bridge,2,information-limited zone,40.0,1,4.195334447827693,1,-0.0464,0,0.1578575760877228,0.6537277033699658,-0.495870127282243,-0.542270127282243
budget_24_rotated_slender,barbell-bridge,3,information-limited zone,40.0,1,4.195334447827693,1,0.9536,1,0.2236539500203335,0.5205127627192705,-0.296858812698937,-0.343258812698937
budget_24_rotated_slender,crescent,0,ambiguity zone,12.0,0,1.926420323251142,1,0.9536,1,0.1046753696447697,0.2617804362108163,-0.15710506656604661,-0.2035050665660466
budget_24_rotated_slender,crescent,1,optimization-limited zone,12.0,0,1.926420323251142,1,0.9536,1,0.2391088440720644,0.3109024100629972,-0.07179356599093278,-0.11819356599093278
budget_24_rotated_slender,crescent,2,ambiguity zone,12.0,0,1.926420323251142,1,0.9536,1,0.0920272011872265,0.2768031515167607,-0.1847759503295342,-0.2311759503295342
budget_24_rotated_slender,crescent,3,optimization-limited zone,12.0,0,1.926420323251142,1,0.9536,1,0.260168873898239,0.3335073229665795,-0.07333844906834047,-0.11973844906834047
budget_24_rotated_slender,cross-branch,0,ambiguity zone,1.0,0,1.0024045069907674,0,-0.0464,0,0.1052350380729138,0.3785815185250546,-0.2733464804521408,-0.3197464804521408
budget_24_rotated_slender,cross-branch,1,decision-fragile zone,1.0,0,1.0024045069907674,0,-1.0464,0,0.2233816031924334,0.3114109150308166,-0.0880293118383832,-0.1344293118383832
budget_24_rotated_slender,cross-branch,2,decision-fragile zone,1.0,0,1.0024045069907674,0,-1.0464,0,0.125318495118389,0.4058144535860632,-0.2804959584676742,-0.3268959584676742
budget_24_rotated_slender,cross-branch,3,optimization-limited zone,1.0,0,1.0024045069907674,0,-0.0464,0,0.2544502712804791,0.4366032305259353,-0.18215295924545621,-0.2285529592454562
budget_24_rotated_slender,double-loop,0,ambiguity zone,3.0,0,1.9632453591236552,1,0.9536,1,0.2076177562564802,0.2923898019043773,-0.08477204564789709,-0.13117204564789708
budget_24_rotated_slender,double-loop,1,ambiguity zone,3.0,0,1.9632453591236552,1,0.9536,1,0.0852255159104636,0.2521206975616936,-0.16689518165123,-0.21329518165123
budget_24_rotated_slender,double-loop,2,optimization-limited zone,3.0,0,1.9632453591236552,1,0.9536,1,0.228807321231505,0.2937463665436552,-0.06493904531215022,-0.11133904531215022
budget_24_rotated_slender,double-loop,3,ambiguity zone,3.0,0,1.9632453591236552,1,-0.0464,0,0.1122089252592059,0.2287134458684377,-0.1165045206092318,-0.1629045206092318
budget_24_rotated_slender,mean-reversion,0,ambiguity zone,39.0,0,1.9304818378078896,1,0.9536,1,0.187985804637273,0.364113071077016,-0.17612726643974302,-0.22252726643974302
budget_24_rotated_slender,mean-reversion,1,optimization-limited zone,39.0,0,1.9304818378078896,1,0.9536,1,0.2132356624250587,0.3421408705971479,-0.12890520817208917,-0.17530520817208917
budget_24_rotated_slender,mean-reversion,2,ambiguity zone,39.0,0,1.9304818378078896,1,0.9536,1,0.1867844521900792,0.3112461070513435,-0.12446165486126429,-0.17086165486126428
budget_24_rotated_slender,mean-reversion,3,optimization-limited zone,39.0,0,1.9304818378078896,1,0.9536,1,0.2208488892773635,0.548934163573506,-0.3280852742961425,-0.3744852742961425
budget_24_rotated_slender,multi-hole,0,effective-collapse zone,73.0,1,1.0002814165939322,0,-0.0464,0,0.1207425488907774,0.3080474981393363,-0.1873049492485589,-0.2337049492485589
budget_24_rotated_slender,multi-hole,1,optimization-limited zone,73.0,1,1.0002814165939322,0,-0.0464,0,0.2298578603717341,0.3180826025186836,-0.08822474214694948,-0.13462474214694947
budget_24_rotated_slender,multi-hole,2,effective-collapse zone,73.0,1,1.0002814165939322,0,-0.0464,0,0.1273174909256533,0.2939217856380274,-0.1666042947123741,-0.2130042947123741
budget_24_rotated_slender,multi-hole,3,optimization-limited zone,73.0,1,1.0002814165939322,0,-0.0464,0,0.232115281176616,0.3191932917651429,-0.08707801058852688,-0.13347801058852687
budget_24_rotated_slender,nested-rings,0,effective-collapse zone,80.0,1,1.0113656184223867,0,-0.0464,0,0.0981203047239598,0.3148472676451532,-0.2167269629211934,-0.2631269629211934
budget_24_rotated_slender,nested-rings,1,optimization-limited zone,80.0,1,1.0113656184223867,0,-0.0464,0,0.240172294436786,0.3071059868527501,-0.06693369241596409,-0.11333369241596408
budget_24_rotated_slender,nested-rings,2,effective-collapse zone,80.0,1,1.0113656184223867,0,-0.0464,0,0.1008779875120112,0.2786904353381438,-0.1778124478261326,-0.2242124478261326
budget_24_rotated_slender,nested-rings,3,optimization-limited zone,80.0,1,1.0113656184223867,0,-0.0464,0,0.2382927804007373,0.2793350342022377,-0.04104225380150042,-0.08744225380150042
budget_24_rotated_slender,pinwheel,0,decision-fragile zone,66.0,1,1.0084614575281672,0,-1.0464,0,0.1653764117478178,0.3046452597366961,-0.13926884798887829,-0.18566884798887828
budget_24_rotated_slender,pinwheel,1,decision-fragile zone,66.0,1,1.0084614575281672,0,-1.0464,0,0.2114979048144553,0.3262528857671438,-0.11475498095268849,-0.1611549809526885
budget_24_rotated_slender,pinwheel,2,decision-fragile zone,66.0,1,1.0084614575281672,0,-1.0464,0,0.18483596841835,0.2939656199466648,-0.1091296515283148,-0.1555296515283148
budget_24_rotated_slender,pinwheel,3,decision-fragile zone,66.0,1,1.0084614575281672,0,-1.0464,0,0.2387871778452526,0.3058466837064745,-0.06705950586122189,-0.11345950586122189
budget_24_rotated_slender,spiral,0,effective-collapse zone,48.0,1,1.1364522233114445,0,-0.0464,0,0.1135921338532208,0.3345793424240257,-0.2209872085708049,-0.2673872085708049
budget_24_rotated_slender,spiral,1,effective-collapse zone,48.0,1,1.1364522233114445,0,-0.0464,0,0.2074190348143015,0.2956743501451661,-0.08825531533086459,-0.13465531533086458
budget_24_rotated_slender,spiral,2,effective-collapse zone,48.0,1,1.1364522233114445,0,-0.0464,0,0.1242670059375927,0.324678715946483,-0.2004117100088903,-0.2468117100088903
budget_24_rotated_slender,spiral,3,optimization-limited zone,48.0,1,1.1364522233114445,0,-0.0464,0,0.2304178475361549,0.3544543876274482,-0.12403654009129328,-0.17043654009129328
budget_24_rotated_slender,volatility-clustering,0,decision-fragile zone,37.0,0,1.071409286066147,0,-1.0464,0,0.2259036429086164,0.3399394504734118,-0.1140358075647954,-0.1604358075647954
budget_24_rotated_slender,volatility-clustering,1,decision-fragile zone,37.0,0,1.071409286066147,0,-1.0464,0,0.1496985280725841,0.3394636738597325,-0.18976514578714837,-0.23616514578714837
budget_24_rotated_slender,volatility-clustering,2,decision-fragile zone,37.0,0,1.071409286066147,0,-1.0464,0,0.2358469194047743,0.3402080194078108,-0.1043611000030365,-0.1507611000030365
budget_24_rotated_slender,volatility-clustering,3,ambiguity zone,37.0,0,1.071409286066147,0,0.9536,1,0.1773430560076946,0.3686545137803642,-0.19131145777266959,-0.23771145777266958
