slice,source report,model,learner family,utility,delta vs best fixed,95% CI,positive split share,oracle gap closed,notes / failure mode,n reps,regret,cost,choice share
dense_semantic,dense_legal_learner_sweep,oracle,evaluator-only oracle,0.424073,0.075445,"[0.073167, 0.078053]",1.000,1.000,"evaluator-held upper bound; measures view-mixing headroom, not a legal solver",20,0.000000,0.252684,summary:0.330; pq:0.357; full:0.313
dense_semantic,dense_legal_learner_sweep,rf_expanded,tree ensemble,0.355226,0.006598,"[0.004658, 0.008481]",0.950,0.087,small stable positive signal from legal compact features,20,0.068847,0.420597,summary:0.032; pq:0.370; full:0.598
dense_semantic,dense_legal_learner_sweep,extra_trees_multioutput,tree ensemble,0.354878,0.006250,"[0.004859, 0.007550]",0.950,0.083,small stable positive signal from legal compact features,20,0.069195,0.434367,summary:0.012; pq:0.366; full:0.623
dense_semantic,dense_legal_learner_sweep,dev_best_single_model,dev-selected ensemble,0.354786,0.006158,"[0.004745, 0.007620]",1.000,0.082,dev-selected learner; diagnostic only,20,0.069287,0.439321,summary:0.017; pq:0.345; full:0.639
dense_semantic,dense_legal_learner_sweep,rf_multioutput,tree ensemble,0.354761,0.006133,"[0.004824, 0.007485]",1.000,0.081,ok,20,0.069312,0.441082,summary:0.008; pq:0.353; full:0.639
dense_semantic,dense_legal_learner_sweep,dev_top3_ensemble,dev-selected ensemble,0.354668,0.006040,"[0.004437, 0.007568]",0.900,0.080,dev-selected learner ensemble; diagnostic only,20,0.069405,0.446487,summary:0.012; pq:0.334; full:0.655
dense_semantic,dense_legal_learner_sweep,extra_trees_expanded,tree ensemble,0.354239,0.005611,"[0.004234, 0.006949]",0.950,0.074,ok,20,0.069834,0.425082,summary:0.022; pq:0.375; full:0.604
dense_semantic,dense_legal_learner_sweep,dev_top5_ensemble,dev-selected ensemble,0.354101,0.005473,"[0.003813, 0.007027]",0.950,0.073,dev-selected learner ensemble; diagnostic only,20,0.069972,0.450897,summary:0.012; pq:0.322; full:0.666
dense_semantic,dense_legal_learner_sweep,knn_expanded,nonparametric,0.353455,0.004828,"[0.003047, 0.006693]",0.850,0.064,ok,20,0.070617,0.462792,summary:0.036; pq:0.254; full:0.710
dense_semantic,dense_legal_learner_sweep,gbdt_expanded,boosted tree,0.351868,0.003240,"[0.002021, 0.004405]",0.750,0.043,ok,20,0.072205,0.492250,summary:0.003; pq:0.227; full:0.771
dense_semantic,dense_legal_learner_sweep,lightgbm_expanded,boosted tree,0.351553,0.002925,"[0.001725, 0.004157]",0.900,0.039,ok,20,0.072520,0.489628,summary:0.008; pq:0.226; full:0.766
dense_semantic,dense_legal_learner_sweep,hist_gbdt_expanded,boosted tree,0.351379,0.002752,"[0.001512, 0.003910]",0.850,0.036,ok,20,0.072694,0.468332,summary:0.021; pq:0.263; full:0.717
dense_semantic,dense_legal_learner_sweep,kernel_ridge_rbf_expanded,kernel regression,0.351141,0.002513,"[0.001181, 0.003793]",0.700,0.033,ok,20,0.072932,0.429075,summary:0.030; pq:0.351; full:0.619
dense_semantic,dense_legal_learner_sweep,xgb_expanded,boosted tree,0.350853,0.002225,"[0.001557, 0.002907]",0.950,0.029,ok,20,0.073220,0.523145,summary:0.000; pq:0.149; full:0.851
dense_semantic,dense_legal_learner_sweep,catboost_expanded,boosted tree,0.349097,0.000469,"[-0.000074, 0.001113]",0.550,0.006,near fixed-full baseline; no strong rescue,20,0.074976,0.553241,summary:0.000; pq:0.070; full:0.930
dense_semantic,dense_legal_learner_sweep,fixed_full,fixed reference,0.348628,0.000000,"[0.000000, 0.000000]",0.000,0.000,strongest fixed dense reference under lambda=.08,20,0.075445,0.580000,summary:0.000; pq:0.000; full:1.000
dense_semantic,dense_legal_learner_sweep,ridge_expanded,linear,0.348628,0.000000,"[0.000000, 0.000000]",0.000,0.000,ok,20,0.075445,0.580000,summary:0.000; pq:0.000; full:1.000
dense_semantic,dense_legal_learner_sweep,elasticnet_expanded,linear,0.348628,0.000000,"[0.000000, 0.000000]",0.000,0.000,ok,20,0.075445,0.580000,summary:0.000; pq:0.000; full:1.000
dense_semantic,dense_legal_learner_sweep,adaboost_expanded,boosted tree,0.348320,-0.000308,"[-0.002217, 0.001602]",0.450,-0.004,ok,20,0.075753,0.343206,summary:0.001; pq:0.622; full:0.377
dense_semantic,dense_legal_learner_sweep,hgb_multioutput,other,0.344730,-0.003897,"[-0.006222, -0.001551]",0.250,-0.052,ok,20,0.079342,0.397900,summary:0.064; pq:0.382; full:0.554
dense_semantic,dense_legal_learner_sweep,svr_rbf_expanded,kernel regression,0.344719,-0.003908,"[-0.005869, -0.001734]",0.200,-0.052,ok,20,0.079354,0.393143,summary:0.079; pq:0.372; full:0.550
dense_semantic,dense_legal_learner_sweep,tabnet_expanded,neural tabular,0.338692,-0.009935,"[-0.015222, -0.005567]",0.200,-0.132,neural tabular learner underperforms fixed full here,20,0.085381,0.452272,summary:0.017; pq:0.311; full:0.673
dense_semantic,dense_legal_learner_sweep,mlp_expanded,neural,0.336270,-0.012358,"[-0.014959, -0.009978]",0.000,-0.164,neural regressor underperforms fixed full here,20,0.087803,0.376150,summary:0.130; pq:0.338; full:0.532
dense_semantic,dense_legal_learner_sweep,mlp_multioutput,neural,0.336068,-0.012560,"[-0.014854, -0.010063]",0.000,-0.166,neural multi-output regressor underperforms fixed full here,20,0.088005,0.375958,summary:0.103; pq:0.380; full:0.517
dense_semantic,dense_legal_learner_sweep,fixed_pq,fixed reference,0.320120,-0.028507,"[-0.031402, -0.025585]",0.000,-0.378,cheaper fixed compressed-view reference,20,0.103953,0.200000,summary:0.000; pq:1.000; full:0.000
dense_semantic,dense_legal_learner_sweep,decision_tree_expanded,tree,0.296220,-0.052407,"[-0.056516, -0.048235]",0.000,-0.695,ok,20,0.127853,0.186782,summary:0.256; pq:0.644; full:0.100
dense_semantic,dense_legal_learner_sweep,fixed_summary,fixed reference,0.135212,-0.213415,"[-0.217492, -0.208956]",0.000,-2.829,cheap first-view reference,20,0.288861,0.000000,summary:1.000; pq:0.000; full:0.000
dense_semantic,dense_additional_learner_sweep,top5_rule_vote,QPP/rule,0.354983,0.006355,"[0.005084, 0.007640]",1.000,0.084,simple QPP/rule ensemble; positive weak-signal check,20,0.069090,0.421501,summary:0.000; pq:0.417; full:0.583
dense_semantic,dense_additional_learner_sweep,top9_rule_vote,QPP/rule,0.354557,0.005929,"[0.004715, 0.007190]",1.000,0.079,selected rule: rule_pq_std_ge_0.0401_then_pq_else_full; rule_pq_std_le_0.0401_then_full_else_pq; rule_pq_std_ge_0.0372_then_pq_else_full,20,0.069516,0.421700,summary:0.000; pq:0.417; full:0.583
dense_semantic,dense_additional_learner_sweep,best_single_qpp_rule,QPP/rule,0.354432,0.005805,"[0.004649, 0.007007]",1.000,0.077,single visible-score rule; positive weak-signal check,20,0.069641,0.425646,summary:0.000; pq:0.406; full:0.594
dense_semantic,dense_additional_learner_sweep,top3_rule_vote,QPP/rule,0.354432,0.005805,"[0.004649, 0.007007]",1.000,0.077,simple QPP/rule ensemble; positive weak-signal check,20,0.069641,0.425646,summary:0.000; pq:0.406; full:0.594
dense_semantic,dense_additional_learner_sweep,elasticnet_multioutput_linear,linear multi-output,0.352395,0.003767,"[0.002313, 0.005124]",0.800,0.050,regularized linear multi-output readout; modest positive signal,20,0.071678,0.427564,summary:0.037; pq:0.345; full:0.618
dense_semantic,dense_additional_learner_sweep,lasso_multioutput,linear multi-output,0.352173,0.003545,"[0.002102, 0.004933]",0.800,0.047,sparse linear multi-output readout; modest positive signal,20,0.071900,0.427899,summary:0.035; pq:0.347; full:0.618
dense_semantic,dense_additional_learner_sweep,ridge_multioutput_linear,linear multi-output,0.352126,0.003498,"[0.002283, 0.004608]",0.900,0.046,simple linear multi-output readout; modest positive signal,20,0.071947,0.424553,summary:0.041; pq:0.346; full:0.613
dense_semantic,dense_additional_learner_sweep,ridge_expanded_linear,linear,0.348628,0.000000,"[0.000000, 0.000000]",0.000,0.000,ok,20,0.075445,0.580000,summary:0.000; pq:0.000; full:1.000
dense_semantic,dense_additional_learner_sweep,lasso_expanded,linear,0.348628,0.000000,"[0.000000, 0.000000]",0.000,0.000,ok,20,0.075445,0.580000,summary:0.000; pq:0.000; full:1.000
dense_semantic,dense_additional_learner_sweep,elasticnet_expanded_linear,linear,0.348628,0.000000,"[0.000000, 0.000000]",0.000,0.000,ok,20,0.075445,0.580000,summary:0.000; pq:0.000; full:1.000
dense_semantic,dense_additional_learner_sweep,meta_qpp_margin_cascade,QPP/rule cascade,0.347541,-0.001087,"[-0.002906, 0.000496]",0.400,-0.014,S-margin ge 0.277; PQ-margin ge 0.044,20,0.076532,0.414433,summary:0.049; pq:0.362; full:0.590
dense_semantic,dense_additional_learner_sweep,calibrated_ridge_isotonic,calibrated regressor,0.342707,-0.005921,"[-0.007777, -0.004076]",0.050,-0.078,calibration can over-select the wrong paid view,20,0.081366,0.497997,summary:0.000; pq:0.216; full:0.784
dense_semantic,dense_additional_learner_sweep,xgboost_pairwise_ranker,rank-learning,0.329013,-0.019615,"[-0.022732, -0.016673]",0.000,-0.260,rank objective overfits/over-selects cheaper views here,20,0.095060,0.234049,summary:0.077; pq:0.793; full:0.130
dense_semantic,dense_additional_learner_sweep,calibrated_logistic_oracle_view,calibrated classifier,0.326675,-0.021952,"[-0.026047, -0.017811]",0.000,-0.291,calibrated classifier still underperforms in weak-signal regime,20,0.097398,0.272016,summary:0.214; pq:0.483; full:0.302
dense_semantic,dense_additional_learner_sweep,lightgbm_lambdamart_ranker,rank-learning,0.325392,-0.023236,"[-0.026682, -0.019855]",0.000,-0.308,rank objective overfits/over-selects cheaper views here,20,0.098681,0.255258,summary:0.222; pq:0.515; full:0.262
dense_semantic,dense_additional_learner_sweep,logistic_oracle_view,classifier,0.309292,-0.039336,"[-0.043559, -0.035028]",0.000,-0.521,oracle-view classifier over-selects cheap/mixed actions,20,0.114781,0.236604,summary:0.332; pq:0.397; full:0.271
dense_semantic,dense_additional_learner_sweep,pairwise_ranknet,rank-learning,0.307038,-0.041590,"[-0.047765, -0.035769]",0.000,-0.551,neural pairwise ranker underperforms fixed full here,20,0.117035,0.277571,summary:0.325; pq:0.299; full:0.375
