dim,kind,seed,target_mean_linf,target_cov_linf,gaussian_mean_linf,gaussian_cov_linf,gaussian_norm_cd,gaussian_mmd,best_view,best_utility,point_gain_vs_summary,richest_is_best,nonmonotone_best_view,summary_correct,summary_utility,coarse_sketch_correct,coarse_sketch_utility,higher_order_correct,higher_order_utility,point_correct,point_utility
2,two_cluster,20262517,3.3306690738754695e-17,4.440892098500626e-16,4.163336342344337e-18,2.220446049250313e-16,0.09996116565168824,0.005266406049303951,summary,1.0,-0.58,0.0,1.0,1.0,1.0,1.0,0.72,1.0,0.5800000000000001,1.0,0.42000000000000004
2,two_cluster,20262518,4.0245584642661923e-17,4.440892098500626e-16,3.2959746043559335e-17,4.440892098500626e-16,0.10454536582222766,0.003673440904961467,summary,1.0,-0.58,0.0,1.0,1.0,1.0,1.0,0.72,1.0,0.5800000000000001,1.0,0.42000000000000004
2,two_cluster,20262519,2.3592239273284576e-17,1.4099832412739487e-15,1.9428902930940238e-17,6.661338147750939e-16,0.07102557871137805,0.003020520064534127,summary,1.0,-0.58,0.0,1.0,1.0,1.0,1.0,0.72,1.0,0.5800000000000001,1.0,0.42000000000000004
2,two_cluster,20262520,8.326672684688674e-18,3.3306690738754696e-16,2.4980018054066023e-17,8.881784197001252e-16,0.11567314099224608,0.00383340694408818,summary,1.0,-0.58,0.0,1.0,1.0,1.0,1.0,0.72,1.0,0.5800000000000001,1.0,0.42000000000000004
2,two_cluster,20262521,2.2204460492503132e-17,1.457167719820518e-15,4.649058915617843e-17,4.440892098500626e-16,0.1010993928995886,0.005642248935039396,summary,1.0,-0.58,0.0,1.0,1.0,1.0,1.0,0.72,1.0,0.5800000000000001,1.0,0.42000000000000004
2,two_cluster,20262522,1.8041124150158794e-17,1.3211653993039363e-15,1.9428902930940238e-17,8.881784197001252e-16,0.06889722314249483,0.005230366084849392,summary,1.0,-0.58,0.0,1.0,1.0,1.0,1.0,0.72,1.0,0.5800000000000001,1.0,0.42000000000000004
2,two_cluster,20262523,3.191891195797325e-17,1.4932499681208355e-15,5.898059818321144e-18,2.220446049250313e-16,0.10563760689916207,0.006698693889807705,summary,1.0,-0.58,0.0,1.0,1.0,1.0,1.0,0.72,1.0,0.5800000000000001,1.0,0.42000000000000004
2,two_cluster,20262524,3.191891195797325e-17,1.3322676295501878e-15,3.331753276047955e-17,1.1102230246251565e-15,0.10695303543632398,0.0052832173978130115,summary,1.0,-0.58,0.0,1.0,1.0,1.0,1.0,0.72,1.0,0.5800000000000001,1.0,0.42000000000000004
2,two_cluster,20262525,4.093947403305265e-17,3.3306690738754696e-16,1.8735013540549518e-17,4.440892098500626e-16,0.10703290616478434,0.004862277928801451,summary,1.0,-0.58,0.0,1.0,1.0,1.0,1.0,0.72,1.0,0.5800000000000001,1.0,0.42000000000000004
2,two_cluster,20262526,5.4817261840867107e-17,6.661338147750939e-16,6.245004513516506e-18,6.661338147750939e-16,0.10396133244280614,0.007103414796110874,summary,1.0,-0.58,0.0,1.0,1.0,1.0,1.0,0.72,1.0,0.5800000000000001,1.0,0.42000000000000004
2,two_cluster,20262527,1.6653345369377347e-17,1.0325074129013957e-15,2.914335439641036e-17,4.440892098500626e-16,0.09389030309547552,0.008534611928482594,summary,1.0,-0.58,0.0,1.0,1.0,1.0,1.0,0.72,1.0,0.5800000000000001,1.0,0.42000000000000004
2,two_cluster,20262528,4.5796699765787705e-17,4.440892098500626e-16,2.0122792321330962e-17,6.661338147750939e-16,0.11773772339830565,0.0030805449597108847,summary,1.0,-0.58,0.0,1.0,1.0,1.0,1.0,0.72,1.0,0.5800000000000001,1.0,0.42000000000000004
2,two_cluster,20262529,7.771561172376095e-17,2.220446049250313e-16,1.1102230246251566e-17,4.440892098500626e-16,0.10588556592936968,0.003981957184850282,summary,1.0,-0.58,0.0,1.0,1.0,1.0,1.0,0.72,1.0,0.5800000000000001,1.0,0.42000000000000004
2,two_cluster,20262530,1.3183898417423733e-17,8.881784197001252e-16,9.714451465470119e-18,2.220446049250313e-16,0.07849445450513733,0.004156149940774068,summary,1.0,-0.58,0.0,1.0,1.0,1.0,1.0,0.72,1.0,0.5800000000000001,1.0,0.42000000000000004
2,two_cluster,20262531,1.9428902930940238e-17,1.1102230246251565e-15,1.734723475976807e-17,6.661338147750939e-16,0.09752246101294815,0.0013074923338924904,summary,1.0,-0.58,0.0,1.0,1.0,1.0,1.0,0.72,1.0,0.5800000000000001,1.0,0.42000000000000004
2,two_cluster,20262532,1.2490009027033011e-17,6.661338147750939e-16,2.3505503099485737e-17,3.3306690738754696e-16,0.10073380247358613,0.006968998725894737,summary,1.0,-0.58,0.0,1.0,1.0,1.0,1.0,0.72,1.0,0.5800000000000001,1.0,0.42000000000000004
2,four_cluster,20262618,3.2612801348363975e-17,1.0547118733938987e-16,4.354155924701786e-17,3.3306690738754696e-16,0.1630100454595365,0.004312517008360883,coarse_sketch,0.72,0.42000000000000004,0.0,1.0,0.0,0.0,1.0,0.72,1.0,0.5800000000000001,1.0,0.42000000000000004
2,four_cluster,20262619,6.661338147750939e-17,4.440892098500626e-16,4.5102810375396986e-18,2.220446049250313e-16,0.1349553531062428,0.009227725420505983,coarse_sketch,0.72,0.42000000000000004,0.0,1.0,0.0,0.0,1.0,0.72,1.0,0.5800000000000001,1.0,0.42000000000000004
2,four_cluster,20262620,5.4817261840867107e-17,4.440892098500626e-16,6.938893903907228e-18,1.1102230246251565e-15,0.16965974535482378,0.005394726464613253,coarse_sketch,0.72,0.42000000000000004,0.0,1.0,0.0,0.0,1.0,0.72,1.0,0.5800000000000001,1.0,0.42000000000000004
2,four_cluster,20262621,2.2204460492503132e-17,2.220446049250313e-16,8.760353553682876e-18,4.440892098500626e-16,0.11542722709504782,0.004800046424763282,coarse_sketch,0.72,0.42000000000000004,0.0,1.0,0.0,0.0,1.0,0.72,1.0,0.5800000000000001,1.0,0.42000000000000004
2,four_cluster,20262622,4.371503159461554e-17,4.440892098500626e-16,2.0816681711721685e-17,4.440892098500626e-16,0.1417201206572708,0.007122132381913948,coarse_sketch,0.72,0.42000000000000004,0.0,1.0,0.0,0.0,1.0,0.72,1.0,0.5800000000000001,1.0,0.42000000000000004
2,four_cluster,20262623,4.718447854656915e-17,2.220446049250313e-16,3.3306690738754695e-17,3.3306690738754696e-16,0.13049532551289456,0.003946272937525475,coarse_sketch,0.72,0.42000000000000004,0.0,1.0,0.0,0.0,1.0,0.72,1.0,0.5800000000000001,1.0,0.42000000000000004
2,four_cluster,20262624,1.9428902930940238e-17,5.551115123125783e-16,6.938893903907229e-19,3.3306690738754696e-16,0.14225103021219887,0.007797176350556434,coarse_sketch,0.72,0.42000000000000004,0.0,1.0,0.0,0.0,1.0,0.72,1.0,0.5800000000000001,1.0,0.42000000000000004
2,four_cluster,20262625,4.232725281383409e-17,4.440892098500626e-16,2.6020852139652106e-17,6.661338147750939e-16,0.15132802063500575,0.005714828126703653,coarse_sketch,0.72,0.42000000000000004,0.0,1.0,0.0,0.0,1.0,0.72,1.0,0.5800000000000001,1.0,0.42000000000000004
2,four_cluster,20262626,1.3877787807814457e-17,4.440892098500626e-16,2.0816681711721685e-17,6.661338147750939e-17,0.14555707139188948,0.004757363756733302,coarse_sketch,0.72,0.42000000000000004,0.0,1.0,0.0,0.0,1.0,0.72,1.0,0.5800000000000001,1.0,0.42000000000000004
2,four_cluster,20262627,2.4980018054066023e-17,3.3306690738754696e-16,2.5326962749261383e-17,6.661338147750939e-16,0.15415260580061615,0.0029102523573290018,coarse_sketch,0.72,0.42000000000000004,0.0,1.0,0.0,0.0,1.0,0.72,1.0,0.5800000000000001,1.0,0.42000000000000004
2,four_cluster,20262628,2.2898349882893852e-17,3.3306690738754696e-16,9.714451465470119e-18,6.661338147750939e-16,0.13183860484119733,0.007321963725185787,coarse_sketch,0.72,0.42000000000000004,0.0,1.0,0.0,0.0,1.0,0.72,1.0,0.5800000000000001,1.0,0.42000000000000004
2,four_cluster,20262629,2.914335439641036e-17,4.440892098500626e-16,1.2490009027033011e-17,4.440892098500626e-16,0.11527332780395594,0.004464449621349953,coarse_sketch,0.72,0.42000000000000004,0.0,1.0,0.0,0.0,1.0,0.72,1.0,0.5800000000000001,1.0,0.42000000000000004
2,four_cluster,20262630,1.2490009027033011e-17,3.3306690738754696e-16,2.671474153004283e-17,4.440892098500626e-16,0.14195712596729815,0.004304601860957824,coarse_sketch,0.72,0.42000000000000004,0.0,1.0,0.0,0.0,1.0,0.72,1.0,0.5800000000000001,1.0,0.42000000000000004
2,four_cluster,20262631,2.5673907444456746e-17,4.440892098500626e-16,2.42861286636753e-17,6.661338147750939e-16,0.14525029112022148,0.00480328936646246,coarse_sketch,0.72,0.42000000000000004,0.0,1.0,0.0,0.0,1.0,0.72,1.0,0.5800000000000001,1.0,0.42000000000000004
2,four_cluster,20262632,4.0245584642661923e-17,3.3306690738754696e-16,5.551115123125783e-18,6.661338147750939e-16,0.13781988563570327,0.00368368706960287,coarse_sketch,0.72,0.42000000000000004,0.0,1.0,0.0,0.0,1.0,0.72,1.0,0.5800000000000001,1.0,0.42000000000000004
2,four_cluster,20262633,2.7755575615628914e-17,4.440892098500626e-16,1.3877787807814457e-17,8.881784197001252e-16,0.1377064037484662,0.0034225757114112465,coarse_sketch,0.72,0.42000000000000004,0.0,1.0,0.0,0.0,1.0,0.72,1.0,0.5800000000000001,1.0,0.42000000000000004
2,ring,20262719,2.0816681711721685e-17,6.661338147750939e-16,1.9428902930940238e-17,4.440892098500626e-16,0.08182833712345053,0.0022651288196477992,coarse_sketch,0.72,0.42000000000000004,0.0,1.0,0.0,0.0,1.0,0.72,1.0,0.5800000000000001,1.0,0.42000000000000004
2,ring,20262720,5.412337245047638e-17,4.440892098500626e-16,1.9428902930940238e-17,4.440892098500626e-16,0.0904019633024956,0.004246467135657017,coarse_sketch,0.72,0.42000000000000004,0.0,1.0,0.0,0.0,1.0,0.72,1.0,0.5800000000000001,1.0,0.42000000000000004
2,ring,20262721,3.157196726277789e-17,6.661338147750939e-16,2.6281060661048628e-17,4.440892098500626e-16,0.07794527145931762,0.012752381652647804,coarse_sketch,0.72,0.42000000000000004,0.0,1.0,0.0,0.0,1.0,0.72,1.0,0.5800000000000001,1.0,0.42000000000000004
2,ring,20262722,6.938893903907228e-18,6.661338147750939e-16,1.2663481374630691e-17,8.881784197001252e-16,0.1108913062510112,0.00455284617874141,coarse_sketch,0.72,0.42000000000000004,0.0,1.0,0.0,0.0,1.0,0.72,1.0,0.5800000000000001,1.0,0.42000000000000004
2,ring,20262723,2.0122792321330962e-17,6.661338147750939e-16,2.2204460492503132e-17,6.661338147750939e-16,0.07810063129484349,0.0045381083541338185,coarse_sketch,0.72,0.42000000000000004,0.0,1.0,0.0,0.0,1.0,0.72,1.0,0.5800000000000001,1.0,0.42000000000000004
2,ring,20262724,4.163336342344337e-17,6.661338147750939e-16,1.6653345369377347e-17,7.216449660063518e-17,0.09760873060124266,0.0035101777961612513,coarse_sketch,0.72,0.42000000000000004,0.0,1.0,0.0,0.0,1.0,0.72,1.0,0.5800000000000001,1.0,0.42000000000000004
2,ring,20262725,4.5883435939586546e-17,4.440892098500626e-16,2.4980018054066023e-17,1.1102230246251565e-15,0.10583053807117038,0.00936580498869044,coarse_sketch,0.72,0.42000000000000004,0.0,1.0,0.0,0.0,1.0,0.72,1.0,0.5800000000000001,1.0,0.42000000000000004
2,ring,20262726,2.4980018054066023e-17,2.2759572004815707e-16,1.2836953722228373e-17,8.881784197001252e-16,0.0917226853158888,0.004668408291048642,coarse_sketch,0.72,0.42000000000000004,0.0,1.0,0.0,0.0,1.0,0.72,1.0,0.5800000000000001,1.0,0.42000000000000004
2,ring,20262727,2.7755575615628914e-17,3.3306690738754696e-16,4.0245584642661923e-17,5.551115123125783e-16,0.06610601241022215,0.008840897233239664,coarse_sketch,0.72,0.42000000000000004,0.0,1.0,0.0,0.0,1.0,0.72,1.0,0.5800000000000001,1.0,0.42000000000000004
2,ring,20262728,3.8857805861880476e-17,1.1102230246251565e-15,1.9428902930940238e-17,5.551115123125783e-16,0.08663398777439232,0.007102912083075674,coarse_sketch,0.72,0.42000000000000004,0.0,1.0,0.0,0.0,1.0,0.72,1.0,0.5800000000000001,1.0,0.42000000000000004
2,ring,20262729,1.9428902930940238e-17,3.3306690738754696e-16,1.8041124150158794e-17,2.220446049250313e-16,0.07752513734837305,0.013430780672151643,coarse_sketch,0.72,0.42000000000000004,0.0,1.0,0.0,0.0,1.0,0.72,1.0,0.5800000000000001,1.0,0.42000000000000004
2,ring,20262730,2.4980018054066023e-17,1.1102230246251565e-15,2.6367796834847467e-17,6.661338147750939e-16,0.08106993429912412,0.011588866912968454,coarse_sketch,0.72,0.42000000000000004,0.0,1.0,0.0,0.0,1.0,0.72,1.0,0.5800000000000001,1.0,0.42000000000000004
2,ring,20262731,2.2204460492503132e-17,4.440892098500626e-16,1.5265566588595904e-17,6.661338147750939e-16,0.10890607268881801,0.010745664113804398,coarse_sketch,0.72,0.42000000000000004,0.0,1.0,0.0,0.0,1.0,0.72,1.0,0.5800000000000001,1.0,0.42000000000000004
2,ring,20262732,5.551115123125783e-18,1.1102230246251565e-15,2.445960101127298e-17,2.220446049250313e-16,0.11521626631952162,0.0044311353318209346,coarse_sketch,0.72,0.42000000000000004,0.0,1.0,0.0,0.0,1.0,0.72,1.0,0.5800000000000001,1.0,0.42000000000000004
2,ring,20262733,4.163336342344337e-17,4.440892098500626e-16,3.469446951953614e-18,4.440892098500626e-16,0.08176308874367604,0.005773373647219859,coarse_sketch,0.72,0.42000000000000004,0.0,1.0,0.0,0.0,1.0,0.72,1.0,0.5800000000000001,1.0,0.42000000000000004
2,ring,20262734,1.700029006457271e-17,6.661338147750939e-16,1.3877787807814457e-17,3.3306690738754696e-16,0.09118283338874365,0.006727404845575435,coarse_sketch,0.72,0.42000000000000004,0.0,1.0,0.0,0.0,1.0,0.72,1.0,0.5800000000000001,1.0,0.42000000000000004
2,sparse_blocks,20262820,2.6367796834847467e-17,3.1086244689504383e-15,2.706168622523819e-17,4.440892098500626e-16,0.11676659594261135,0.0073914133196948395,coarse_sketch,0.72,0.42000000000000004,0.0,1.0,0.0,0.0,1.0,0.72,1.0,0.5800000000000001,1.0,0.42000000000000004
2,sparse_blocks,20262821,4.163336342344337e-18,4.440892098500626e-16,2.2166513416466137e-17,3.469446951953614e-16,0.08659899887741732,0.006274765971659324,coarse_sketch,0.72,0.42000000000000004,0.0,1.0,0.0,0.0,1.0,0.72,1.0,0.5800000000000001,1.0,0.42000000000000004
2,sparse_blocks,20262822,5.134781488891349e-17,1.1102230246251565e-15,8.500145032286355e-18,4.440892098500626e-16,0.10287115871406508,0.009370000719896687,coarse_sketch,0.72,0.42000000000000004,0.0,1.0,0.0,0.0,1.0,0.72,1.0,0.5800000000000001,1.0,0.42000000000000004
2,sparse_blocks,20262823,4.5102810375396984e-17,9.06219543850284e-16,1.9428902930940238e-17,3.3306690738754696e-16,0.09813743112810068,0.004927069609764523,coarse_sketch,0.72,0.42000000000000004,0.0,1.0,0.0,0.0,1.0,0.72,1.0,0.5800000000000001,1.0,0.42000000000000004
2,sparse_blocks,20262824,2.151057110211241e-17,2.220446049250313e-15,6.938893903907228e-18,5.551115123125783e-16,0.08727986113261824,0.004398702683946043,coarse_sketch,0.72,0.42000000000000004,0.0,1.0,0.0,0.0,1.0,0.72,1.0,0.5800000000000001,1.0,0.42000000000000004
2,sparse_blocks,20262825,4.163336342344337e-17,6.661338147750939e-16,4.163336342344337e-17,4.440892098500626e-16,0.09128397580951461,0.006060314644125153,coarse_sketch,0.72,0.42000000000000004,0.0,1.0,0.0,0.0,1.0,0.72,1.0,0.5800000000000001,1.0,0.42000000000000004
2,sparse_blocks,20262826,2.2204460492503132e-17,3.3306690738754696e-16,9.367506770274759e-18,6.661338147750939e-16,0.09964063060462708,0.00479866967216247,coarse_sketch,0.72,0.42000000000000004,0.0,1.0,0.0,0.0,1.0,0.72,1.0,0.5800000000000001,1.0,0.42000000000000004
2,sparse_blocks,20262827,1.3877787807814457e-17,4.440892098500626e-15,3.1159970437233395e-17,1.1102230246251565e-15,0.07784333299055746,0.011451135910270027,coarse_sketch,0.72,0.42000000000000004,0.0,1.0,0.0,0.0,1.0,0.72,1.0,0.5800000000000001,1.0,0.42000000000000004
2,sparse_blocks,20262828,3.7470027081099036e-17,2.220446049250313e-16,1.9428902930940238e-17,2.220446049250313e-16,0.0927189710271607,0.00560308901192319,coarse_sketch,0.72,0.42000000000000004,0.0,1.0,0.0,0.0,1.0,0.72,1.0,0.5800000000000001,1.0,0.42000000000000004
2,sparse_blocks,20262829,4.4408920985006264e-17,5.551115123125783e-16,1.5265566588595904e-17,2.220446049250313e-16,0.09631085995908951,0.004109244643440757,coarse_sketch,0.72,0.42000000000000004,0.0,1.0,0.0,0.0,1.0,0.72,1.0,0.5800000000000001,1.0,0.42000000000000004
2,sparse_blocks,20262830,4.45932353543288e-17,2.1094237467877974e-15,1.1102230246251566e-17,1.4432899320127035e-15,0.09306134728866618,0.0064174971718753415,coarse_sketch,0.72,0.42000000000000004,0.0,1.0,0.0,0.0,1.0,0.72,1.0,0.5800000000000001,1.0,0.42000000000000004
2,sparse_blocks,20262831,6.748074321549779e-17,1.7763568394002505e-15,1.9081958235744878e-17,6.661338147750939e-16,0.08227014469131488,0.00633774522669972,coarse_sketch,0.72,0.42000000000000004,0.0,1.0,0.0,0.0,1.0,0.72,1.0,0.5800000000000001,1.0,0.42000000000000004
2,sparse_blocks,20262832,6.938893903907228e-18,2.886579864025407e-15,1.1102230246251566e-17,1.1102230246251565e-15,0.07585144321788459,0.004479224508340707,coarse_sketch,0.72,0.42000000000000004,0.0,1.0,0.0,0.0,1.0,0.72,1.0,0.5800000000000001,1.0,0.42000000000000004
2,sparse_blocks,20262833,7.788908407135864e-17,1.1102230246251565e-15,6.938893903907228e-18,1.3322676295501878e-15,0.0976092813174564,0.004525140420004625,coarse_sketch,0.72,0.42000000000000004,0.0,1.0,0.0,0.0,1.0,0.72,1.0,0.5800000000000001,1.0,0.42000000000000004
2,sparse_blocks,20262834,4.5796699765787705e-17,3.3306690738754696e-16,2.6367796834847467e-17,6.661338147750939e-16,0.0723151097022481,0.0025645288490414586,coarse_sketch,0.72,0.42000000000000004,0.0,1.0,0.0,0.0,1.0,0.72,1.0,0.5800000000000001,1.0,0.42000000000000004
2,sparse_blocks,20262835,2.6367796834847467e-17,1.4432899320127035e-15,1.6393136847980826e-17,3.3306690738754696e-16,0.09675443252459072,0.0032728191113147176,coarse_sketch,0.72,0.42000000000000004,0.0,1.0,0.0,0.0,1.0,0.72,1.0,0.5800000000000001,1.0,0.42000000000000004
10,two_cluster,20270517,3.8857805861880476e-17,4.973799150320701e-14,4.163336342344337e-17,1.9984014443252818e-15,0.6195412049854433,0.004101418199978779,summary,1.0,-0.58,0.0,1.0,1.0,1.0,1.0,0.72,1.0,0.5800000000000001,1.0,0.42000000000000004
10,two_cluster,20270518,4.787836793695988e-17,1.1324274851176597e-14,1.3877787807814457e-17,1.5543122344752192e-15,0.6020716379776899,0.0043014064010915565,summary,1.0,-0.58,0.0,1.0,1.0,1.0,1.0,0.72,1.0,0.5800000000000001,1.0,0.42000000000000004
10,two_cluster,20270519,3.538835890992686e-17,9.092726571680033e-15,2.3071822230491536e-17,1.6403545188836688e-15,0.5970191828437073,0.002410697484706459,summary,1.0,-0.58,0.0,1.0,1.0,1.0,1.0,0.72,1.0,0.5800000000000001,1.0,0.42000000000000004
10,two_cluster,20270520,1.0928757898653885e-16,1.9539925233402755e-14,4.163336342344337e-17,2.6645352591003757e-15,0.6454530610409289,0.003167290771810327,summary,1.0,-0.58,0.0,1.0,1.0,1.0,1.0,0.72,1.0,0.5800000000000001,1.0,0.42000000000000004
10,two_cluster,20270521,1.0130785099704553e-16,1.2434497875801753e-14,5.689893001203927e-17,2.4424906541753444e-15,0.588805445391594,0.0027715590559471703,summary,1.0,-0.58,0.0,1.0,1.0,1.0,1.0,0.72,1.0,0.5800000000000001,1.0,0.42000000000000004
10,two_cluster,20270522,3.847020358521691e-17,2.2648549702353193e-14,3.432584078089107e-17,1.7763568394002505e-15,0.6191320213647317,0.0030041769393225337,summary,1.0,-0.58,0.0,1.0,1.0,1.0,1.0,0.72,1.0,0.5800000000000001,1.0,0.42000000000000004
10,two_cluster,20270523,4.163336342344337e-17,1.0325074129013956e-14,5.342948306008566e-17,2.4424906541753444e-15,0.6025555957827039,0.0030455416224062226,summary,1.0,-0.58,0.0,1.0,1.0,1.0,1.0,0.72,1.0,0.5800000000000001,1.0,0.42000000000000004
10,two_cluster,20270524,5.967448757360216e-17,1.709743457922741e-14,3.7470027081099036e-17,1.7763568394002505e-15,0.5918414812024301,0.002129516723945901,summary,1.0,-0.58,0.0,1.0,1.0,1.0,1.0,0.72,1.0,0.5800000000000001,1.0,0.42000000000000004
10,two_cluster,20270525,7.91033905045424e-17,2.4424906541753444e-14,2.7755575615628914e-17,1.6653345369377348e-15,0.5913327559423327,0.002744109369854364,summary,1.0,-0.58,0.0,1.0,1.0,1.0,1.0,0.72,1.0,0.5800000000000001,1.0,0.42000000000000004
10,two_cluster,20270526,4.198030811863873e-17,8.670841822322472e-15,3.7470027081099036e-17,2.4424906541753444e-15,0.6391977070282738,0.00378920770150315,summary,1.0,-0.58,0.0,1.0,1.0,1.0,1.0,0.72,1.0,0.5800000000000001,1.0,0.42000000000000004
10,two_cluster,20270527,2.6020852139652106e-17,9.96425164601078e-15,3.608224830031759e-17,1.7763568394002505e-15,0.5798838155138448,0.0019672397943355513,summary,1.0,-0.58,0.0,1.0,1.0,1.0,1.0,0.72,1.0,0.5800000000000001,1.0,0.42000000000000004
10,two_cluster,20270528,2.983724378680108e-17,3.164135620181696e-14,2.151057110211241e-17,1.4432899320127035e-15,0.5962772968496453,0.0033226337251244242,summary,1.0,-0.58,0.0,1.0,1.0,1.0,1.0,0.72,1.0,0.5800000000000001,1.0,0.42000000000000004
10,two_cluster,20270529,4.7227846633468576e-17,2.55351295663786e-14,2.3592239273284576e-17,2.886579864025407e-15,0.5951042667023103,0.002962909830767524,summary,1.0,-0.58,0.0,1.0,1.0,1.0,1.0,0.72,1.0,0.5800000000000001,1.0,0.42000000000000004
10,two_cluster,20270530,5.412337245047638e-17,2.731148640577885e-14,4.163336342344337e-17,2.4424906541753444e-15,0.5812943270933156,0.002416603236564452,summary,1.0,-0.58,0.0,1.0,1.0,1.0,1.0,0.72,1.0,0.5800000000000001,1.0,0.42000000000000004
10,two_cluster,20270531,2.463307335887066e-17,2.4424906541753444e-14,2.6367796834847467e-17,2.886579864025407e-15,0.5885135354578166,0.0027467161559628916,summary,1.0,-0.58,0.0,1.0,1.0,1.0,1.0,0.72,1.0,0.5800000000000001,1.0,0.42000000000000004
10,two_cluster,20270532,5.967448757360216e-17,1.021405182655144e-14,2.7755575615628914e-17,1.7763568394002505e-15,0.6002708730530104,0.002554067580688102,summary,1.0,-0.58,0.0,1.0,1.0,1.0,1.0,0.72,1.0,0.5800000000000001,1.0,0.42000000000000004
10,four_cluster,20270618,6.106226635438361e-17,1.2212453270876722e-14,3.469446951953614e-17,1.3322676295501878e-15,0.6164128184220116,0.0030998287856338624,coarse_sketch,0.72,0.42000000000000004,0.0,1.0,0.0,0.0,1.0,0.72,1.0,0.5800000000000001,1.0,0.42000000000000004
10,four_cluster,20270619,4.718447854656915e-17,1.759703494030873e-14,5.117434254131581e-17,2.1094237467877974e-15,0.6186774060966075,0.0030540992192953365,coarse_sketch,0.72,0.42000000000000004,0.0,1.0,0.0,0.0,1.0,0.72,1.0,0.5800000000000001,1.0,0.42000000000000004
10,four_cluster,20270620,7.494005416219807e-17,1.532107773982716e-14,2.983724378680108e-17,2.4424906541753444e-15,0.5843247472838642,0.002411112365232615,coarse_sketch,0.72,0.42000000000000004,0.0,1.0,0.0,0.0,1.0,0.72,1.0,0.5800000000000001,1.0,0.42000000000000004
10,four_cluster,20270621,4.9960036108132046e-17,2.4313884239290928e-14,3.7470027081099036e-17,1.6412218806216572e-15,0.6074441676628104,0.004998490295402114,coarse_sketch,0.72,0.42000000000000004,0.0,1.0,0.0,0.0,1.0,0.72,1.0,0.5800000000000001,1.0,0.42000000000000004
10,four_cluster,20270622,7.216449660063518e-17,1.7430501486614958e-14,2.5673907444456746e-17,1.4432899320127035e-15,0.6052044768377864,0.003869952314106584,coarse_sketch,0.72,0.42000000000000004,0.0,1.0,0.0,0.0,1.0,0.72,1.0,0.5800000000000001,1.0,0.42000000000000004
10,four_cluster,20270623,5.204170427930421e-17,1.0302869668521452e-14,4.302114220422482e-17,2.3314683517128287e-15,0.6008346591194762,0.002670956378762135,coarse_sketch,0.72,0.42000000000000004,0.0,1.0,0.0,0.0,1.0,0.72,1.0,0.5800000000000001,1.0,0.42000000000000004
10,four_cluster,20270624,2.5326962749261383e-17,1.8207657603852567e-14,2.5326962749261383e-17,1.3322676295501878e-15,0.6133420631031257,0.0029886098655911297,coarse_sketch,0.72,0.42000000000000004,0.0,1.0,0.0,0.0,1.0,0.72,1.0,0.5800000000000001,1.0,0.42000000000000004
10,four_cluster,20270625,9.645062526431048e-17,1.2861933740282438e-14,2.2204460492503132e-17,1.4432899320127035e-15,0.6145848073503302,0.0036810040166379565,coarse_sketch,0.72,0.42000000000000004,0.0,1.0,0.0,0.0,1.0,0.72,1.0,0.5800000000000001,1.0,0.42000000000000004
10,four_cluster,20270626,4.5796699765787705e-17,1.3655743202889425e-14,2.5153490401663703e-17,2.1094237467877974e-15,0.5786572377766775,0.0029748515125496144,coarse_sketch,0.72,0.42000000000000004,0.0,1.0,0.0,0.0,1.0,0.72,1.0,0.5800000000000001,1.0,0.42000000000000004
10,four_cluster,20270627,3.053113317719181e-17,2.2426505097428162e-14,6.493286811015686e-17,1.3322676295501878e-15,0.5827532081763116,0.002661584764251268,coarse_sketch,0.72,0.42000000000000004,0.0,1.0,0.0,0.0,1.0,0.72,1.0,0.5800000000000001,1.0,0.42000000000000004
10,four_cluster,20270628,3.087807787238717e-17,9.769962616701378e-15,2.675810961694225e-17,1.8762769116165144e-15,0.5916643397005252,0.004433406082805069,coarse_sketch,0.72,0.42000000000000004,0.0,1.0,0.0,0.0,1.0,0.72,1.0,0.5800000000000001,1.0,0.42000000000000004
10,four_cluster,20270629,3.538835890992686e-17,1.1324274851176597e-14,4.128641872824801e-17,2.886579864025407e-15,0.6191128864954897,0.003199441242773604,coarse_sketch,0.72,0.42000000000000004,0.0,1.0,0.0,0.0,1.0,0.72,1.0,0.5800000000000001,1.0,0.42000000000000004
10,four_cluster,20270630,3.608224830031759e-17,1.5654144647214707e-14,2.7755575615628914e-17,2.4424906541753444e-15,0.6216292325007767,0.002818427471303231,coarse_sketch,0.72,0.42000000000000004,0.0,1.0,0.0,0.0,1.0,0.72,1.0,0.5800000000000001,1.0,0.42000000000000004
10,four_cluster,20270631,4.302114220422482e-17,3.5083047578154947e-14,4.718447854656915e-17,2.1094237467877974e-15,0.6154243532585724,0.004059428720672997,coarse_sketch,0.72,0.42000000000000004,0.0,1.0,0.0,0.0,1.0,0.72,1.0,0.5800000000000001,1.0,0.42000000000000004
10,four_cluster,20270632,2.914335439641036e-17,2.1760371282653068e-14,4.5449755070592345e-17,1.2240208846492351e-15,0.6039345860778299,0.004850871856562522,coarse_sketch,0.72,0.42000000000000004,0.0,1.0,0.0,0.0,1.0,0.72,1.0,0.5800000000000001,1.0,0.42000000000000004
10,four_cluster,20270633,3.937822290467352e-17,1.9539925233402755e-14,4.302114220422482e-17,1.7763568394002505e-15,0.5743428233908108,0.005336939056054479,coarse_sketch,0.72,0.42000000000000004,0.0,1.0,0.0,0.0,1.0,0.72,1.0,0.5800000000000001,1.0,0.42000000000000004
10,ring,20270719,2.5500435096859063e-17,9.2148511043888e-15,4.4408920985006264e-17,2.6645352591003757e-15,0.5799738145657265,0.002524270280943819,coarse_sketch,0.72,0.42000000000000004,0.0,1.0,0.0,0.0,1.0,0.72,1.0,0.5800000000000001,1.0,0.42000000000000004
10,ring,20270720,7.702172233337023e-17,6.772360450213455e-15,4.423544863740858e-17,1.4432899320127035e-15,0.6248134757779831,0.0030511934591634926,coarse_sketch,0.72,0.42000000000000004,0.0,1.0,0.0,0.0,1.0,0.72,1.0,0.5800000000000001,1.0,0.42000000000000004
10,ring,20270721,3.8857805861880476e-17,7.105427357601002e-15,2.3592239273284576e-17,1.7763568394002505e-15,0.6262967550142386,0.002943134878347964,coarse_sketch,0.72,0.42000000000000004,0.0,1.0,0.0,0.0,1.0,0.72,1.0,0.5800000000000001,1.0,0.42000000000000004
10,ring,20270722,4.787836793695988e-17,1.0880185641326534e-14,2.4980018054066023e-17,1.4432899320127035e-15,0.6036633385432133,0.0018504764269642315,coarse_sketch,0.72,0.42000000000000004,0.0,1.0,0.0,0.0,1.0,0.72,1.0,0.5800000000000001,1.0,0.42000000000000004
10,ring,20270723,3.3306690738754695e-17,6.8833827526759706e-15,3.3306690738754695e-17,1.7763568394002505e-15,0.5921457677395963,0.003428640759756796,coarse_sketch,0.72,0.42000000000000004,0.0,1.0,0.0,0.0,1.0,0.72,1.0,0.5800000000000001,1.0,0.42000000000000004
10,ring,20270724,4.0419056990259607e-17,4.6629367034256575e-15,6.609296443471635e-17,1.5543122344752192e-15,0.608382531502225,0.004057226148946436,coarse_sketch,0.72,0.42000000000000004,0.0,1.0,0.0,0.0,1.0,0.72,1.0,0.5800000000000001,1.0,0.42000000000000004
10,ring,20270725,3.8510861166685116e-17,1.3655743202889425e-14,2.5326962749261383e-17,1.7763568394002505e-15,0.5879036882336496,0.0032049318949398664,coarse_sketch,0.72,0.42000000000000004,0.0,1.0,0.0,0.0,1.0,0.72,1.0,0.5800000000000001,1.0,0.42000000000000004
10,ring,20270726,3.3306690738754695e-17,9.103828801926284e-15,4.163336342344337e-17,3.219646771412954e-15,0.6142132016338818,0.0038918019954772287,coarse_sketch,0.72,0.42000000000000004,0.0,1.0,0.0,0.0,1.0,0.72,1.0,0.5800000000000001,1.0,0.42000000000000004
10,ring,20270727,6.748074321549779e-17,7.993605777301127e-15,2.151057110211241e-17,1.7763568394002505e-15,0.5811859422572935,0.002902319594277447,coarse_sketch,0.72,0.42000000000000004,0.0,1.0,0.0,0.0,1.0,0.72,1.0,0.5800000000000001,1.0,0.42000000000000004
10,ring,20270728,4.0245584642661923e-17,1.354472090042691e-14,3.191891195797325e-17,2.4424906541753444e-15,0.6183269147662908,0.003911871976782777,coarse_sketch,0.72,0.42000000000000004,0.0,1.0,0.0,0.0,1.0,0.72,1.0,0.5800000000000001,1.0,0.42000000000000004
10,ring,20270729,7.355227538141662e-17,1.1102230246251565e-14,2.2204460492503132e-17,1.4432899320127035e-15,0.6044145034838678,0.0023463804369721064,coarse_sketch,0.72,0.42000000000000004,0.0,1.0,0.0,0.0,1.0,0.72,1.0,0.5800000000000001,1.0,0.42000000000000004
10,ring,20270730,6.106226635438361e-17,8.548717289613705e-15,3.8857805861880476e-17,4.218847493575595e-15,0.5924166171275076,0.0033779860985232446,coarse_sketch,0.72,0.42000000000000004,0.0,1.0,0.0,0.0,1.0,0.72,1.0,0.5800000000000001,1.0,0.42000000000000004
10,ring,20270731,5.828670879282072e-17,8.659739592076221e-15,3.191891195797325e-17,1.9984014443252818e-15,0.5760564019967008,0.0022991968221581782,coarse_sketch,0.72,0.42000000000000004,0.0,1.0,0.0,0.0,1.0,0.72,1.0,0.5800000000000001,1.0,0.42000000000000004
10,ring,20270732,4.302114220422482e-17,1.9984014443252818e-14,3.053113317719181e-17,2.6645352591003757e-15,0.5829705141925385,0.004459629811589316,coarse_sketch,0.72,0.42000000000000004,0.0,1.0,0.0,0.0,1.0,0.72,1.0,0.5800000000000001,1.0,0.42000000000000004
10,ring,20270733,4.649058915617843e-17,4.6629367034256575e-15,2.7755575615628914e-17,2.886579864025407e-15,0.593147774522208,0.0031255789571187353,coarse_sketch,0.72,0.42000000000000004,0.0,1.0,0.0,0.0,1.0,0.72,1.0,0.5800000000000001,1.0,0.42000000000000004
10,ring,20270734,3.8857805861880476e-17,9.325873406851315e-15,2.489328188026718e-17,1.2212453270876722e-15,0.5991257571790092,0.004005260241724429,coarse_sketch,0.72,0.42000000000000004,0.0,1.0,0.0,0.0,1.0,0.72,1.0,0.5800000000000001,1.0,0.42000000000000004
10,sparse_blocks,20270820,1.0789980020575741e-16,3.197442310920451e-15,2.914335439641036e-17,3.1086244689504383e-15,0.5985343007534037,0.0035886647655523074,coarse_sketch,0.72,0.42000000000000004,0.0,1.0,0.0,0.0,1.0,0.72,1.0,0.5800000000000001,1.0,0.42000000000000004
10,sparse_blocks,20270821,3.434752482434078e-17,4.6629367034256575e-15,4.5796699765787705e-17,2.4424906541753444e-15,0.6130452368878723,0.004278278352443765,coarse_sketch,0.72,0.42000000000000004,0.0,1.0,0.0,0.0,1.0,0.72,1.0,0.5800000000000001,1.0,0.42000000000000004
10,sparse_blocks,20270822,7.0082828429463e-17,3.1086244689504383e-15,4.649058915617843e-17,2.9976021664879227e-15,0.6388544925080473,0.005235379192555012,coarse_sketch,0.72,0.42000000000000004,0.0,1.0,0.0,0.0,1.0,0.72,1.0,0.5800000000000001,1.0,0.42000000000000004
10,sparse_blocks,20270823,8.534839501805891e-17,2.886579864025407e-15,2.5153490401663703e-17,1.1102230246251565e-15,0.5984616113889097,0.00509522706988097,coarse_sketch,0.72,0.42000000000000004,0.0,1.0,0.0,0.0,1.0,0.72,1.0,0.5800000000000001,1.0,0.42000000000000004
10,sparse_blocks,20270824,2.42861286636753e-17,7.105427357601002e-15,2.2204460492503132e-17,2.1094237467877974e-15,0.7105049007681804,0.008019018889641627,coarse_sketch,0.72,0.42000000000000004,0.0,1.0,0.0,0.0,1.0,0.72,1.0,0.5800000000000001,1.0,0.42000000000000004
10,sparse_blocks,20270825,4.4408920985006264e-17,3.9968028886505635e-15,3.8857805861880476e-17,1.7763568394002505e-15,0.6313264267768093,0.0036172797129729872,coarse_sketch,0.72,0.42000000000000004,0.0,1.0,0.0,0.0,1.0,0.72,1.0,0.5800000000000001,1.0,0.42000000000000004
10,sparse_blocks,20270826,3.677613769070831e-17,5.638545186315014e-15,3.0704605524789484e-17,1.3211653993039363e-15,0.640103270083841,0.005622765452773182,coarse_sketch,0.72,0.42000000000000004,0.0,1.0,0.0,0.0,1.0,0.72,1.0,0.5800000000000001,1.0,0.42000000000000004
10,sparse_blocks,20270827,3.903127820947816e-17,3.9968028886505635e-15,6.192962809237202e-17,1.6903145549918008e-15,0.6084927352748122,0.007000314358523996,coarse_sketch,0.72,0.42000000000000004,0.0,1.0,0.0,0.0,1.0,0.72,1.0,0.5800000000000001,1.0,0.42000000000000004
10,sparse_blocks,20270828,3.087807787238717e-17,3.552713678800501e-15,4.9613091412936685e-17,1.2212453270876722e-15,0.6324166651426468,0.0023101340206743703,coarse_sketch,0.72,0.42000000000000004,0.0,1.0,0.0,0.0,1.0,0.72,1.0,0.5800000000000001,1.0,0.42000000000000004
10,sparse_blocks,20270829,4.85722573273506e-17,2.6645352591003757e-15,4.649058915617843e-17,2.3314683517128287e-15,0.6530122529920855,0.005012448904421429,coarse_sketch,0.72,0.42000000000000004,0.0,1.0,0.0,0.0,1.0,0.72,1.0,0.5800000000000001,1.0,0.42000000000000004
10,sparse_blocks,20270830,3.2612801348363975e-17,3.1086244689504383e-15,3.3306690738754695e-17,1.7763568394002505e-15,0.6053459125430848,0.005491854323359968,coarse_sketch,0.72,0.42000000000000004,0.0,1.0,0.0,0.0,1.0,0.72,1.0,0.5800000000000001,1.0,0.42000000000000004
10,sparse_blocks,20270831,4.0245584642661923e-17,3.1086244689504383e-15,3.2612801348363975e-17,2.4424906541753444e-15,0.6085455944263731,0.0037236252493517696,coarse_sketch,0.72,0.42000000000000004,0.0,1.0,0.0,0.0,1.0,0.72,1.0,0.5800000000000001,1.0,0.42000000000000004
10,sparse_blocks,20270832,4.5796699765787705e-17,2.597921877622866e-15,2.706168622523819e-17,1.7763568394002505e-15,0.6326323742223623,0.004800472295883429,coarse_sketch,0.72,0.42000000000000004,0.0,1.0,0.0,0.0,1.0,0.72,1.0,0.5800000000000001,1.0,0.42000000000000004
10,sparse_blocks,20270833,4.4408920985006264e-17,4.218847493575595e-15,3.8857805861880476e-17,2.886579864025407e-15,0.6202440128661711,0.004355203098676208,coarse_sketch,0.72,0.42000000000000004,0.0,1.0,0.0,0.0,1.0,0.72,1.0,0.5800000000000001,1.0,0.42000000000000004
10,sparse_blocks,20270834,3.6006354148243605e-17,2.4424906541753444e-15,4.7704895589362195e-17,2.4424906541753444e-15,0.5768615325402108,0.00474380521162332,coarse_sketch,0.72,0.42000000000000004,0.0,1.0,0.0,0.0,1.0,0.72,1.0,0.5800000000000001,1.0,0.42000000000000004
10,sparse_blocks,20270835,7.632783294297951e-17,2.220446049250313e-15,1.9428902930940238e-17,2.220446049250313e-15,0.5964181453369759,0.0033462340048848738,coarse_sketch,0.72,0.42000000000000004,0.0,1.0,0.0,0.0,1.0,0.72,1.0,0.5800000000000001,1.0,0.42000000000000004
50,two_cluster,20310517,8.534839501805891e-17,4.6851411639181606e-14,4.302114220422482e-17,2.4424906541753444e-15,1.2489069776632198,0.004050759767265433,summary,1.0,-0.58,0.0,1.0,1.0,1.0,1.0,0.72,1.0,0.5800000000000001,1.0,0.42000000000000004
50,two_cluster,20310518,5.5294310796760726e-17,2.90878432451791e-14,5.342948306008566e-17,2.886579864025407e-15,1.2658537211724232,0.003049994793484778,summary,1.0,-0.58,0.0,1.0,1.0,1.0,1.0,0.72,1.0,0.5800000000000001,1.0,0.42000000000000004
50,two_cluster,20310519,4.926614671774132e-17,5.972999872483342e-14,4.5796699765787705e-17,2.4424906541753444e-15,1.2458295524333305,0.002947266386905012,summary,1.0,-0.58,0.0,1.0,1.0,1.0,1.0,0.72,1.0,0.5800000000000001,1.0,0.42000000000000004
50,two_cluster,20310520,6.106226635438361e-17,1.1102230246251565e-14,4.4408920985006264e-17,3.1086244689504383e-15,1.2593154943566398,0.00357295649201661,summary,1.0,-0.58,0.0,1.0,1.0,1.0,1.0,0.72,1.0,0.5800000000000001,1.0,0.42000000000000004
50,two_cluster,20310521,4.9960036108132046e-17,1.4729883979214266e-14,3.95516952522712e-17,3.219646771412954e-15,1.2328349663494576,0.0035162403720638835,summary,1.0,-0.58,0.0,1.0,1.0,1.0,1.0,0.72,1.0,0.5800000000000001,1.0,0.42000000000000004
50,two_cluster,20310522,7.632783294297951e-17,2.2870594307278225e-14,4.85722573273506e-17,2.4424906541753444e-15,1.2670099984166823,0.003136661050472611,summary,1.0,-0.58,0.0,1.0,1.0,1.0,1.0,0.72,1.0,0.5800000000000001,1.0,0.42000000000000004
50,two_cluster,20310523,4.85722573273506e-17,2.0894397323445445e-14,4.0245584642661923e-17,2.220446049250313e-15,1.2382279302741215,0.003373851721473864,summary,1.0,-0.58,0.0,1.0,1.0,1.0,1.0,0.72,1.0,0.5800000000000001,1.0,0.42000000000000004
50,two_cluster,20310524,6.626643678231404e-17,5.1514348342607263e-14,6.661338147750939e-17,2.886579864025407e-15,1.2752009243693232,0.0033975936793058104,summary,1.0,-0.58,0.0,1.0,1.0,1.0,1.0,0.72,1.0,0.5800000000000001,1.0,0.42000000000000004
50,two_cluster,20310525,4.40619762898109e-17,7.749356711883593e-14,8.604228440844963e-17,2.1094237467877974e-15,1.2314296637973545,0.004188484887502897,summary,1.0,-0.58,0.0,1.0,1.0,1.0,1.0,0.72,1.0,0.5800000000000001,1.0,0.42000000000000004
50,two_cluster,20310526,4.5796699765787705e-17,1.4210854715202004e-14,7.147060721024446e-17,3.552713678800501e-15,1.2683272335634992,0.002993058249536329,summary,1.0,-0.58,0.0,1.0,1.0,1.0,1.0,0.72,1.0,0.5800000000000001,1.0,0.42000000000000004
50,two_cluster,20310527,9.818534874028728e-17,1.5765166949677223e-14,5.204170427930421e-17,1.8708992688409865e-15,1.2544186706504807,0.0036070339078968505,summary,1.0,-0.58,0.0,1.0,1.0,1.0,1.0,0.72,1.0,0.5800000000000001,1.0,0.42000000000000004
50,two_cluster,20310528,6.453171330633723e-17,1.3647416530204736e-14,5.412337245047638e-17,3.219646771412954e-15,1.26680256293003,0.0038507929937188212,summary,1.0,-0.58,0.0,1.0,1.0,1.0,1.0,0.72,1.0,0.5800000000000001,1.0,0.42000000000000004
50,two_cluster,20310529,6.730727086790011e-17,1.7319479184152442e-14,5.551115123125783e-17,2.4424906541753444e-15,1.2602981027466544,0.0033161334234350637,summary,1.0,-0.58,0.0,1.0,1.0,1.0,1.0,0.72,1.0,0.5800000000000001,1.0,0.42000000000000004
50,two_cluster,20310530,5.689893001203927e-17,2.5202062658991053e-14,3.608224830031759e-17,3.219646771412954e-15,1.262413099859914,0.0032112853758388127,summary,1.0,-0.58,0.0,1.0,1.0,1.0,1.0,0.72,1.0,0.5800000000000001,1.0,0.42000000000000004
50,two_cluster,20310531,5.412337245047638e-17,3.241851231905457e-14,7.216449660063518e-17,2.220446049250313e-15,1.2530061497049092,0.0031006464514786725,summary,1.0,-0.58,0.0,1.0,1.0,1.0,1.0,0.72,1.0,0.5800000000000001,1.0,0.42000000000000004
50,two_cluster,20310532,7.979727989493313e-17,3.530509218307998e-14,4.5796699765787705e-17,2.4424906541753444e-15,1.243332670089898,0.0032500165557254324,summary,1.0,-0.58,0.0,1.0,1.0,1.0,1.0,0.72,1.0,0.5800000000000001,1.0,0.42000000000000004
50,four_cluster,20310618,8.257283745649602e-17,1.6653345369377348e-14,4.4408920985006264e-17,2.4424906541753444e-15,1.2456049837722272,0.004162916623513535,coarse_sketch,0.72,0.42000000000000004,0.0,1.0,0.0,0.0,1.0,0.72,1.0,0.5800000000000001,1.0,0.42000000000000004
50,four_cluster,20310619,5.828670879282072e-17,1.176836406102666e-14,4.128641872824801e-17,2.886579864025407e-15,1.2615980215006941,0.004145647823225795,coarse_sketch,0.72,0.42000000000000004,0.0,1.0,0.0,0.0,1.0,0.72,1.0,0.5800000000000001,1.0,0.42000000000000004
50,four_cluster,20310620,5.204170427930421e-17,2.4202861936828413e-14,1.2628786905111155e-16,2.1094237467877974e-15,1.2466997354079297,0.003034852497968865,coarse_sketch,0.72,0.42000000000000004,0.0,1.0,0.0,0.0,1.0,0.72,1.0,0.5800000000000001,1.0,0.42000000000000004
50,four_cluster,20310621,5.828670879282072e-17,2.731148640577885e-14,4.9960036108132046e-17,3.219646771412954e-15,1.2568637988689173,0.002914471388977713,coarse_sketch,0.72,0.42000000000000004,0.0,1.0,0.0,0.0,1.0,0.72,1.0,0.5800000000000001,1.0,0.42000000000000004
50,four_cluster,20310622,5.676882575134101e-17,1.1296519275560968e-14,4.371503159461554e-17,2.4424906541753444e-15,1.2659992659436299,0.003909658094556789,coarse_sketch,0.72,0.42000000000000004,0.0,1.0,0.0,0.0,1.0,0.72,1.0,0.5800000000000001,1.0,0.42000000000000004
50,four_cluster,20310623,4.787836793695988e-17,1.554312234475219e-14,5.2735593669694933e-17,3.552713678800501e-15,1.2693646527766378,0.0036095091768093557,coarse_sketch,0.72,0.42000000000000004,0.0,1.0,0.0,0.0,1.0,0.72,1.0,0.5800000000000001,1.0,0.42000000000000004
50,four_cluster,20310624,4.891920202254596e-17,2.6201263381153694e-14,6.106226635438361e-17,3.552713678800501e-15,1.2561008258234834,0.002718934452929256,coarse_sketch,0.72,0.42000000000000004,0.0,1.0,0.0,0.0,1.0,0.72,1.0,0.5800000000000001,1.0,0.42000000000000004
50,four_cluster,20310625,6.904199434387692e-17,5.717648576819556e-14,3.86843335142828e-17,2.6645352591003757e-15,1.241653485735269,0.003610728396270746,coarse_sketch,0.72,0.42000000000000004,0.0,1.0,0.0,0.0,1.0,0.72,1.0,0.5800000000000001,1.0,0.42000000000000004
50,four_cluster,20310626,6.591949208711867e-17,1.354472090042691e-14,4.909267437014364e-17,2.220446049250313e-15,1.2398328809765649,0.003171070398961584,coarse_sketch,0.72,0.42000000000000004,0.0,1.0,0.0,0.0,1.0,0.72,1.0,0.5800000000000001,1.0,0.42000000000000004
50,four_cluster,20310627,4.926614671774132e-17,6.084022174945858e-14,5.689893001203927e-17,2.6645352591003757e-15,1.2513178911436147,0.004928299162840988,coarse_sketch,0.72,0.42000000000000004,0.0,1.0,0.0,0.0,1.0,0.72,1.0,0.5800000000000001,1.0,0.42000000000000004
50,four_cluster,20310628,5.551115123125783e-17,4.6851411639181606e-14,5.2735593669694933e-17,3.552713678800501e-15,1.2608069730032596,0.0033539446391728234,coarse_sketch,0.72,0.42000000000000004,0.0,1.0,0.0,0.0,1.0,0.72,1.0,0.5800000000000001,1.0,0.42000000000000004
50,four_cluster,20310629,9.43689570931383e-17,2.6201263381153694e-14,5.412337245047638e-17,2.4424906541753444e-15,1.2568552554817651,0.003694221235755135,coarse_sketch,0.72,0.42000000000000004,0.0,1.0,0.0,0.0,1.0,0.72,1.0,0.5800000000000001,1.0,0.42000000000000004
50,four_cluster,20310630,4.163336342344337e-17,1.822986206434507e-14,5.342948306008566e-17,2.4424906541753444e-15,1.2511523565258666,0.0037699343697128462,coarse_sketch,0.72,0.42000000000000004,0.0,1.0,0.0,0.0,1.0,0.72,1.0,0.5800000000000001,1.0,0.42000000000000004
50,four_cluster,20310631,5.967448757360216e-17,5.306866057708248e-14,8.881784197001253e-17,2.3314683517128287e-15,1.244420374191201,0.0032000705504402482,coarse_sketch,0.72,0.42000000000000004,0.0,1.0,0.0,0.0,1.0,0.72,1.0,0.5800000000000001,1.0,0.42000000000000004
50,four_cluster,20310632,5.2735593669694933e-17,3.7969627442180354e-14,4.7444687067965676e-17,2.886579864025407e-15,1.2551732373300186,0.003632788947449228,coarse_sketch,0.72,0.42000000000000004,0.0,1.0,0.0,0.0,1.0,0.72,1.0,0.5800000000000001,1.0,0.42000000000000004
50,four_cluster,20310633,6.661338147750939e-17,1.8096635301390052e-14,4.2153780466236414e-17,2.220446049250313e-15,1.23939860132007,0.002636378893006608,coarse_sketch,0.72,0.42000000000000004,0.0,1.0,0.0,0.0,1.0,0.72,1.0,0.5800000000000001,1.0,0.42000000000000004
50,ring,20310719,4.649058915617843e-17,1.0658141036401503e-14,5.2735593669694933e-17,2.1094237467877974e-15,1.276811006413646,0.004372242760942058,coarse_sketch,0.72,0.42000000000000004,0.0,1.0,0.0,0.0,1.0,0.72,1.0,0.5800000000000001,1.0,0.42000000000000004
50,ring,20310720,7.0082828429463e-17,2.631228568361621e-14,6.279698983036042e-17,2.220446049250313e-15,1.271325099108371,0.004156828291894232,coarse_sketch,0.72,0.42000000000000004,0.0,1.0,0.0,0.0,1.0,0.72,1.0,0.5800000000000001,1.0,0.42000000000000004
50,ring,20310721,7.73686670285656e-17,8.215650382226158e-15,4.926614671774132e-17,2.220446049250313e-15,1.2505678257343777,0.0037392546518908443,coarse_sketch,0.72,0.42000000000000004,0.0,1.0,0.0,0.0,1.0,0.72,1.0,0.5800000000000001,1.0,0.42000000000000004
50,ring,20310722,6.245004513516506e-17,1.9539925233402755e-14,4.302114220422482e-17,2.4424906541753444e-15,1.2568979073229425,0.00408808731717758,coarse_sketch,0.72,0.42000000000000004,0.0,1.0,0.0,0.0,1.0,0.72,1.0,0.5800000000000001,1.0,0.42000000000000004
50,ring,20310723,6.002143226879753e-17,1.3988810110276972e-14,5.4817261840867107e-17,2.4424906541753444e-15,1.266249427357967,0.003463653248056753,coarse_sketch,0.72,0.42000000000000004,0.0,1.0,0.0,0.0,1.0,0.72,1.0,0.5800000000000001,1.0,0.42000000000000004
50,ring,20310724,6.591949208711867e-17,2.5757174171303632e-14,1.0963452368173421e-16,2.4424906541753444e-15,1.254025225943152,0.0033590999271084776,coarse_sketch,0.72,0.42000000000000004,0.0,1.0,0.0,0.0,1.0,0.72,1.0,0.5800000000000001,1.0,0.42000000000000004
50,ring,20310725,6.661338147750939e-17,8.881784197001252e-15,4.302114220422482e-17,2.220446049250313e-15,1.2366141634813845,0.003599643790693108,coarse_sketch,0.72,0.42000000000000004,0.0,1.0,0.0,0.0,1.0,0.72,1.0,0.5800000000000001,1.0,0.42000000000000004
50,ring,20310726,5.342948306008566e-17,1.4654943925052066e-14,4.5536491244391186e-17,2.4424906541753444e-15,1.2725761580631396,0.00248966958461172,coarse_sketch,0.72,0.42000000000000004,0.0,1.0,0.0,0.0,1.0,0.72,1.0,0.5800000000000001,1.0,0.42000000000000004
50,ring,20310727,4.718447854656915e-17,1.354472090042691e-14,4.5449755070592345e-17,1.898481372109018e-15,1.2861386647811595,0.003848032667356671,coarse_sketch,0.72,0.42000000000000004,0.0,1.0,0.0,0.0,1.0,0.72,1.0,0.5800000000000001,1.0,0.42000000000000004
50,ring,20310728,6.314393452555578e-17,1.8096635301390052e-14,4.4408920985006264e-17,2.886579864025407e-15,1.2664106638223314,0.004034455102625678,coarse_sketch,0.72,0.42000000000000004,0.0,1.0,0.0,0.0,1.0,0.72,1.0,0.5800000000000001,1.0,0.42000000000000004
50,ring,20310729,8.118505867571457e-17,1.4432899320127035e-14,5.2735593669694933e-17,2.886579864025407e-15,1.2418510069719877,0.0037664512099295777,coarse_sketch,0.72,0.42000000000000004,0.0,1.0,0.0,0.0,1.0,0.72,1.0,0.5800000000000001,1.0,0.42000000000000004
50,ring,20310730,4.5796699765787705e-17,1.176836406102666e-14,4.649058915617843e-17,2.220446049250313e-15,1.2590183353636735,0.004118266880815069,coarse_sketch,0.72,0.42000000000000004,0.0,1.0,0.0,0.0,1.0,0.72,1.0,0.5800000000000001,1.0,0.42000000000000004
50,ring,20310731,8.18789480661053e-17,6.8833827526759706e-15,6.591949208711867e-17,2.886579864025407e-15,1.238061735183779,0.003351307012176452,coarse_sketch,0.72,0.42000000000000004,0.0,1.0,0.0,0.0,1.0,0.72,1.0,0.5800000000000001,1.0,0.42000000000000004
50,ring,20310732,8.87744738831131e-17,9.43689570931383e-15,5.134781488891349e-17,2.6645352591003757e-15,1.27099774597324,0.0034725288787051944,coarse_sketch,0.72,0.42000000000000004,0.0,1.0,0.0,0.0,1.0,0.72,1.0,0.5800000000000001,1.0,0.42000000000000004
50,ring,20310733,4.9960036108132046e-17,8.615330671091214e-15,5.828670879282072e-17,2.6645352591003757e-15,1.2321923978368288,0.0035961311431844667,coarse_sketch,0.72,0.42000000000000004,0.0,1.0,0.0,0.0,1.0,0.72,1.0,0.5800000000000001,1.0,0.42000000000000004
50,ring,20310734,5.724587470723463e-17,3.341771304121721e-14,3.5561831257524545e-17,2.886579864025407e-15,1.2540921358994181,0.0028745568013071043,coarse_sketch,0.72,0.42000000000000004,0.0,1.0,0.0,0.0,1.0,0.72,1.0,0.5800000000000001,1.0,0.42000000000000004
50,sparse_blocks,20310820,5.2735593669694933e-17,3.219646771412954e-15,5.204170427930421e-17,3.219646771412954e-15,1.2423367333761366,0.0036626800464951703,coarse_sketch,0.72,0.42000000000000004,0.0,1.0,0.0,0.0,1.0,0.72,1.0,0.5800000000000001,1.0,0.42000000000000004
50,sparse_blocks,20310821,7.771561172376095e-17,4.6629367034256575e-15,6.245004513516506e-17,3.219646771412954e-15,1.2865781697885421,0.0039138537605227786,coarse_sketch,0.72,0.42000000000000004,0.0,1.0,0.0,0.0,1.0,0.72,1.0,0.5800000000000001,1.0,0.42000000000000004
50,sparse_blocks,20310822,6.38378239159465e-17,3.1086244689504383e-15,5.3949900102878703e-17,2.1094237467877974e-15,1.2682139190190824,0.0030527839539706836,coarse_sketch,0.72,0.42000000000000004,0.0,1.0,0.0,0.0,1.0,0.72,1.0,0.5800000000000001,1.0,0.42000000000000004
50,sparse_blocks,20310823,7.771561172376095e-17,4.218847493575595e-15,4.787836793695988e-17,2.886579864025407e-15,1.2605269336347378,0.0037335293503457656,coarse_sketch,0.72,0.42000000000000004,0.0,1.0,0.0,0.0,1.0,0.72,1.0,0.5800000000000001,1.0,0.42000000000000004
50,sparse_blocks,20310824,4.787836793695988e-17,3.885780586188048e-15,8.673617379884035e-17,2.4424906541753444e-15,1.2168127674180291,0.002958324016084646,coarse_sketch,0.72,0.42000000000000004,0.0,1.0,0.0,0.0,1.0,0.72,1.0,0.5800000000000001,1.0,0.42000000000000004
50,sparse_blocks,20310825,6.973588373426765e-17,3.9968028886505635e-15,5.2735593669694933e-17,2.886579864025407e-15,1.233823938563857,0.004166860378689519,coarse_sketch,0.72,0.42000000000000004,0.0,1.0,0.0,0.0,1.0,0.72,1.0,0.5800000000000001,1.0,0.42000000000000004
50,sparse_blocks,20310826,5.759281940243e-17,3.552713678800501e-15,5.342948306008566e-17,2.886579864025407e-15,1.2711627641369467,0.0032616778679199765,coarse_sketch,0.72,0.42000000000000004,0.0,1.0,0.0,0.0,1.0,0.72,1.0,0.5800000000000001,1.0,0.42000000000000004
50,sparse_blocks,20310827,4.5796699765787705e-17,5.551115123125783e-15,5.342948306008566e-17,2.886579864025407e-15,1.267919247494145,0.002845010907515544,coarse_sketch,0.72,0.42000000000000004,0.0,1.0,0.0,0.0,1.0,0.72,1.0,0.5800000000000001,1.0,0.42000000000000004
50,sparse_blocks,20310828,5.689893001203927e-17,7.327471962526033e-15,5.0653925498522766e-17,3.219646771412954e-15,1.261156574545142,0.003551083791740517,coarse_sketch,0.72,0.42000000000000004,0.0,1.0,0.0,0.0,1.0,0.72,1.0,0.5800000000000001,1.0,0.42000000000000004
50,sparse_blocks,20310829,7.042977312465837e-17,3.3306690738754696e-15,6.106226635438361e-17,2.6645352591003757e-15,1.2592406348518241,0.0030056793950596905,coarse_sketch,0.72,0.42000000000000004,0.0,1.0,0.0,0.0,1.0,0.72,1.0,0.5800000000000001,1.0,0.42000000000000004
50,sparse_blocks,20310830,6.938893903907228e-17,6.772360450213455e-15,5.828670879282072e-17,2.4424906541753444e-15,1.279334228290253,0.003860289257340277,coarse_sketch,0.72,0.42000000000000004,0.0,1.0,0.0,0.0,1.0,0.72,1.0,0.5800000000000001,1.0,0.42000000000000004
50,sparse_blocks,20310831,6.696032617270476e-17,3.774758283725532e-15,5.551115123125783e-17,2.886579864025407e-15,1.248891021842814,0.0031335705430961536,coarse_sketch,0.72,0.42000000000000004,0.0,1.0,0.0,0.0,1.0,0.72,1.0,0.5800000000000001,1.0,0.42000000000000004
50,sparse_blocks,20310832,7.91033905045424e-17,3.552713678800501e-15,5.551115123125783e-17,2.886579864025407e-15,1.244544571267566,0.003499251163939565,coarse_sketch,0.72,0.42000000000000004,0.0,1.0,0.0,0.0,1.0,0.72,1.0,0.5800000000000001,1.0,0.42000000000000004
50,sparse_blocks,20310833,8.257283745649602e-17,5.88418203051333e-15,6.175615574477434e-17,1.7819079545233763e-15,1.2733327496937394,0.0030494127532452175,coarse_sketch,0.72,0.42000000000000004,0.0,1.0,0.0,0.0,1.0,0.72,1.0,0.5800000000000001,1.0,0.42000000000000004
50,sparse_blocks,20310834,9.298117831235686e-17,5.773159728050814e-15,4.4408920985006264e-17,2.9976021664879227e-15,1.2863396704970393,0.0036132774653634403,coarse_sketch,0.72,0.42000000000000004,0.0,1.0,0.0,0.0,1.0,0.72,1.0,0.5800000000000001,1.0,0.42000000000000004
50,sparse_blocks,20310835,1.2776238400569185e-16,3.846922780326167e-15,5.412337245047638e-17,2.6645352591003757e-15,1.252315227569187,0.0036092576381696606,coarse_sketch,0.72,0.42000000000000004,0.0,1.0,0.0,0.0,1.0,0.72,1.0,0.5800000000000001,1.0,0.42000000000000004
128,two_cluster,20388517,9.71445146547012e-17,3.780309398848658e-14,1.0755285551056204e-16,7.438494264988549e-15,1.5199405842630538,0.003929224257087416,summary,1.0,-0.58,0.0,1.0,1.0,1.0,1.0,0.72,1.0,0.5800000000000001,1.0,0.42000000000000004
128,two_cluster,20388518,5.689893001203927e-17,1.099120794378905e-13,6.973588373426765e-17,6.8833827526759706e-15,1.537795648166478,0.0034993600129971103,summary,1.0,-0.58,0.0,1.0,1.0,1.0,1.0,0.72,1.0,0.5800000000000001,1.0,0.42000000000000004
128,two_cluster,20388519,7.077671781985372e-17,4.829470157119431e-14,1.0139458717084438e-16,5.773159728050814e-15,1.5336572297716302,0.003801448088994741,summary,1.0,-0.58,0.0,1.0,1.0,1.0,1.0,0.72,1.0,0.5800000000000001,1.0,0.42000000000000004
128,two_cluster,20388520,9.575673587391976e-17,1.0547118733938987e-13,7.207776042683633e-17,5.995204332975845e-15,1.5256092739381264,0.0037177644316270797,summary,1.0,-0.58,0.0,1.0,1.0,1.0,1.0,0.72,1.0,0.5800000000000001,1.0,0.42000000000000004
128,two_cluster,20388521,6.453171330633723e-17,6.550315845288424e-14,9.922618282587337e-17,7.771561172376096e-15,1.5200910154730762,0.0034710981744685565,summary,1.0,-0.58,0.0,1.0,1.0,1.0,1.0,0.72,1.0,0.5800000000000001,1.0,0.42000000000000004
128,two_cluster,20388522,7.702172233337023e-17,7.682743330406083e-14,1.0061396160665481e-16,7.771561172376096e-15,1.5445337506943113,0.0037979212581527033,summary,1.0,-0.58,0.0,1.0,1.0,1.0,1.0,0.72,1.0,0.5800000000000001,1.0,0.42000000000000004
128,two_cluster,20388523,5.412337245047638e-17,4.907185768843192e-14,1.3461454173580022e-16,7.549516567451064e-15,1.5338952093928775,0.0030398910713349547,summary,1.0,-0.58,0.0,1.0,1.0,1.0,1.0,0.72,1.0,0.5800000000000001,1.0,0.42000000000000004
128,two_cluster,20388524,7.840950111415169e-17,8.482103908136196e-14,1.3461454173580022e-16,7.105427357601002e-15,1.5403459621312372,0.003221271470466691,summary,1.0,-0.58,0.0,1.0,1.0,1.0,1.0,0.72,1.0,0.5800000000000001,1.0,0.42000000000000004
128,two_cluster,20388525,8.326672684688674e-17,1.2256862191861728e-13,6.938893903907228e-17,4.440892098500626e-15,1.5334576128947741,0.0035993122530313393,summary,1.0,-0.58,0.0,1.0,1.0,1.0,1.0,0.72,1.0,0.5800000000000001,1.0,0.42000000000000004
128,two_cluster,20388526,5.551115123125783e-17,1.2945200467129325e-13,4.7444687067965676e-17,4.218847493575595e-15,1.5306814388545085,0.0035974371179128273,summary,1.0,-0.58,0.0,1.0,1.0,1.0,1.0,0.72,1.0,0.5800000000000001,1.0,0.42000000000000004
128,two_cluster,20388527,8.951173136040325e-17,1.7341683644644945e-13,5.967448757360216e-17,9.992007221626409e-15,1.5140505709556176,0.003461053906699929,summary,1.0,-0.58,0.0,1.0,1.0,1.0,1.0,0.72,1.0,0.5800000000000001,1.0,0.42000000000000004
128,two_cluster,20388528,7.945033519973776e-17,9.037215420448774e-14,6.002143226879753e-17,4.9960036108132044e-15,1.5290803430380664,0.0031687486162821354,summary,1.0,-0.58,0.0,1.0,1.0,1.0,1.0,0.72,1.0,0.5800000000000001,1.0,0.42000000000000004
128,two_cluster,20388529,1.0200174038743625e-16,2.080662031556102e-14,6.019490461639521e-17,4.9960036108132044e-15,1.5270143377159304,0.0033952702811310687,summary,1.0,-0.58,0.0,1.0,1.0,1.0,1.0,0.72,1.0,0.5800000000000001,1.0,0.42000000000000004
128,two_cluster,20388530,8.881784197001253e-17,3.191891195797325e-14,9.71445146547012e-17,7.771561172376096e-15,1.535297895805082,0.0029646689199425147,summary,1.0,-0.58,0.0,1.0,1.0,1.0,1.0,0.72,1.0,0.5800000000000001,1.0,0.42000000000000004
128,two_cluster,20388531,6.522560269672795e-17,8.471001677889944e-14,6.216815257031882e-17,6.661338147750939e-15,1.5390346932175392,0.0032514204104712174,summary,1.0,-0.58,0.0,1.0,1.0,1.0,1.0,0.72,1.0,0.5800000000000001,1.0,0.42000000000000004
128,two_cluster,20388532,6.38378239159465e-17,5.081768339465498e-14,5.967448757360216e-17,5.995204332975845e-15,1.5286597854367876,0.003513196013360975,summary,1.0,-0.58,0.0,1.0,1.0,1.0,1.0,0.72,1.0,0.5800000000000001,1.0,0.42000000000000004
128,four_cluster,20388618,6.730727086790011e-17,3.26405569239796e-14,5.828670879282072e-17,5.329070518200751e-15,1.542639274982716,0.003640078453279738,coarse_sketch,0.72,0.42000000000000004,0.0,1.0,0.0,0.0,1.0,0.72,1.0,0.5800000000000001,1.0,0.42000000000000004
128,four_cluster,20388619,7.840950111415169e-17,5.617728504603292e-14,6.661338147750939e-17,5.329070518200751e-15,1.5316367455632773,0.003483101058228133,coarse_sketch,0.72,0.42000000000000004,0.0,1.0,0.0,0.0,1.0,0.72,1.0,0.5800000000000001,1.0,0.42000000000000004
128,four_cluster,20388620,8.18789480661053e-17,4.207745263329343e-14,7.025630077706069e-17,5.329070518200751e-15,1.5412092557096122,0.0036369546469661174,coarse_sketch,0.72,0.42000000000000004,0.0,1.0,0.0,0.0,1.0,0.72,1.0,0.5800000000000001,1.0,0.42000000000000004
128,four_cluster,20388621,1.249000902703301e-16,6.084022174945858e-14,5.4817261840867107e-17,5.995204332975845e-15,1.5319165024990948,0.0034206134947474265,coarse_sketch,0.72,0.42000000000000004,0.0,1.0,0.0,0.0,1.0,0.72,1.0,0.5800000000000001,1.0,0.42000000000000004
128,four_cluster,20388622,7.858297346174936e-17,3.441691376337985e-14,8.049116928532385e-17,5.773159728050814e-15,1.5390847027175805,0.0033601262732536608,coarse_sketch,0.72,0.42000000000000004,0.0,1.0,0.0,0.0,1.0,0.72,1.0,0.5800000000000001,1.0,0.42000000000000004
128,four_cluster,20388623,5.551115123125783e-17,2.1849189124623082e-14,6.245004513516506e-17,6.661338147750939e-15,1.533904688180399,0.003918166397597567,coarse_sketch,0.72,0.42000000000000004,0.0,1.0,0.0,0.0,1.0,0.72,1.0,0.5800000000000001,1.0,0.42000000000000004
128,four_cluster,20388624,8.604228440844963e-17,4.440892098500626e-14,6.938893903907228e-17,7.771561172376096e-15,1.5311888529544027,0.0030942650739078648,coarse_sketch,0.72,0.42000000000000004,0.0,1.0,0.0,0.0,1.0,0.72,1.0,0.5800000000000001,1.0,0.42000000000000004
128,four_cluster,20388625,6.591949208711867e-17,7.815970093361102e-14,6.38378239159465e-17,5.551115123125783e-15,1.5210356402400977,0.0037987613301400103,coarse_sketch,0.72,0.42000000000000004,0.0,1.0,0.0,0.0,1.0,0.72,1.0,0.5800000000000001,1.0,0.42000000000000004
128,four_cluster,20388626,9.298117831235686e-17,5.88418203051333e-14,7.077671781985372e-17,4.6629367034256575e-15,1.513492848978499,0.003422717213796389,coarse_sketch,0.72,0.42000000000000004,0.0,1.0,0.0,0.0,1.0,0.72,1.0,0.5800000000000001,1.0,0.42000000000000004
128,four_cluster,20388627,6.938893903907228e-17,1.006972283335017e-13,6.938893903907228e-17,4.218847493575595e-15,1.5210976777677747,0.003156174867523065,coarse_sketch,0.72,0.42000000000000004,0.0,1.0,0.0,0.0,1.0,0.72,1.0,0.5800000000000001,1.0,0.42000000000000004
128,four_cluster,20388628,7.077671781985372e-17,5.728750807065808e-14,1.2420620087993938e-16,5.995204332975845e-15,1.5243153408741696,0.003243686434868831,coarse_sketch,0.72,0.42000000000000004,0.0,1.0,0.0,0.0,1.0,0.72,1.0,0.5800000000000001,1.0,0.42000000000000004
128,four_cluster,20388629,6.401129626354418e-17,6.994405055138486e-14,8.534839501805891e-17,7.105427357601002e-15,1.5332159146943916,0.00345736004228403,coarse_sketch,0.72,0.42000000000000004,0.0,1.0,0.0,0.0,1.0,0.72,1.0,0.5800000000000001,1.0,0.42000000000000004
128,four_cluster,20388630,8.881784197001253e-17,6.195044477408373e-14,8.604228440844963e-17,7.66053886991358e-15,1.5342546469550606,0.0038165157933405247,coarse_sketch,0.72,0.42000000000000004,0.0,1.0,0.0,0.0,1.0,0.72,1.0,0.5800000000000001,1.0,0.42000000000000004
128,four_cluster,20388631,8.396061623727746e-17,9.880984919163893e-14,6.175615574477434e-17,4.6629367034256575e-15,1.5271247579918048,0.003526176071263043,coarse_sketch,0.72,0.42000000000000004,0.0,1.0,0.0,0.0,1.0,0.72,1.0,0.5800000000000001,1.0,0.42000000000000004
128,four_cluster,20388632,7.494005416219807e-17,1.2367884494324244e-13,1.0026701691145945e-16,9.547918011776346e-15,1.5321585643539017,0.0036332180999507635,coarse_sketch,0.72,0.42000000000000004,0.0,1.0,0.0,0.0,1.0,0.72,1.0,0.5800000000000001,1.0,0.42000000000000004
128,four_cluster,20388633,7.355227538141662e-17,3.164135620181696e-14,6.522560269672795e-17,9.325873406851315e-15,1.53555325511301,0.003473300085406583,coarse_sketch,0.72,0.42000000000000004,0.0,1.0,0.0,0.0,1.0,0.72,1.0,0.5800000000000001,1.0,0.42000000000000004
128,ring,20388719,9.298117831235686e-17,2.90878432451791e-14,7.494005416219807e-17,6.439293542825908e-15,1.516192031102006,0.0033770911188952812,coarse_sketch,0.72,0.42000000000000004,0.0,1.0,0.0,0.0,1.0,0.72,1.0,0.5800000000000001,1.0,0.42000000000000004
128,ring,20388720,6.661338147750939e-17,4.263256414560601e-14,1.1102230246251565e-16,5.329070518200751e-15,1.5438333960227975,0.0037044469205325115,coarse_sketch,0.72,0.42000000000000004,0.0,1.0,0.0,0.0,1.0,0.72,1.0,0.5800000000000001,1.0,0.42000000000000004
128,ring,20388721,5.551115123125783e-17,2.1316282072803006e-14,6.661338147750939e-17,4.6629367034256575e-15,1.5198404937852057,0.0038458536799323984,coarse_sketch,0.72,0.42000000000000004,0.0,1.0,0.0,0.0,1.0,0.72,1.0,0.5800000000000001,1.0,0.42000000000000004
128,ring,20388722,7.042977312465837e-17,2.55351295663786e-14,1.0053806745458082e-16,5.329070518200751e-15,1.543441462293528,0.0035200984240841837,coarse_sketch,0.72,0.42000000000000004,0.0,1.0,0.0,0.0,1.0,0.72,1.0,0.5800000000000001,1.0,0.42000000000000004
128,ring,20388723,1.1162945567910753e-16,3.8413716652030416e-14,6.938893903907228e-17,6.772360450213455e-15,1.530070935937946,0.003662560523959968,coarse_sketch,0.72,0.42000000000000004,0.0,1.0,0.0,0.0,1.0,0.72,1.0,0.5800000000000001,1.0,0.42000000000000004
128,ring,20388724,8.951173136040325e-17,4.318767565791859e-14,7.216449660063518e-17,6.439293542825908e-15,1.525528989653933,0.003629814181825175,coarse_sketch,0.72,0.42000000000000004,0.0,1.0,0.0,0.0,1.0,0.72,1.0,0.5800000000000001,1.0,0.42000000000000004
128,ring,20388725,7.840950111415169e-17,5.861977570020827e-14,1.1379786002407854e-16,5.88418203051333e-15,1.5416144442553343,0.0032867599024724026,coarse_sketch,0.72,0.42000000000000004,0.0,1.0,0.0,0.0,1.0,0.72,1.0,0.5800000000000001,1.0,0.42000000000000004
128,ring,20388726,7.05165092984572e-17,8.237854842718662e-14,6.696032617270476e-17,7.105427357601002e-15,1.5386243774276012,0.0036035079798788505,coarse_sketch,0.72,0.42000000000000004,0.0,1.0,0.0,0.0,1.0,0.72,1.0,0.5800000000000001,1.0,0.42000000000000004
128,ring,20388727,8.18789480661053e-17,4.7628567756419216e-14,6.591949208711867e-17,4.6629367034256575e-15,1.5365519174181081,0.003634884818439321,coarse_sketch,0.72,0.42000000000000004,0.0,1.0,0.0,0.0,1.0,0.72,1.0,0.5800000000000001,1.0,0.42000000000000004
128,ring,20388728,5.412337245047638e-17,2.6645352591003757e-14,6.661338147750939e-17,5.551115123125783e-15,1.536455206775435,0.0033167097535682366,coarse_sketch,0.72,0.42000000000000004,0.0,1.0,0.0,0.0,1.0,0.72,1.0,0.5800000000000001,1.0,0.42000000000000004
128,ring,20388729,5.967448757360216e-17,6.372680161348399e-14,7.91033905045424e-17,5.551115123125783e-15,1.534109190343675,0.003947701356623368,coarse_sketch,0.72,0.42000000000000004,0.0,1.0,0.0,0.0,1.0,0.72,1.0,0.5800000000000001,1.0,0.42000000000000004
128,ring,20388730,7.216449660063518e-17,4.440892098500626e-14,9.8879238130678e-17,6.439293542825908e-15,1.5266476602287593,0.0033644467868136907,coarse_sketch,0.72,0.42000000000000004,0.0,1.0,0.0,0.0,1.0,0.72,1.0,0.5800000000000001,1.0,0.42000000000000004
128,ring,20388731,6.453171330633723e-17,4.829470157119431e-14,1.4294121442048891e-16,4.9960036108132044e-15,1.5304998441047366,0.003274277823571037,coarse_sketch,0.72,0.42000000000000004,0.0,1.0,0.0,0.0,1.0,0.72,1.0,0.5800000000000001,1.0,0.42000000000000004
128,ring,20388732,1.0052722543285598e-16,4.285460875053104e-14,9.575673587391976e-17,9.43689570931383e-15,1.539179331852079,0.00370238608200979,coarse_sketch,0.72,0.42000000000000004,0.0,1.0,0.0,0.0,1.0,0.72,1.0,0.5800000000000001,1.0,0.42000000000000004
128,ring,20388733,6.38378239159465e-17,3.175237850427948e-14,9.853229343548264e-17,5.773159728050814e-15,1.533389928007073,0.0033139360505511917,coarse_sketch,0.72,0.42000000000000004,0.0,1.0,0.0,0.0,1.0,0.72,1.0,0.5800000000000001,1.0,0.42000000000000004
128,ring,20388734,6.453171330633723e-17,3.4861002973229915e-14,7.494005416219807e-17,4.6629367034256575e-15,1.5467209986643977,0.003604446606790157,coarse_sketch,0.72,0.42000000000000004,0.0,1.0,0.0,0.0,1.0,0.72,1.0,0.5800000000000001,1.0,0.42000000000000004
128,sparse_blocks,20388820,1.0859368959614813e-16,1.687538997430238e-14,7.216449660063518e-17,6.439293542825908e-15,1.5326436801575773,0.0034802177780257626,coarse_sketch,0.72,0.42000000000000004,0.0,1.0,0.0,0.0,1.0,0.72,1.0,0.5800000000000001,1.0,0.42000000000000004
128,sparse_blocks,20388821,7.73686670285656e-17,1.7763568394002505e-14,7.840950111415169e-17,4.218847493575595e-15,1.5332567726108226,0.0030185245130125438,coarse_sketch,0.72,0.42000000000000004,0.0,1.0,0.0,0.0,1.0,0.72,1.0,0.5800000000000001,1.0,0.42000000000000004
128,sparse_blocks,20388822,1.5404344466674047e-16,9.547918011776346e-15,1.1934897514720432e-16,5.773159728050814e-15,1.5427642524021552,0.003186323763103127,coarse_sketch,0.72,0.42000000000000004,0.0,1.0,0.0,0.0,1.0,0.72,1.0,0.5800000000000001,1.0,0.42000000000000004
128,sparse_blocks,20388823,1.0685896612017132e-16,1.2878587085651816e-14,9.922618282587337e-17,4.440892098500626e-15,1.5243631750412006,0.003370267098061319,coarse_sketch,0.72,0.42000000000000004,0.0,1.0,0.0,0.0,1.0,0.72,1.0,0.5800000000000001,1.0,0.42000000000000004
128,sparse_blocks,20388824,9.168013570537426e-17,1.3766765505351941e-14,7.467984564080154e-17,6.661338147750939e-15,1.5377014693779112,0.003660840007051691,coarse_sketch,0.72,0.42000000000000004,0.0,1.0,0.0,0.0,1.0,0.72,1.0,0.5800000000000001,1.0,0.42000000000000004
128,sparse_blocks,20388825,7.424616477180734e-17,1.176836406102666e-14,7.73686670285656e-17,6.439293542825908e-15,1.5397142195622457,0.003199952531121264,coarse_sketch,0.72,0.42000000000000004,0.0,1.0,0.0,0.0,1.0,0.72,1.0,0.5800000000000001,1.0,0.42000000000000004
128,sparse_blocks,20388826,9.93129189996722e-17,1.7319479184152442e-14,8.743006318923108e-17,6.439293542825908e-15,1.5200953626490445,0.003679569578273423,coarse_sketch,0.72,0.42000000000000004,0.0,1.0,0.0,0.0,1.0,0.72,1.0,0.5800000000000001,1.0,0.42000000000000004
128,sparse_blocks,20388827,1.2750217548429532e-16,1.2434497875801753e-14,6.297046217795809e-17,7.105427357601002e-15,1.5202073504533327,0.0033192737416420925,coarse_sketch,0.72,0.42000000000000004,0.0,1.0,0.0,0.0,1.0,0.72,1.0,0.5800000000000001,1.0,0.42000000000000004
128,sparse_blocks,20388828,7.28583859910259e-17,1.2656542480726785e-14,6.38378239159465e-17,5.995204332975845e-15,1.5267823687921744,0.0030807767618179493,coarse_sketch,0.72,0.42000000000000004,0.0,1.0,0.0,0.0,1.0,0.72,1.0,0.5800000000000001,1.0,0.42000000000000004
128,sparse_blocks,20388829,1.6688039838896885e-16,8.215650382226158e-15,9.471590178833367e-17,6.439293542825908e-15,1.5305863233868586,0.0033130771056197883,coarse_sketch,0.72,0.42000000000000004,0.0,1.0,0.0,0.0,1.0,0.72,1.0,0.5800000000000001,1.0,0.42000000000000004
128,sparse_blocks,20388830,8.18789480661053e-17,6.306066779870889e-15,7.28583859910259e-17,7.771561172376096e-15,1.540084197561426,0.0034257476132104614,coarse_sketch,0.72,0.42000000000000004,0.0,1.0,0.0,0.0,1.0,0.72,1.0,0.5800000000000001,1.0,0.42000000000000004
128,sparse_blocks,20388831,7.311859451242242e-17,5.773159728050814e-15,7.632783294297951e-17,6.661338147750939e-15,1.5301182369030133,0.003042467076786126,coarse_sketch,0.72,0.42000000000000004,0.0,1.0,0.0,0.0,1.0,0.72,1.0,0.5800000000000001,1.0,0.42000000000000004
128,sparse_blocks,20388832,6.661338147750939e-17,9.2148511043888e-15,7.91033905045424e-17,8.881784197001252e-15,1.538090490869949,0.0030933931663448266,coarse_sketch,0.72,0.42000000000000004,0.0,1.0,0.0,0.0,1.0,0.72,1.0,0.5800000000000001,1.0,0.42000000000000004
128,sparse_blocks,20388833,1.2559397966072084e-16,5.995204332975845e-15,7.528699885739343e-17,5.773159728050814e-15,1.529040005319395,0.003721086980992938,coarse_sketch,0.72,0.42000000000000004,0.0,1.0,0.0,0.0,1.0,0.72,1.0,0.5800000000000001,1.0,0.42000000000000004
128,sparse_blocks,20388834,1.4294121442048891e-16,9.547918011776346e-15,6.38378239159465e-17,8.215650382226158e-15,1.5278783060255428,0.003670250072260295,coarse_sketch,0.72,0.42000000000000004,0.0,1.0,0.0,0.0,1.0,0.72,1.0,0.5800000000000001,1.0,0.42000000000000004
128,sparse_blocks,20388835,1.061650767297806e-16,8.548717289613705e-15,5.551115123125783e-17,5.773159728050814e-15,1.5259666614547962,0.0031161588498023196,coarse_sketch,0.72,0.42000000000000004,0.0,1.0,0.0,0.0,1.0,0.72,1.0,0.5800000000000001,1.0,0.42000000000000004
