case,ambient_dim,intrinsic_dim,n_points,seed,target_kind,mean_err,cov_err,gaussian_proxy_cd,gaussian_proxy_mmd,best_view,best_utility,summary_correct,summary_utility,local_graph_sketch_correct,local_graph_sketch_utility,higher_order_sketch_correct,higher_order_sketch_utility,point_correct,point_utility
lowrank_manifold,50,2,96,20762612,ring,2.0238440553062748e-17,0.0,0.10096229143810818,0.0035440398415984564,summary,1.0,1.0,1.0,1.0,0.72,1.0,0.5800000000000001,1.0,0.42000000000000004
lowrank_manifold,50,2,96,20762613,two_cluster,9.25185853854297e-18,0.0,0.08939005724403053,0.0014671975721674002,local_graph_sketch,0.72,0.0,0.0,1.0,0.72,1.0,0.5800000000000001,1.0,0.42000000000000004
lowrank_manifold,50,2,96,20762614,four_cluster,2.4864369822334236e-17,0.0,0.1477293550252608,0.002281399614590063,local_graph_sketch,0.72,0.0,0.0,1.0,0.72,1.0,0.5800000000000001,1.0,0.42000000000000004
lowrank_manifold,50,2,96,20762615,curve,4.452456921673805e-17,0.0,0.17060836305958912,0.010815197980232893,local_graph_sketch,0.72,0.0,0.0,1.0,0.72,1.0,0.5800000000000001,1.0,0.42000000000000004
lowrank_manifold,50,2,96,20762629,ring,1.6768993601109134e-17,0.0,0.11805318883621321,0.0037669691873982725,summary,1.0,1.0,1.0,1.0,0.72,1.0,0.5800000000000001,1.0,0.42000000000000004
lowrank_manifold,50,2,96,20762630,two_cluster,2.0383000842727483e-17,0.0,0.0849449790832845,0.0010603306414391778,local_graph_sketch,0.72,0.0,0.0,1.0,0.72,1.0,0.5800000000000001,1.0,0.42000000000000004
lowrank_manifold,50,2,96,20762631,four_cluster,2.3852447794681098e-17,0.0,0.14764579555419038,0.0025597464060216346,local_graph_sketch,0.72,0.0,0.0,1.0,0.72,1.0,0.5800000000000001,1.0,0.42000000000000004
lowrank_manifold,50,2,96,20762632,curve,9.25185853854297e-18,0.0,0.15715025848377556,0.00951276336198581,local_graph_sketch,0.72,0.0,0.0,1.0,0.72,1.0,0.5800000000000001,1.0,0.42000000000000004
lowrank_manifold,50,2,96,20762646,ring,2.1105802291051152e-17,0.0,0.12741464656583737,0.004913936100548355,summary,1.0,1.0,1.0,1.0,0.72,1.0,0.5800000000000001,1.0,0.42000000000000004
lowrank_manifold,50,2,96,20762647,two_cluster,2.0816681711721685e-17,0.0,0.11088888983863163,0.002197102935842299,local_graph_sketch,0.72,0.0,0.0,1.0,0.72,1.0,0.5800000000000001,1.0,0.42000000000000004
lowrank_manifold,50,2,96,20762648,four_cluster,2.312964634635743e-17,0.0,0.16736714415353718,0.0028377052987449414,local_graph_sketch,0.72,0.0,0.0,1.0,0.72,1.0,0.5800000000000001,1.0,0.42000000000000004
lowrank_manifold,50,2,96,20762649,curve,2.6599093298311043e-17,0.0,0.19679722296047475,0.013817889441372522,local_graph_sketch,0.72,0.0,0.0,1.0,0.72,1.0,0.5800000000000001,1.0,0.42000000000000004
lowrank_manifold,50,2,96,20762663,ring,1.835915678742121e-17,0.0,0.11225169538637232,0.0035249527494372046,summary,1.0,1.0,1.0,1.0,0.72,1.0,0.5800000000000001,1.0,0.42000000000000004
lowrank_manifold,50,2,96,20762664,two_cluster,4.5102810375396984e-17,0.0,0.10789177530173989,0.002674757170137765,local_graph_sketch,0.72,0.0,0.0,1.0,0.72,1.0,0.5800000000000001,1.0,0.42000000000000004
lowrank_manifold,50,2,96,20762665,four_cluster,4.336808689942018e-17,0.0,0.1656402597390652,0.0034024307873468107,local_graph_sketch,0.72,0.0,0.0,1.0,0.72,1.0,0.5800000000000001,1.0,0.42000000000000004
lowrank_manifold,50,2,96,20762666,curve,2.2551405187698492e-17,0.0,0.17810764580637128,0.011673792934975502,local_graph_sketch,0.72,0.0,0.0,1.0,0.72,1.0,0.5800000000000001,1.0,0.42000000000000004
lowrank_manifold,50,2,96,20762680,ring,2.6599093298311043e-17,0.0,0.11901793030524409,0.005200504285125085,summary,1.0,1.0,1.0,1.0,0.72,1.0,0.5800000000000001,1.0,0.42000000000000004
lowrank_manifold,50,2,96,20762681,two_cluster,1.3010426069826053e-17,0.0,0.10211673481677296,0.0023466556080375955,local_graph_sketch,0.72,0.0,0.0,1.0,0.72,1.0,0.5800000000000001,1.0,0.42000000000000004
lowrank_manifold,50,2,96,20762682,four_cluster,1.9660199394403815e-17,0.0,0.1749321553745317,0.0029138916555788708,local_graph_sketch,0.72,0.0,0.0,1.0,0.72,1.0,0.5800000000000001,1.0,0.42000000000000004
lowrank_manifold,50,2,96,20762683,curve,2.2551405187698492e-17,0.0,0.17126289952487603,0.013157152922139037,local_graph_sketch,0.72,0.0,0.0,1.0,0.72,1.0,0.5800000000000001,1.0,0.42000000000000004
lowrank_manifold,50,2,96,20762697,ring,1.7925475918427008e-17,0.0,0.10624497324265983,0.003674305627233476,summary,1.0,1.0,1.0,1.0,0.72,1.0,0.5800000000000001,1.0,0.42000000000000004
lowrank_manifold,50,2,96,20762698,two_cluster,2.6359665318553827e-17,0.0,0.10717103614104996,0.003288025497724334,local_graph_sketch,0.72,0.0,0.0,1.0,0.72,1.0,0.5800000000000001,1.0,0.42000000000000004
lowrank_manifold,50,2,96,20762699,four_cluster,3.23815048849004e-17,0.0,0.14213579935575632,0.0021808351356336075,local_graph_sketch,0.72,0.0,0.0,1.0,0.72,1.0,0.5800000000000001,1.0,0.42000000000000004
lowrank_manifold,50,2,96,20762700,curve,1.9949319973733282e-17,0.0,0.1607266013741177,0.011345090328059193,local_graph_sketch,0.72,0.0,0.0,1.0,0.72,1.0,0.5800000000000001,1.0,0.42000000000000004
lowrank_manifold,50,2,96,20762714,ring,3.180326372624146e-17,0.0,0.09160923581900605,0.0031545808999069447,summary,1.0,1.0,1.0,1.0,0.72,1.0,0.5800000000000001,1.0,0.42000000000000004
lowrank_manifold,50,2,96,20762715,two_cluster,1.1564823173178714e-17,0.0,0.10110186361745126,0.002538052788993994,local_graph_sketch,0.72,0.0,0.0,1.0,0.72,1.0,0.5800000000000001,1.0,0.42000000000000004
lowrank_manifold,50,2,96,20762716,four_cluster,3.122502256758253e-17,0.0,0.1762862067804806,0.003609974074500588,local_graph_sketch,0.72,0.0,0.0,1.0,0.72,1.0,0.5800000000000001,1.0,0.42000000000000004
lowrank_manifold,50,2,96,20762717,curve,1.9949319973733282e-17,0.0,0.17855333476305288,0.012534290876934362,local_graph_sketch,0.72,0.0,0.0,1.0,0.72,1.0,0.5800000000000001,1.0,0.42000000000000004
lowrank_manifold,50,2,96,20762731,ring,3.0068540250264654e-17,0.0,0.11558214280967215,0.00364264279645532,summary,1.0,1.0,1.0,1.0,0.72,1.0,0.5800000000000001,1.0,0.42000000000000004
lowrank_manifold,50,2,96,20762732,two_cluster,2.6020852139652106e-17,0.0,0.10609976106696356,0.0020548730282330396,local_graph_sketch,0.72,0.0,0.0,1.0,0.72,1.0,0.5800000000000001,1.0,0.42000000000000004
lowrank_manifold,50,2,96,20762733,four_cluster,2.891205793294679e-17,0.0,0.1703031289197973,0.002084142101838271,local_graph_sketch,0.72,0.0,0.0,1.0,0.72,1.0,0.5800000000000001,1.0,0.42000000000000004
lowrank_manifold,50,2,96,20762734,curve,9.830099697201907e-18,0.0,0.1577006180638176,0.011305174912092042,local_graph_sketch,0.72,0.0,0.0,1.0,0.72,1.0,0.5800000000000001,1.0,0.42000000000000004
lowrank_manifold,50,2,96,20762748,ring,1.5034270125132327e-17,0.0,0.10161872262179016,0.003417429818602491,summary,1.0,1.0,1.0,1.0,0.72,1.0,0.5800000000000001,1.0,0.42000000000000004
lowrank_manifold,50,2,96,20762749,two_cluster,2.312964634635743e-17,0.0,0.12016871293387603,0.003044938290245991,local_graph_sketch,0.72,0.0,0.0,1.0,0.72,1.0,0.5800000000000001,1.0,0.42000000000000004
lowrank_manifold,50,2,96,20762750,four_cluster,2.1973164029039556e-17,0.0,0.17747855718950373,0.0024025046173439257,local_graph_sketch,0.72,0.0,0.0,1.0,0.72,1.0,0.5800000000000001,1.0,0.42000000000000004
lowrank_manifold,50,2,96,20762751,curve,1.3299546649155522e-17,0.0,0.19536076221178106,0.01298720917068552,local_graph_sketch,0.72,0.0,0.0,1.0,0.72,1.0,0.5800000000000001,1.0,0.42000000000000004
lowrank_manifold,50,2,96,20762765,ring,1.850371707708594e-17,0.0,0.10578846806514186,0.003221743620545281,summary,1.0,1.0,1.0,1.0,0.72,1.0,0.5800000000000001,1.0,0.42000000000000004
lowrank_manifold,50,2,96,20762766,two_cluster,6.938893903907228e-18,0.0,0.09000484394187955,0.0018596530144561196,local_graph_sketch,0.72,0.0,0.0,1.0,0.72,1.0,0.5800000000000001,1.0,0.42000000000000004
lowrank_manifold,50,2,96,20762767,four_cluster,1.9081958235744878e-17,0.0,0.14929727379113686,0.001968798531756244,local_graph_sketch,0.72,0.0,0.0,1.0,0.72,1.0,0.5800000000000001,1.0,0.42000000000000004
lowrank_manifold,50,2,96,20762768,curve,2.312964634635743e-17,0.0,0.17879496963000321,0.010142486944235918,local_graph_sketch,0.72,0.0,0.0,1.0,0.72,1.0,0.5800000000000001,1.0,0.42000000000000004
lowrank_manifold,50,2,192,20762708,ring,1.1853943752508181e-17,0.0,0.11248018533967119,0.0059660538875689895,summary,1.0,1.0,1.0,1.0,0.72,1.0,0.5800000000000001,1.0,0.42000000000000004
lowrank_manifold,50,2,192,20762709,two_cluster,2.862293735361732e-17,0.0,0.09412246607087182,0.0021775608328531426,local_graph_sketch,0.72,0.0,0.0,1.0,0.72,1.0,0.5800000000000001,1.0,0.42000000000000004
lowrank_manifold,50,2,192,20762710,four_cluster,1.3950067952646823e-17,0.0,0.1534784741641754,0.0028993667929280154,local_graph_sketch,0.72,0.0,0.0,1.0,0.72,1.0,0.5800000000000001,1.0,0.42000000000000004
lowrank_manifold,50,2,192,20762711,curve,1.0408340855860843e-17,0.0,0.14813652249318265,0.01379175993748838,local_graph_sketch,0.72,0.0,0.0,1.0,0.72,1.0,0.5800000000000001,1.0,0.42000000000000004
lowrank_manifold,50,2,192,20762725,ring,8.962737959213504e-18,0.0,0.09372924398960444,0.002920781389132321,summary,1.0,1.0,1.0,1.0,0.72,1.0,0.5800000000000001,1.0,0.42000000000000004
lowrank_manifold,50,2,192,20762726,two_cluster,1.5178830414797062e-17,0.0,0.08357194909972938,0.0030086314847266316,local_graph_sketch,0.72,0.0,0.0,1.0,0.72,1.0,0.5800000000000001,1.0,0.42000000000000004
lowrank_manifold,50,2,192,20762727,four_cluster,2.211772431870429e-17,0.0,0.15156481657076978,0.005958663665701858,local_graph_sketch,0.72,0.0,0.0,1.0,0.72,1.0,0.5800000000000001,1.0,0.42000000000000004
lowrank_manifold,50,2,192,20762728,curve,1.0842021724855044e-17,0.0,0.17948501005309825,0.011634718330287841,local_graph_sketch,0.72,0.0,0.0,1.0,0.72,1.0,0.5800000000000001,1.0,0.42000000000000004
lowrank_manifold,50,2,192,20762742,ring,1.7419514904600437e-17,0.0,0.08300817480631528,0.004202913960844823,summary,1.0,1.0,1.0,1.0,0.72,1.0,0.5800000000000001,1.0,0.42000000000000004
lowrank_manifold,50,2,192,20762743,two_cluster,1.850371707708594e-17,0.0,0.1057980078236762,0.007561265318304589,local_graph_sketch,0.72,0.0,0.0,1.0,0.72,1.0,0.5800000000000001,1.0,0.42000000000000004
lowrank_manifold,50,2,192,20762744,four_cluster,2.42861286636753e-17,0.0,0.1817399017168726,0.005428759318754528,local_graph_sketch,0.72,0.0,0.0,1.0,0.72,1.0,0.5800000000000001,1.0,0.42000000000000004
lowrank_manifold,50,2,192,20762745,curve,1.2721305490496585e-17,0.0,0.14472821141930314,0.019936476499535782,local_graph_sketch,0.72,0.0,0.0,1.0,0.72,1.0,0.5800000000000001,1.0,0.42000000000000004
lowrank_manifold,50,2,192,20762759,ring,1.3877787807814457e-17,0.0,0.08597202442791035,0.006685080148679745,summary,1.0,1.0,1.0,1.0,0.72,1.0,0.5800000000000001,1.0,0.42000000000000004
lowrank_manifold,50,2,192,20762760,two_cluster,2.4430688953340034e-17,0.0,0.10278352564081489,0.008282551986852571,local_graph_sketch,0.72,0.0,0.0,1.0,0.72,1.0,0.5800000000000001,1.0,0.42000000000000004
lowrank_manifold,50,2,192,20762761,four_cluster,1.4166908387143924e-17,0.0,0.15039044147936617,0.004355769512869756,local_graph_sketch,0.72,0.0,0.0,1.0,0.72,1.0,0.5800000000000001,1.0,0.42000000000000004
lowrank_manifold,50,2,192,20762762,curve,2.0527561132392218e-17,0.0,0.14723202584012085,0.012174047243234787,local_graph_sketch,0.72,0.0,0.0,1.0,0.72,1.0,0.5800000000000001,1.0,0.42000000000000004
lowrank_manifold,50,2,192,20762776,ring,7.806255641895632e-18,0.0,0.08292922482115238,0.004742946133989179,summary,1.0,1.0,1.0,1.0,0.72,1.0,0.5800000000000001,1.0,0.42000000000000004
lowrank_manifold,50,2,192,20762777,two_cluster,1.2432184911167118e-17,0.0,0.10251538977603948,0.004077201045310952,local_graph_sketch,0.72,0.0,0.0,1.0,0.72,1.0,0.5800000000000001,1.0,0.42000000000000004
lowrank_manifold,50,2,192,20762778,four_cluster,2.1973164029039556e-17,0.0,0.15618309503786507,0.004952963224228224,local_graph_sketch,0.72,0.0,0.0,1.0,0.72,1.0,0.5800000000000001,1.0,0.42000000000000004
lowrank_manifold,50,2,192,20762779,curve,1.431146867680866e-17,0.0,0.1390652781062096,0.009185565382164196,local_graph_sketch,0.72,0.0,0.0,1.0,0.72,1.0,0.5800000000000001,1.0,0.42000000000000004
lowrank_manifold,50,2,192,20762793,ring,1.214306433183765e-17,0.0,0.1169975304700887,0.007103852970541835,summary,1.0,1.0,1.0,1.0,0.72,1.0,0.5800000000000001,1.0,0.42000000000000004
lowrank_manifold,50,2,192,20762794,two_cluster,1.4166908387143924e-17,0.0,0.11676903649362262,0.005503826548526991,local_graph_sketch,0.72,0.0,0.0,1.0,0.72,1.0,0.5800000000000001,1.0,0.42000000000000004
lowrank_manifold,50,2,192,20762795,four_cluster,1.4456028966473393e-17,0.0,0.14049702604414546,0.007619793771225236,local_graph_sketch,0.72,0.0,0.0,1.0,0.72,1.0,0.5800000000000001,1.0,0.42000000000000004
lowrank_manifold,50,2,192,20762796,curve,1.6479873021779667e-17,0.0,0.14733353134795452,0.012944499224228245,local_graph_sketch,0.72,0.0,0.0,1.0,0.72,1.0,0.5800000000000001,1.0,0.42000000000000004
lowrank_manifold,50,2,192,20762810,ring,2.920117851227625e-17,0.0,0.11442165037988106,0.00386652956478839,summary,1.0,1.0,1.0,1.0,0.72,1.0,0.5800000000000001,1.0,0.42000000000000004
lowrank_manifold,50,2,192,20762811,two_cluster,2.327420663602216e-17,0.0,0.10603826824889222,0.004022193776320515,local_graph_sketch,0.72,0.0,0.0,1.0,0.72,1.0,0.5800000000000001,1.0,0.42000000000000004
lowrank_manifold,50,2,192,20762812,four_cluster,1.9660199394403815e-17,0.0,0.16741908363847655,0.005508378974371064,local_graph_sketch,0.72,0.0,0.0,1.0,0.72,1.0,0.5800000000000001,1.0,0.42000000000000004
lowrank_manifold,50,2,192,20762813,curve,2.2695965477363227e-17,0.0,0.16582122987404097,0.012671847320591345,local_graph_sketch,0.72,0.0,0.0,1.0,0.72,1.0,0.5800000000000001,1.0,0.42000000000000004
lowrank_manifold,50,2,192,20762827,ring,1.5323390704461797e-17,0.0,0.10988547502261338,0.009196129886299031,summary,1.0,1.0,1.0,1.0,0.72,1.0,0.5800000000000001,1.0,0.42000000000000004
lowrank_manifold,50,2,192,20762828,two_cluster,1.7925475918427008e-17,0.0,0.08874370081894685,0.004120563872121341,local_graph_sketch,0.72,0.0,0.0,1.0,0.72,1.0,0.5800000000000001,1.0,0.42000000000000004
lowrank_manifold,50,2,192,20762829,four_cluster,2.1828603739374824e-17,0.0,0.1572073982168094,0.00815286269529758,local_graph_sketch,0.72,0.0,0.0,1.0,0.72,1.0,0.5800000000000001,1.0,0.42000000000000004
lowrank_manifold,50,2,192,20762830,curve,1.0408340855860843e-17,0.0,0.15943905597180044,0.007472301147198879,local_graph_sketch,0.72,0.0,0.0,1.0,0.72,1.0,0.5800000000000001,1.0,0.42000000000000004
lowrank_manifold,50,2,192,20762844,ring,1.8648277366750676e-17,0.0,0.09386271060474628,0.004134821748970063,summary,1.0,1.0,1.0,1.0,0.72,1.0,0.5800000000000001,1.0,0.42000000000000004
lowrank_manifold,50,2,192,20762845,two_cluster,1.546795099412653e-17,0.0,0.11132420100666147,0.0034933069622860025,local_graph_sketch,0.72,0.0,0.0,1.0,0.72,1.0,0.5800000000000001,1.0,0.42000000000000004
lowrank_manifold,50,2,192,20762846,four_cluster,1.4166908387143924e-17,0.0,0.17977391395708492,0.004494649668361994,local_graph_sketch,0.72,0.0,0.0,1.0,0.72,1.0,0.5800000000000001,1.0,0.42000000000000004
lowrank_manifold,50,2,192,20762847,curve,1.0119220276531374e-17,0.0,0.19014649391852861,0.012121292701862574,local_graph_sketch,0.72,0.0,0.0,1.0,0.72,1.0,0.5800000000000001,1.0,0.42000000000000004
lowrank_manifold,50,2,192,20762861,ring,2.168404344971009e-17,0.0,0.09127962447608627,0.006397571912246214,summary,1.0,1.0,1.0,1.0,0.72,1.0,0.5800000000000001,1.0,0.42000000000000004
lowrank_manifold,50,2,192,20762862,two_cluster,2.977941967093519e-17,0.0,0.10930110674336989,0.005569196472560378,local_graph_sketch,0.72,0.0,0.0,1.0,0.72,1.0,0.5800000000000001,1.0,0.42000000000000004
lowrank_manifold,50,2,192,20762863,four_cluster,3.0357660829594124e-17,0.0,0.15230372648801876,0.008401360643644384,local_graph_sketch,0.72,0.0,0.0,1.0,0.72,1.0,0.5800000000000001,1.0,0.42000000000000004
lowrank_manifold,50,2,192,20762864,curve,1.1600963245594897e-17,0.0,0.14497413793420866,0.011830078949594647,local_graph_sketch,0.72,0.0,0.0,1.0,0.72,1.0,0.5800000000000001,1.0,0.42000000000000004
lowrank_manifold,50,8,96,20768612,ring,2.7177334456969977e-17,0.0,0.49359842848752883,0.0007007573390367394,summary,1.0,1.0,1.0,1.0,0.72,1.0,0.5800000000000001,1.0,0.42000000000000004
lowrank_manifold,50,8,96,20768613,two_cluster,2.4430688953340034e-17,0.0,0.49153202197822127,0.0005152226478457589,local_graph_sketch,0.72,0.0,0.0,1.0,0.72,1.0,0.5800000000000001,1.0,0.42000000000000004
lowrank_manifold,50,8,96,20768614,four_cluster,2.42861286636753e-17,0.0,0.48836143521796177,0.00043855033999062876,local_graph_sketch,0.72,0.0,0.0,1.0,0.72,1.0,0.5800000000000001,1.0,0.42000000000000004
lowrank_manifold,50,8,96,20768615,curve,5.088522196198634e-17,0.0,0.4769990123913704,0.0005112814831433887,local_graph_sketch,0.72,0.0,0.0,1.0,0.72,0.0,-0.42,1.0,0.42000000000000004
lowrank_manifold,50,8,96,20768629,ring,3.469446951953614e-17,0.0,0.48718788314724926,0.0007559685394737947,summary,1.0,1.0,1.0,1.0,0.72,1.0,0.5800000000000001,1.0,0.42000000000000004
lowrank_manifold,50,8,96,20768630,two_cluster,3.0068540250264654e-17,0.0,0.5188519204504094,0.0005650267000139042,point,0.42000000000000004,0.0,0.0,0.0,-0.28,0.0,-0.42,1.0,0.42000000000000004
lowrank_manifold,50,8,96,20768631,four_cluster,4.452456921673805e-17,0.0,0.5076022746363925,0.0005169155903117506,local_graph_sketch,0.72,0.0,0.0,1.0,0.72,1.0,0.5800000000000001,1.0,0.42000000000000004
lowrank_manifold,50,8,96,20768632,curve,2.7755575615628914e-17,0.0,0.486141255269479,0.0006262114998876189,local_graph_sketch,0.72,0.0,0.0,1.0,0.72,1.0,0.5800000000000001,1.0,0.42000000000000004
lowrank_manifold,50,8,96,20768646,ring,3.122502256758253e-17,0.0,0.5031619159728694,0.0009212369391344843,summary,1.0,1.0,1.0,1.0,0.72,1.0,0.5800000000000001,1.0,0.42000000000000004
lowrank_manifold,50,8,96,20768647,two_cluster,7.45931094670027e-17,0.0,0.4996503670861478,0.0005072768063676403,summary,0.0,0.0,0.0,0.0,-0.28,0.0,-0.42,0.0,-0.58
lowrank_manifold,50,8,96,20768648,four_cluster,5.100719470639096e-17,0.0,0.47619494182667116,0.0003576346896065896,local_graph_sketch,0.72,0.0,0.0,1.0,0.72,1.0,0.5800000000000001,1.0,0.42000000000000004
lowrank_manifold,50,8,96,20768649,curve,3.353798720221827e-17,0.0,0.49301764580876223,0.0005801590158456271,point,0.42000000000000004,0.0,0.0,0.0,-0.28,0.0,-0.42,1.0,0.42000000000000004
lowrank_manifold,50,8,96,20768663,ring,3.23815048849004e-17,0.0,0.47250614476507075,0.0007029203036166276,summary,1.0,1.0,1.0,1.0,0.72,1.0,0.5800000000000001,1.0,0.42000000000000004
lowrank_manifold,50,8,96,20768664,two_cluster,3.353798720221827e-17,0.0,0.4927832538221277,0.00049182772013312,summary,0.0,0.0,0.0,0.0,-0.28,0.0,-0.42,0.0,-0.58
lowrank_manifold,50,8,96,20768665,four_cluster,3.0068540250264654e-17,0.0,0.5132274950344823,0.0005858394242317377,local_graph_sketch,0.72,0.0,0.0,1.0,0.72,0.0,-0.42,1.0,0.42000000000000004
lowrank_manifold,50,8,96,20768666,curve,2.573173156032264e-17,0.0,0.5054074823136043,0.0007116900398389525,local_graph_sketch,0.72,0.0,0.0,1.0,0.72,1.0,0.5800000000000001,1.0,0.42000000000000004
lowrank_manifold,50,8,96,20768680,ring,3.5561831257524545e-17,0.0,0.4863932157090947,0.0008400617654993336,summary,1.0,1.0,1.0,1.0,0.72,1.0,0.5800000000000001,1.0,0.42000000000000004
lowrank_manifold,50,8,96,20768681,two_cluster,3.700743415417188e-17,0.0,0.5023646587825357,0.0006029862656831142,local_graph_sketch,0.72,0.0,0.0,1.0,0.72,1.0,0.5800000000000001,1.0,0.42000000000000004
lowrank_manifold,50,8,96,20768682,four_cluster,3.498359009886561e-17,0.0,0.48744596654630173,0.0005580327125038753,local_graph_sketch,0.72,0.0,0.0,1.0,0.72,1.0,0.5800000000000001,1.0,0.42000000000000004
lowrank_manifold,50,8,96,20768683,curve,2.920117851227625e-17,0.0,0.5136683429414172,0.0005755327876322269,local_graph_sketch,0.72,0.0,0.0,1.0,0.72,1.0,0.5800000000000001,1.0,0.42000000000000004
lowrank_manifold,50,8,96,20768697,ring,2.7177334456969977e-17,0.0,0.47379309517859985,0.0007639472802596359,summary,1.0,1.0,1.0,1.0,0.72,1.0,0.5800000000000001,1.0,0.42000000000000004
lowrank_manifold,50,8,96,20768698,two_cluster,5.66676335485757e-17,0.0,0.5065134617324936,0.0005496095912245202,local_graph_sketch,0.72,0.0,0.0,1.0,0.72,1.0,0.5800000000000001,0.0,-0.58
lowrank_manifold,50,8,96,20768699,four_cluster,7.574959178432057e-17,0.0,0.5082373138100279,0.0004218425680782012,local_graph_sketch,0.72,0.0,0.0,1.0,0.72,1.0,0.5800000000000001,1.0,0.42000000000000004
lowrank_manifold,50,8,96,20768700,curve,4.394632805807911e-17,0.0,0.4839481789769264,0.0006534621413933905,local_graph_sketch,0.72,0.0,0.0,1.0,0.72,1.0,0.5800000000000001,1.0,0.42000000000000004
lowrank_manifold,50,8,96,20768714,ring,4.1055122264784437e-17,0.0,0.48329864074370615,0.0007993058158108912,summary,1.0,1.0,1.0,1.0,0.72,1.0,0.5800000000000001,1.0,0.42000000000000004
lowrank_manifold,50,8,96,20768715,two_cluster,3.122502256758253e-17,0.0,0.5125507695836106,0.0005251348463595207,local_graph_sketch,0.72,0.0,0.0,1.0,0.72,1.0,0.5800000000000001,1.0,0.42000000000000004
lowrank_manifold,50,8,96,20768716,four_cluster,3.469446951953614e-17,0.0,0.49262693424427967,0.00044583698344502487,point,0.42000000000000004,0.0,0.0,0.0,-0.28,0.0,-0.42,1.0,0.42000000000000004
lowrank_manifold,50,8,96,20768717,curve,3.382710778154774e-17,0.0,0.4966985585552941,0.0006465520984539896,local_graph_sketch,0.72,0.0,0.0,1.0,0.72,1.0,0.5800000000000001,1.0,0.42000000000000004
lowrank_manifold,50,8,96,20768731,ring,2.0238440553062748e-17,0.0,0.4753101507749931,0.0006591606287844609,summary,1.0,1.0,1.0,1.0,0.72,1.0,0.5800000000000001,1.0,0.42000000000000004
lowrank_manifold,50,8,96,20768732,two_cluster,3.5850951836854015e-17,0.0,0.4895879258814051,0.0005469785671834426,local_graph_sketch,0.72,0.0,0.0,1.0,0.72,1.0,0.5800000000000001,1.0,0.42000000000000004
lowrank_manifold,50,8,96,20768733,four_cluster,4.85722573273506e-17,0.0,0.4851748740142559,0.0005573261706992572,local_graph_sketch,0.72,0.0,0.0,1.0,0.72,1.0,0.5800000000000001,1.0,0.42000000000000004
lowrank_manifold,50,8,96,20768734,curve,3.122502256758253e-17,0.0,0.48680949806412405,0.0005319123719631502,local_graph_sketch,0.72,0.0,0.0,1.0,0.72,1.0,0.5800000000000001,1.0,0.42000000000000004
lowrank_manifold,50,8,96,20768748,ring,2.7755575615628914e-17,0.0,0.4680120474335792,0.0006686406766125419,summary,1.0,1.0,1.0,1.0,0.72,1.0,0.5800000000000001,1.0,0.42000000000000004
lowrank_manifold,50,8,96,20768749,two_cluster,2.3093506273941244e-17,0.0,0.49636981601229235,0.00044710093265454276,summary,0.0,0.0,0.0,0.0,-0.28,0.0,-0.42,0.0,-0.58
lowrank_manifold,50,8,96,20768750,four_cluster,6.013708050052931e-17,0.0,0.4977121769290429,0.0007141516432254136,local_graph_sketch,0.72,0.0,0.0,1.0,0.72,0.0,-0.42,1.0,0.42000000000000004
lowrank_manifold,50,8,96,20768751,curve,3.650147314034532e-17,0.0,0.47157270040067645,0.0005393833318148022,local_graph_sketch,0.72,0.0,0.0,1.0,0.72,1.0,0.5800000000000001,1.0,0.42000000000000004
lowrank_manifold,50,8,96,20768765,ring,2.6020852139652106e-17,0.0,0.49545217063966707,0.0008231340716871038,summary,1.0,1.0,1.0,1.0,0.72,1.0,0.5800000000000001,1.0,0.42000000000000004
lowrank_manifold,50,8,96,20768766,two_cluster,2.6599093298311043e-17,0.0,0.5082612582754497,0.0006360355372247994,local_graph_sketch,0.72,0.0,0.0,1.0,0.72,1.0,0.5800000000000001,0.0,-0.58
lowrank_manifold,50,8,96,20768767,four_cluster,4.7415775010032725e-17,0.0,0.48932617549836205,0.0005102337799700596,summary,0.0,0.0,0.0,0.0,-0.28,0.0,-0.42,0.0,-0.58
lowrank_manifold,50,8,96,20768768,curve,2.3418766925686896e-17,0.0,0.4996869944966771,0.0005587482127200616,local_graph_sketch,0.72,0.0,0.0,1.0,0.72,1.0,0.5800000000000001,1.0,0.42000000000000004
lowrank_manifold,50,8,192,20768708,ring,3.729655473350135e-17,0.0,0.48857311338977527,0.0027568375794968514,summary,1.0,1.0,1.0,1.0,0.72,1.0,0.5800000000000001,1.0,0.42000000000000004
lowrank_manifold,50,8,192,20768709,two_cluster,2.920117851227625e-17,0.0,0.45413898995641183,0.0015430120366111133,summary,0.0,0.0,0.0,0.0,-0.28,0.0,-0.42,0.0,-0.58
lowrank_manifold,50,8,192,20768710,four_cluster,5.898059818321144e-17,0.0,0.4736844413152157,0.0017899949110757873,point,0.42000000000000004,0.0,0.0,0.0,-0.28,0.0,-0.42,1.0,0.42000000000000004
lowrank_manifold,50,8,192,20768711,curve,1.7925475918427008e-17,0.0,0.44382526380149756,0.0032680962022550997,local_graph_sketch,0.72,0.0,0.0,1.0,0.72,1.0,0.5800000000000001,1.0,0.42000000000000004
lowrank_manifold,50,8,192,20768725,ring,2.7177334456969977e-17,0.0,0.44961495522282846,0.0034979695980739134,summary,1.0,1.0,1.0,1.0,0.72,1.0,0.5800000000000001,1.0,0.42000000000000004
lowrank_manifold,50,8,192,20768726,two_cluster,3.758567531283082e-17,0.0,0.4399070365832108,0.0018096920853205578,local_graph_sketch,0.72,0.0,0.0,1.0,0.72,1.0,0.5800000000000001,1.0,0.42000000000000004
lowrank_manifold,50,8,192,20768727,four_cluster,3.498359009886561e-17,0.0,0.4543857078444198,0.0019390726098966748,local_graph_sketch,0.72,0.0,0.0,1.0,0.72,1.0,0.5800000000000001,1.0,0.42000000000000004
lowrank_manifold,50,8,192,20768728,curve,2.7177334456969977e-17,0.0,0.45651493327899173,0.0029421528794595364,point,0.42000000000000004,0.0,0.0,0.0,-0.28,0.0,-0.42,1.0,0.42000000000000004
lowrank_manifold,50,8,192,20768742,ring,1.9371078815074345e-17,0.0,0.455575148280584,0.0022211069005211304,summary,1.0,1.0,1.0,1.0,0.72,1.0,0.5800000000000001,1.0,0.42000000000000004
lowrank_manifold,50,8,192,20768743,two_cluster,4.654841327204432e-17,0.0,0.4865632088045764,0.0015169342434526722,point,0.42000000000000004,0.0,0.0,0.0,-0.28,0.0,-0.42,1.0,0.42000000000000004
lowrank_manifold,50,8,192,20768744,four_cluster,2.2551405187698492e-17,0.0,0.4513215969816351,0.003057366252603888,local_graph_sketch,0.72,0.0,0.0,1.0,0.72,0.0,-0.42,0.0,-0.58
lowrank_manifold,50,8,192,20768745,curve,3.5272710678195076e-17,0.0,0.4892218336115651,0.0016513256808430299,local_graph_sketch,0.72,0.0,0.0,1.0,0.72,1.0,0.5800000000000001,1.0,0.42000000000000004
lowrank_manifold,50,8,192,20768759,ring,2.553296116203363e-17,0.0,0.46214445697906004,0.0027192559351070233,summary,1.0,1.0,1.0,1.0,0.72,1.0,0.5800000000000001,1.0,0.42000000000000004
lowrank_manifold,50,8,192,20768760,two_cluster,4.1055122264784437e-17,0.0,0.47535684708253,0.0016882675411775683,local_graph_sketch,0.72,0.0,0.0,1.0,0.72,1.0,0.5800000000000001,1.0,0.42000000000000004
lowrank_manifold,50,8,192,20768761,four_cluster,4.336808689942018e-17,0.0,0.46253562431166173,0.001658410586580894,local_graph_sketch,0.72,0.0,0.0,1.0,0.72,1.0,0.5800000000000001,1.0,0.42000000000000004
lowrank_manifold,50,8,192,20768762,curve,2.2262284608369025e-17,0.0,0.4834399286753414,0.0029182291100511293,local_graph_sketch,0.72,0.0,0.0,1.0,0.72,1.0,0.5800000000000001,1.0,0.42000000000000004
lowrank_manifold,50,8,192,20768776,ring,2.891205793294679e-17,0.0,0.479577182852211,0.0017258596294942308,summary,1.0,1.0,1.0,1.0,0.72,1.0,0.5800000000000001,1.0,0.42000000000000004
lowrank_manifold,50,8,192,20768777,two_cluster,3.353798720221827e-17,0.0,0.4572607286752159,0.0012080246017152074,local_graph_sketch,0.72,0.0,0.0,1.0,0.72,1.0,0.5800000000000001,0.0,-0.58
lowrank_manifold,50,8,192,20768778,four_cluster,3.3248866622888805e-17,0.0,0.47244412932274554,0.0023350298150102144,local_graph_sketch,0.72,0.0,0.0,1.0,0.72,1.0,0.5800000000000001,1.0,0.42000000000000004
lowrank_manifold,50,8,192,20768779,curve,3.2236944595235663e-17,0.0,0.47822696158529115,0.002220646179730501,point,0.42000000000000004,0.0,0.0,0.0,-0.28,0.0,-0.42,1.0,0.42000000000000004
lowrank_manifold,50,8,192,20768793,ring,2.168404344971009e-17,0.0,0.4535489292994255,0.0027019424900185385,summary,1.0,1.0,1.0,1.0,0.72,1.0,0.5800000000000001,1.0,0.42000000000000004
lowrank_manifold,50,8,192,20768794,two_cluster,4.445228907190568e-17,0.0,0.5043702950598725,0.0029485336814238927,point,0.42000000000000004,0.0,0.0,0.0,-0.28,0.0,-0.42,1.0,0.42000000000000004
lowrank_manifold,50,8,192,20768795,four_cluster,3.9609519368137093e-17,0.0,0.46713666225476674,0.0023330497436806485,point,0.42000000000000004,0.0,0.0,0.0,-0.28,0.0,-0.42,1.0,0.42000000000000004
lowrank_manifold,50,8,192,20768796,curve,2.949029909160572e-17,0.0,0.4765802818386447,0.0021754445877408823,local_graph_sketch,0.72,0.0,0.0,1.0,0.72,0.0,-0.42,1.0,0.42000000000000004
lowrank_manifold,50,8,192,20768810,ring,2.4575249243004766e-17,0.0,0.47135547008406936,0.0024219704864127944,summary,1.0,1.0,1.0,1.0,0.72,1.0,0.5800000000000001,1.0,0.42000000000000004
lowrank_manifold,50,8,192,20768811,two_cluster,3.2959746043559335e-17,0.0,0.5135096519026596,0.001763040163125451,local_graph_sketch,0.72,0.0,0.0,1.0,0.72,1.0,0.5800000000000001,1.0,0.42000000000000004
lowrank_manifold,50,8,192,20768812,four_cluster,4.972873964466847e-17,0.0,0.4773066482219382,0.000961152951780786,local_graph_sketch,0.72,0.0,0.0,1.0,0.72,1.0,0.5800000000000001,1.0,0.42000000000000004
lowrank_manifold,50,8,192,20768813,curve,3.82904067249464e-17,0.0,0.46078034071999135,0.001808866088078398,point,0.42000000000000004,0.0,0.0,0.0,-0.28,0.0,-0.42,1.0,0.42000000000000004
lowrank_manifold,50,8,192,20768827,ring,2.977941967093519e-17,0.0,0.4719996354716964,0.0019397116552539728,summary,1.0,1.0,1.0,1.0,0.72,1.0,0.5800000000000001,1.0,0.42000000000000004
lowrank_manifold,50,8,192,20768828,two_cluster,2.7466455036299447e-17,0.0,0.45518966426595414,0.0014964251732658695,local_graph_sketch,0.72,0.0,0.0,1.0,0.72,1.0,0.5800000000000001,0.0,-0.58
lowrank_manifold,50,8,192,20768829,four_cluster,3.261641535560559e-17,0.0,0.45922298545997947,0.0013933110517503344,local_graph_sketch,0.72,0.0,0.0,1.0,0.72,1.0,0.5800000000000001,1.0,0.42000000000000004
lowrank_manifold,50,8,192,20768830,curve,2.6599093298311043e-17,0.0,0.46338461798783487,0.002758551757408245,local_graph_sketch,0.72,0.0,0.0,1.0,0.72,1.0,0.5800000000000001,1.0,0.42000000000000004
lowrank_manifold,50,8,192,20768844,ring,1.850371707708594e-17,0.0,0.4410650586873325,0.0018333129444869645,summary,1.0,1.0,1.0,1.0,0.72,1.0,0.5800000000000001,1.0,0.42000000000000004
lowrank_manifold,50,8,192,20768845,two_cluster,2.4681410705727307e-17,0.0,0.4680066116010796,0.0037025721060741645,local_graph_sketch,0.72,0.0,0.0,1.0,0.72,1.0,0.5800000000000001,0.0,-0.58
lowrank_manifold,50,8,192,20768846,four_cluster,2.5153490401663703e-17,0.0,0.4545324245797885,0.0031340670354729205,point,0.42000000000000004,0.0,0.0,0.0,-0.28,0.0,-0.42,1.0,0.42000000000000004
lowrank_manifold,50,8,192,20768847,curve,4.13442428441139e-17,0.0,0.4579152052605458,0.0019969058620599167,local_graph_sketch,0.72,0.0,0.0,1.0,0.72,1.0,0.5800000000000001,1.0,0.42000000000000004
lowrank_manifold,50,8,192,20768861,ring,2.0816681711721685e-17,0.0,0.4444633020339809,0.0025986731976344046,summary,1.0,1.0,1.0,1.0,0.72,1.0,0.5800000000000001,1.0,0.42000000000000004
lowrank_manifold,50,8,192,20768862,two_cluster,3.729655473350135e-17,0.0,0.4770659103314425,0.002049876390125327,local_graph_sketch,0.72,0.0,0.0,1.0,0.72,0.0,-0.42,1.0,0.42000000000000004
lowrank_manifold,50,8,192,20768863,four_cluster,4.192248400277284e-17,0.0,0.4814317331136325,0.0028215793584542848,local_graph_sketch,0.72,0.0,0.0,1.0,0.72,1.0,0.5800000000000001,1.0,0.42000000000000004
lowrank_manifold,50,8,192,20768864,curve,2.7755575615628914e-17,0.0,0.4847783172858183,0.002773761296744004,point,0.42000000000000004,0.0,0.0,0.0,-0.28,0.0,-0.42,1.0,0.42000000000000004
lowrank_manifold,50,16,96,20776612,ring,5.955883934187038e-17,0.0,0.7895602531662343,0.0005105530879130349,summary,1.0,1.0,1.0,1.0,0.72,1.0,0.5800000000000001,1.0,0.42000000000000004
lowrank_manifold,50,16,96,20776613,two_cluster,5.551115123125783e-17,0.0,0.8077161020476162,0.000404443035380897,local_graph_sketch,0.72,0.0,0.0,1.0,0.72,0.0,-0.42,0.0,-0.58
lowrank_manifold,50,16,96,20776614,four_cluster,4.625929269271486e-17,0.0,0.8058283639311505,0.0003831490616406086,point,0.42000000000000004,0.0,0.0,0.0,-0.28,0.0,-0.42,1.0,0.42000000000000004
lowrank_manifold,50,16,96,20776615,curve,6.002866028328076e-17,0.0,0.786105361185142,0.00039438628586796476,higher_order_sketch,0.5800000000000001,0.0,0.0,0.0,-0.28,1.0,0.5800000000000001,1.0,0.42000000000000004
lowrank_manifold,50,16,96,20776629,ring,5.204170427930421e-17,0.0,0.7852993165610525,0.0005192404134930495,summary,1.0,1.0,1.0,1.0,0.72,1.0,0.5800000000000001,1.0,0.42000000000000004
lowrank_manifold,50,16,96,20776630,two_cluster,4.972873964466847e-17,0.0,0.8356863158082428,0.00039826495095351966,local_graph_sketch,0.72,0.0,0.0,1.0,0.72,1.0,0.5800000000000001,0.0,-0.58
lowrank_manifold,50,16,96,20776631,four_cluster,4.83554168928535e-17,0.0,0.7751350773406401,0.0003506730710411965,point,0.42000000000000004,0.0,0.0,0.0,-0.28,0.0,-0.42,1.0,0.42000000000000004
lowrank_manifold,50,16,96,20776632,curve,4.06937215406226e-17,0.0,0.8061993808964175,0.00041301444589247893,local_graph_sketch,0.72,0.0,0.0,1.0,0.72,0.0,-0.42,1.0,0.42000000000000004
lowrank_manifold,50,16,96,20776646,ring,3.917583849914289e-17,0.0,0.7912544065498948,0.000551424041227877,summary,1.0,1.0,1.0,1.0,0.72,1.0,0.5800000000000001,1.0,0.42000000000000004
lowrank_manifold,50,16,96,20776647,two_cluster,5.3198186596622086e-17,0.0,0.8044222290188504,0.0004078687356390276,summary,0.0,0.0,0.0,0.0,-0.28,0.0,-0.42,0.0,-0.58
lowrank_manifold,50,16,96,20776648,four_cluster,4.8138576458356397e-17,0.0,0.7929797317605265,0.0003575520752148176,point,0.42000000000000004,0.0,0.0,0.0,-0.28,0.0,-0.42,1.0,0.42000000000000004
lowrank_manifold,50,16,96,20776649,curve,4.1055122264784437e-17,0.0,0.8259717487995224,0.00037416655644184615,higher_order_sketch,0.5800000000000001,0.0,0.0,0.0,-0.28,1.0,0.5800000000000001,1.0,0.42000000000000004
lowrank_manifold,50,16,96,20776663,ring,4.3223526609755445e-17,0.0,0.7949504981666605,0.0005122237450434497,summary,1.0,1.0,1.0,1.0,0.72,1.0,0.5800000000000001,1.0,0.42000000000000004
lowrank_manifold,50,16,96,20776664,two_cluster,7.748431526029738e-17,0.0,0.7863621619101009,0.000356165341729886,summary,0.0,0.0,0.0,0.0,-0.28,0.0,-0.42,0.0,-0.58
lowrank_manifold,50,16,96,20776665,four_cluster,4.394632805807911e-17,0.0,0.7992896736833739,0.00041949055485601683,local_graph_sketch,0.72,0.0,0.0,1.0,0.72,1.0,0.5800000000000001,1.0,0.42000000000000004
lowrank_manifold,50,16,96,20776666,curve,4.828313674802113e-17,0.0,0.8102656602386501,0.00040569926213129825,point,0.42000000000000004,0.0,0.0,0.0,-0.28,0.0,-0.42,1.0,0.42000000000000004
lowrank_manifold,50,16,96,20776680,ring,6.591949208711867e-17,0.0,0.7951156447964197,0.0005312005688917765,summary,1.0,1.0,1.0,1.0,0.72,1.0,0.5800000000000001,1.0,0.42000000000000004
lowrank_manifold,50,16,96,20776681,two_cluster,5.898059818321144e-17,0.0,0.8107809169585967,0.00037955884995755085,point,0.42000000000000004,0.0,0.0,0.0,-0.28,0.0,-0.42,1.0,0.42000000000000004
lowrank_manifold,50,16,96,20776682,four_cluster,4.2211604582102304e-17,0.0,0.7932457328206363,0.00036145806307197326,point,0.42000000000000004,0.0,0.0,0.0,-0.28,0.0,-0.42,1.0,0.42000000000000004
lowrank_manifold,50,16,96,20776683,curve,5.348730717595155e-17,0.0,0.8052997197360241,0.000442947451428477,point,0.42000000000000004,0.0,0.0,0.0,-0.28,0.0,-0.42,1.0,0.42000000000000004
lowrank_manifold,50,16,96,20776697,ring,3.093590198825306e-17,0.0,0.8067553476923801,0.0005588461487504581,summary,1.0,1.0,1.0,1.0,0.72,1.0,0.5800000000000001,1.0,0.42000000000000004
lowrank_manifold,50,16,96,20776698,two_cluster,3.8163916471489756e-17,0.0,0.810227576556128,0.00034774241216850577,point,0.42000000000000004,0.0,0.0,0.0,-0.28,0.0,-0.42,1.0,0.42000000000000004
lowrank_manifold,50,16,96,20776699,four_cluster,5.4354668913939954e-17,0.0,0.7957839901107047,0.0003696273875684053,point,0.42000000000000004,0.0,0.0,0.0,-0.28,0.0,-0.42,1.0,0.42000000000000004
lowrank_manifold,50,16,96,20776700,curve,5.2619945437963146e-17,0.0,0.7932772429901235,0.0004338679048963012,point,0.42000000000000004,0.0,0.0,0.0,-0.28,0.0,-0.42,1.0,0.42000000000000004
lowrank_manifold,50,16,96,20776714,ring,6.042620107985878e-17,0.0,0.8234922693668338,0.000576237264216406,summary,1.0,1.0,1.0,1.0,0.72,1.0,0.5800000000000001,1.0,0.42000000000000004
lowrank_manifold,50,16,96,20776715,two_cluster,6.245004513516506e-17,0.0,0.7974788515405962,0.0003542194771646301,local_graph_sketch,0.72,0.0,0.0,1.0,0.72,1.0,0.5800000000000001,0.0,-0.58
lowrank_manifold,50,16,96,20776716,four_cluster,4.683753385137379e-17,0.0,0.7966634186118103,0.0003860212345658809,point,0.42000000000000004,0.0,0.0,0.0,-0.28,0.0,-0.42,1.0,0.42000000000000004
lowrank_manifold,50,16,96,20776717,curve,4.5102810375396984e-17,0.0,0.8007548593261696,0.00038057670464652915,point,0.42000000000000004,0.0,0.0,0.0,-0.28,0.0,-0.42,1.0,0.42000000000000004
lowrank_manifold,50,16,96,20776731,ring,3.729655473350135e-17,0.0,0.8040550072654572,0.0005403083610366899,summary,1.0,1.0,1.0,1.0,0.72,1.0,0.5800000000000001,1.0,0.42000000000000004
lowrank_manifold,50,16,96,20776732,two_cluster,5.4354668913939954e-17,0.0,0.7795298728193861,0.00034350381139525155,local_graph_sketch,0.72,0.0,0.0,1.0,0.72,1.0,0.5800000000000001,1.0,0.42000000000000004
lowrank_manifold,50,16,96,20776733,four_cluster,4.0476881106125497e-17,0.0,0.8014633515955443,0.0003714095533660089,point,0.42000000000000004,0.0,0.0,0.0,-0.28,0.0,-0.42,1.0,0.42000000000000004
lowrank_manifold,50,16,96,20776734,curve,4.915049848600953e-17,0.0,0.7909585834828111,0.0003877561009391073,point,0.42000000000000004,0.0,0.0,0.0,-0.28,0.0,-0.42,1.0,0.42000000000000004
lowrank_manifold,50,16,96,20776748,ring,5.377642775528102e-17,0.0,0.8118497102113619,0.0005110869321816036,summary,1.0,1.0,1.0,1.0,0.72,1.0,0.5800000000000001,1.0,0.42000000000000004
lowrank_manifold,50,16,96,20776749,two_cluster,5.522203065192836e-17,0.0,0.8060674926669273,0.0003780077824226957,summary,0.0,0.0,0.0,0.0,-0.28,0.0,-0.42,0.0,-0.58
lowrank_manifold,50,16,96,20776750,four_cluster,4.931312881188236e-17,0.0,0.7974771264825127,0.0003711904492376128,local_graph_sketch,0.72,0.0,0.0,1.0,0.72,1.0,0.5800000000000001,0.0,-0.58
lowrank_manifold,50,16,96,20776751,curve,2.934573880194099e-17,0.0,0.7952039350990564,0.00036923997989934954,point,0.42000000000000004,0.0,0.0,0.0,-0.28,0.0,-0.42,1.0,0.42000000000000004
lowrank_manifold,50,16,96,20776765,ring,6.47630097698008e-17,0.0,0.7929154018281949,0.0005036807178775415,summary,1.0,1.0,1.0,1.0,0.72,1.0,0.5800000000000001,1.0,0.42000000000000004
lowrank_manifold,50,16,96,20776766,two_cluster,4.163336342344337e-17,0.0,0.8076667049446695,0.0003715578929799346,summary,0.0,0.0,0.0,0.0,-0.28,0.0,-0.42,0.0,-0.58
lowrank_manifold,50,16,96,20776767,four_cluster,7.170190367370803e-17,0.0,0.7995451380467314,0.0003594945113249981,local_graph_sketch,0.72,0.0,0.0,1.0,0.72,1.0,0.5800000000000001,0.0,-0.58
lowrank_manifold,50,16,96,20776768,curve,7.45931094670027e-17,0.0,0.7784730285353532,0.00037539479253401176,point,0.42000000000000004,0.0,0.0,0.0,-0.28,0.0,-0.42,1.0,0.42000000000000004
lowrank_manifold,50,16,192,20776708,ring,9.222946480610024e-17,0.0,0.7751168744630506,0.0025985239755823564,summary,1.0,1.0,1.0,1.0,0.72,1.0,0.5800000000000001,1.0,0.42000000000000004
lowrank_manifold,50,16,192,20776709,two_cluster,4.0476881106125497e-17,0.0,0.7920237614875358,0.002301172553398345,higher_order_sketch,0.5800000000000001,0.0,0.0,0.0,-0.28,1.0,0.5800000000000001,0.0,-0.58
lowrank_manifold,50,16,192,20776710,four_cluster,5.088522196198634e-17,0.0,0.7670026674677581,0.001829527918520757,local_graph_sketch,0.72,0.0,0.0,1.0,0.72,0.0,-0.42,1.0,0.42000000000000004
lowrank_manifold,50,16,192,20776711,curve,3.830847676115449e-17,0.0,0.7712252080175752,0.0022094430334234083,point,0.42000000000000004,0.0,0.0,0.0,-0.28,0.0,-0.42,1.0,0.42000000000000004
lowrank_manifold,50,16,192,20776725,ring,4.203090422002139e-17,0.0,0.7688180135466862,0.003012355908954989,summary,1.0,1.0,1.0,1.0,0.72,1.0,0.5800000000000001,1.0,0.42000000000000004
lowrank_manifold,50,16,192,20776726,two_cluster,6.47630097698008e-17,0.0,0.7828796678054422,0.0022110627491966905,higher_order_sketch,0.5800000000000001,0.0,0.0,0.0,-0.28,1.0,0.5800000000000001,1.0,0.42000000000000004
lowrank_manifold,50,16,192,20776727,four_cluster,3.650147314034532e-17,0.0,0.7877394822573648,0.002942503237858274,local_graph_sketch,0.72,0.0,0.0,1.0,0.72,1.0,0.5800000000000001,1.0,0.42000000000000004
lowrank_manifold,50,16,192,20776728,curve,4.625929269271486e-17,0.0,0.7693447502629183,0.0018326755532138694,point,0.42000000000000004,0.0,0.0,0.0,-0.28,0.0,-0.42,1.0,0.42000000000000004
lowrank_manifold,50,16,192,20776742,ring,3.700743415417188e-17,0.0,0.7761421302567618,0.002735733157956055,summary,1.0,1.0,1.0,1.0,0.72,1.0,0.5800000000000001,1.0,0.42000000000000004
lowrank_manifold,50,16,192,20776743,two_cluster,6.649773324577761e-17,0.0,0.7817515322106391,0.002839618253306364,local_graph_sketch,0.72,0.0,0.0,1.0,0.72,1.0,0.5800000000000001,0.0,-0.58
lowrank_manifold,50,16,192,20776744,four_cluster,3.700743415417188e-17,0.0,0.7589436351989766,0.001079320041552867,summary,0.0,0.0,0.0,0.0,-0.28,0.0,-0.42,0.0,-0.58
lowrank_manifold,50,16,192,20776745,curve,3.838075690598686e-17,0.0,0.7685380049982412,0.0023474864181975974,local_graph_sketch,0.72,0.0,0.0,1.0,0.72,1.0,0.5800000000000001,0.0,-0.58
lowrank_manifold,50,16,192,20776759,ring,2.949029909160572e-17,0.0,0.7816671070388654,0.0020334152003642636,summary,1.0,1.0,1.0,1.0,0.72,1.0,0.5800000000000001,1.0,0.42000000000000004
lowrank_manifold,50,16,192,20776760,two_cluster,9.179578393710604e-17,0.0,0.7488912799693821,0.0025370107887230375,local_graph_sketch,0.72,0.0,0.0,1.0,0.72,1.0,0.5800000000000001,0.0,-0.58
lowrank_manifold,50,16,192,20776761,four_cluster,5.5475011158841646e-17,0.0,0.7798875546311472,0.002179421589613595,local_graph_sketch,0.72,0.0,0.0,1.0,0.72,1.0,0.5800000000000001,0.0,-0.58
lowrank_manifold,50,16,192,20776762,curve,7.632783294297951e-17,0.0,0.78124044474397,0.0030474430647331463,local_graph_sketch,0.72,0.0,0.0,1.0,0.72,1.0,0.5800000000000001,1.0,0.42000000000000004
lowrank_manifold,50,16,192,20776776,ring,5.305362630695735e-17,0.0,0.762277532929271,0.0019809186472041773,summary,1.0,1.0,1.0,1.0,0.72,1.0,0.5800000000000001,1.0,0.42000000000000004
lowrank_manifold,50,16,192,20776777,two_cluster,3.0068540250264654e-17,0.0,0.7779550005893405,0.002600580466793012,point,0.42000000000000004,0.0,0.0,0.0,-0.28,0.0,-0.42,1.0,0.42000000000000004
lowrank_manifold,50,16,192,20776778,four_cluster,6.360652745248292e-17,0.0,0.7686205614786233,0.001310070999055224,summary,0.0,0.0,0.0,0.0,-0.28,0.0,-0.42,0.0,-0.58
lowrank_manifold,50,16,192,20776779,curve,6.071532165918825e-17,0.0,0.7807901853420776,0.0027994053862616664,local_graph_sketch,0.72,0.0,0.0,1.0,0.72,0.0,-0.42,1.0,0.42000000000000004
lowrank_manifold,50,16,192,20776793,ring,3.209238430557093e-17,0.0,0.7530961269911102,0.0017360086985103163,summary,1.0,1.0,1.0,1.0,0.72,1.0,0.5800000000000001,1.0,0.42000000000000004
lowrank_manifold,50,16,192,20776794,two_cluster,4.886137790668007e-17,0.0,0.7890912042554505,0.0015274405090037746,local_graph_sketch,0.72,0.0,0.0,1.0,0.72,1.0,0.5800000000000001,1.0,0.42000000000000004
lowrank_manifold,50,16,192,20776795,four_cluster,4.452456921673805e-17,0.0,0.7692393759220315,0.0024443234567299577,local_graph_sketch,0.72,0.0,0.0,1.0,0.72,1.0,0.5800000000000001,0.0,-0.58
lowrank_manifold,50,16,192,20776796,curve,4.192248400277284e-17,0.0,0.7828746725781253,0.0029114975434743062,local_graph_sketch,0.72,0.0,0.0,1.0,0.72,1.0,0.5800000000000001,1.0,0.42000000000000004
lowrank_manifold,50,16,192,20776810,ring,4.116354248203299e-17,0.0,0.7702708679101408,0.002481323880776376,summary,1.0,1.0,1.0,1.0,0.72,1.0,0.5800000000000001,1.0,0.42000000000000004
lowrank_manifold,50,16,192,20776811,two_cluster,3.758567531283082e-17,0.0,0.7468693568549296,0.0018427407183843059,local_graph_sketch,0.72,0.0,0.0,1.0,0.72,1.0,0.5800000000000001,1.0,0.42000000000000004
lowrank_manifold,50,16,192,20776812,four_cluster,3.9898639947466563e-17,0.0,0.7775752317474631,0.0021424668314993234,summary,0.0,0.0,0.0,0.0,-0.28,0.0,-0.42,0.0,-0.58
lowrank_manifold,50,16,192,20776813,curve,4.163336342344337e-17,0.0,0.7654862175675333,0.0023564088687084705,point,0.42000000000000004,0.0,0.0,0.0,-0.28,0.0,-0.42,1.0,0.42000000000000004
lowrank_manifold,50,16,192,20776827,ring,3.932039878880763e-17,0.0,0.7904089116856984,0.002671451073846587,summary,1.0,1.0,1.0,1.0,0.72,1.0,0.5800000000000001,1.0,0.42000000000000004
lowrank_manifold,50,16,192,20776828,two_cluster,4.5102810375396984e-17,0.0,0.7609170154867274,0.0020616011266954004,higher_order_sketch,0.5800000000000001,0.0,0.0,0.0,-0.28,1.0,0.5800000000000001,0.0,-0.58
lowrank_manifold,50,16,192,20776829,four_cluster,4.568105153405592e-17,0.0,0.7749468554273458,0.002366646361700475,point,0.42000000000000004,0.0,0.0,0.0,-0.28,0.0,-0.42,1.0,0.42000000000000004
lowrank_manifold,50,16,192,20776830,curve,4.2211604582102304e-17,0.0,0.7713480300822751,0.0013170597245399929,point,0.42000000000000004,0.0,0.0,0.0,-0.28,0.0,-0.42,1.0,0.42000000000000004
lowrank_manifold,50,16,192,20776844,ring,6.47630097698008e-17,0.0,0.8048332819738135,0.003015781575734122,summary,1.0,1.0,1.0,1.0,0.72,1.0,0.5800000000000001,1.0,0.42000000000000004
lowrank_manifold,50,16,192,20776845,two_cluster,3.0068540250264654e-17,0.0,0.7979409190618932,0.0026033017030848704,local_graph_sketch,0.72,0.0,0.0,1.0,0.72,1.0,0.5800000000000001,0.0,-0.58
lowrank_manifold,50,16,192,20776846,four_cluster,4.452456921673805e-17,0.0,0.7724503695855925,0.0018957201290885628,local_graph_sketch,0.72,0.0,0.0,1.0,0.72,1.0,0.5800000000000001,0.0,-0.58
lowrank_manifold,50,16,192,20776847,curve,4.5391930954726454e-17,0.0,0.7903630520618968,0.002965674011522923,point,0.42000000000000004,0.0,0.0,0.0,-0.28,0.0,-0.42,1.0,0.42000000000000004
lowrank_manifold,50,16,192,20776861,ring,5.088522196198634e-17,0.0,0.7837341678524254,0.002410921304034419,summary,1.0,1.0,1.0,1.0,0.72,1.0,0.5800000000000001,1.0,0.42000000000000004
lowrank_manifold,50,16,192,20776862,two_cluster,3.700743415417188e-17,0.0,0.7742909298822682,0.0019583257970905432,point,0.42000000000000004,0.0,0.0,0.0,-0.28,0.0,-0.42,1.0,0.42000000000000004
lowrank_manifold,50,16,192,20776863,four_cluster,4.9439619065339e-17,0.0,0.8064777176807549,0.002705297596968803,summary,0.0,0.0,0.0,0.0,-0.28,0.0,-0.42,0.0,-0.58
lowrank_manifold,50,16,192,20776864,curve,5.204170427930421e-17,0.0,0.7862690548953315,0.0014909070446875727,point,0.42000000000000004,0.0,0.0,0.0,-0.28,0.0,-0.42,1.0,0.42000000000000004
lowrank_manifold,128,2,96,21542612,ring,1.5757071573456e-17,0.0,0.09454247907828267,0.00230607205987976,summary,1.0,1.0,1.0,1.0,0.72,1.0,0.5800000000000001,1.0,0.42000000000000004
lowrank_manifold,128,2,96,21542613,two_cluster,1.3010426069826053e-17,0.0,0.1033749134321903,0.001890425189076117,local_graph_sketch,0.72,0.0,0.0,1.0,0.72,1.0,0.5800000000000001,1.0,0.42000000000000004
lowrank_manifold,128,2,96,21542614,four_cluster,1.734723475976807e-17,0.0,0.1550645801493319,0.0025956727052345308,local_graph_sketch,0.72,0.0,0.0,1.0,0.72,1.0,0.5800000000000001,1.0,0.42000000000000004
lowrank_manifold,128,2,96,21542615,curve,2.5153490401663703e-17,0.0,0.18864762292706586,0.013178062020308134,local_graph_sketch,0.72,0.0,0.0,1.0,0.72,1.0,0.5800000000000001,1.0,0.42000000000000004
lowrank_manifold,128,2,96,21542629,ring,1.3299546649155522e-17,0.0,0.09961370340000336,0.003079484152546108,summary,1.0,1.0,1.0,1.0,0.72,1.0,0.5800000000000001,1.0,0.42000000000000004
lowrank_manifold,128,2,96,21542630,two_cluster,1.4456028966473393e-17,0.0,0.10110872933943976,0.0023403124717717994,local_graph_sketch,0.72,0.0,0.0,1.0,0.72,1.0,0.5800000000000001,1.0,0.42000000000000004
lowrank_manifold,128,2,96,21542631,four_cluster,1.5034270125132327e-17,0.0,0.1610444101639746,0.0027657247832129084,local_graph_sketch,0.72,0.0,0.0,1.0,0.72,1.0,0.5800000000000001,1.0,0.42000000000000004
lowrank_manifold,128,2,96,21542632,curve,7.806255641895632e-18,0.0,0.2054094415947932,0.014162400337147218,local_graph_sketch,0.72,0.0,0.0,1.0,0.72,1.0,0.5800000000000001,1.0,0.42000000000000004
lowrank_manifold,128,2,96,21542646,ring,1.691355389077387e-17,0.0,0.10671080339602022,0.004769931163754126,summary,1.0,1.0,1.0,1.0,0.72,1.0,0.5800000000000001,1.0,0.42000000000000004
lowrank_manifold,128,2,96,21542647,two_cluster,9.830099697201907e-18,0.0,0.11563722114012487,0.0031618919405644874,local_graph_sketch,0.72,0.0,0.0,1.0,0.72,1.0,0.5800000000000001,1.0,0.42000000000000004
lowrank_manifold,128,2,96,21542648,four_cluster,6.938893903907228e-18,0.0,0.15350602359535348,0.0032548503210487745,local_graph_sketch,0.72,0.0,0.0,1.0,0.72,1.0,0.5800000000000001,1.0,0.42000000000000004
lowrank_manifold,128,2,96,21542649,curve,1.2432184911167118e-17,0.0,0.1504693081435481,0.010280494689711706,local_graph_sketch,0.72,0.0,0.0,1.0,0.72,1.0,0.5800000000000001,1.0,0.42000000000000004
lowrank_manifold,128,2,96,21542663,ring,8.962737959213504e-18,0.0,0.11912701499779212,0.004433000080718674,summary,1.0,1.0,1.0,1.0,0.72,1.0,0.5800000000000001,1.0,0.42000000000000004
lowrank_manifold,128,2,96,21542664,two_cluster,1.5034270125132327e-17,0.0,0.11693646505534899,0.0029840729271974897,local_graph_sketch,0.72,0.0,0.0,1.0,0.72,1.0,0.5800000000000001,1.0,0.42000000000000004
lowrank_manifold,128,2,96,21542665,four_cluster,2.6599093298311043e-17,0.0,0.15913586192442228,0.0022368282161426833,local_graph_sketch,0.72,0.0,0.0,1.0,0.72,1.0,0.5800000000000001,1.0,0.42000000000000004
lowrank_manifold,128,2,96,21542666,curve,5.999252021086458e-18,0.0,0.17337809473952484,0.013872681314616164,local_graph_sketch,0.72,0.0,0.0,1.0,0.72,1.0,0.5800000000000001,1.0,0.42000000000000004
lowrank_manifold,128,2,96,21542680,ring,1.2721305490496585e-17,0.0,0.11255515392801689,0.004320301576791641,summary,1.0,1.0,1.0,1.0,0.72,1.0,0.5800000000000001,1.0,0.42000000000000004
lowrank_manifold,128,2,96,21542681,two_cluster,6.071532165918825e-18,0.0,0.11792238366293402,0.0027394346292759497,local_graph_sketch,0.72,0.0,0.0,1.0,0.72,1.0,0.5800000000000001,1.0,0.42000000000000004
lowrank_manifold,128,2,96,21542682,four_cluster,1.3299546649155522e-17,0.0,0.18461634564238397,0.003947209983438782,local_graph_sketch,0.72,0.0,0.0,1.0,0.72,1.0,0.5800000000000001,1.0,0.42000000000000004
lowrank_manifold,128,2,96,21542683,curve,1.1853943752508181e-17,0.0,0.15958843981104137,0.0104304024891817,local_graph_sketch,0.72,0.0,0.0,1.0,0.72,1.0,0.5800000000000001,1.0,0.42000000000000004
lowrank_manifold,128,2,96,21542697,ring,1.0697461435190311e-17,0.0,0.08386363703673023,0.00224095354370335,summary,1.0,1.0,1.0,1.0,0.72,1.0,0.5800000000000001,1.0,0.42000000000000004
lowrank_manifold,128,2,96,21542698,two_cluster,1.3877787807814457e-17,0.0,0.10914250644191677,0.003774649749245018,local_graph_sketch,0.72,0.0,0.0,1.0,0.72,1.0,0.5800000000000001,1.0,0.42000000000000004
lowrank_manifold,128,2,96,21542699,four_cluster,1.3877787807814457e-17,0.0,0.1550323221821803,0.002874525712483589,local_graph_sketch,0.72,0.0,0.0,1.0,0.72,1.0,0.5800000000000001,1.0,0.42000000000000004
lowrank_manifold,128,2,96,21542700,curve,9.540979117872439e-18,0.0,0.25215816264631663,0.018588636407159465,local_graph_sketch,0.72,0.0,0.0,1.0,0.72,1.0,0.5800000000000001,1.0,0.42000000000000004
lowrank_manifold,128,2,96,21542714,ring,1.61907524424502e-17,0.0,0.11390702865065952,0.004733734960467917,summary,1.0,1.0,1.0,1.0,0.72,1.0,0.5800000000000001,1.0,0.42000000000000004
lowrank_manifold,128,2,96,21542715,two_cluster,1.4456028966473393e-17,0.0,0.09575519663279712,0.0021407156037080988,local_graph_sketch,0.72,0.0,0.0,1.0,0.72,1.0,0.5800000000000001,1.0,0.42000000000000004
lowrank_manifold,128,2,96,21542716,four_cluster,2.0816681711721685e-17,0.0,0.185775418021984,0.003583862283190742,local_graph_sketch,0.72,0.0,0.0,1.0,0.72,1.0,0.5800000000000001,1.0,0.42000000000000004
lowrank_manifold,128,2,96,21542717,curve,7.806255641895632e-18,0.0,0.19704423253165818,0.01537286312629016,local_graph_sketch,0.72,0.0,0.0,1.0,0.72,1.0,0.5800000000000001,1.0,0.42000000000000004
lowrank_manifold,128,2,96,21542731,ring,1.734723475976807e-17,0.0,0.11298511081177876,0.0043629661232973405,summary,1.0,1.0,1.0,1.0,0.72,1.0,0.5800000000000001,1.0,0.42000000000000004
lowrank_manifold,128,2,96,21542732,two_cluster,1.5612511283791264e-17,0.0,0.1042538723744037,0.001876101062813218,local_graph_sketch,0.72,0.0,0.0,1.0,0.72,1.0,0.5800000000000001,1.0,0.42000000000000004
lowrank_manifold,128,2,96,21542733,four_cluster,1.1275702593849246e-17,0.0,0.16711997565159828,0.003106307513377704,local_graph_sketch,0.72,0.0,0.0,1.0,0.72,1.0,0.5800000000000001,1.0,0.42000000000000004
lowrank_manifold,128,2,96,21542734,curve,1.5323390704461797e-17,0.0,0.18746588116690022,0.012819185221000229,local_graph_sketch,0.72,0.0,0.0,1.0,0.72,1.0,0.5800000000000001,1.0,0.42000000000000004
lowrank_manifold,128,2,96,21542748,ring,1.734723475976807e-17,0.0,0.10318555513324776,0.00347837914538629,summary,1.0,1.0,1.0,1.0,0.72,1.0,0.5800000000000001,1.0,0.42000000000000004
lowrank_manifold,128,2,96,21542749,two_cluster,2.1973164029039556e-17,0.0,0.08718215665688352,0.001805132011175603,local_graph_sketch,0.72,0.0,0.0,1.0,0.72,1.0,0.5800000000000001,1.0,0.42000000000000004
lowrank_manifold,128,2,96,21542750,four_cluster,2.2551405187698492e-17,0.0,0.16311334803590505,0.0019769327621179666,local_graph_sketch,0.72,0.0,0.0,1.0,0.72,1.0,0.5800000000000001,1.0,0.42000000000000004
lowrank_manifold,128,2,96,21542751,curve,2.42861286636753e-17,0.0,0.23069525272374908,0.01657140073186003,local_graph_sketch,0.72,0.0,0.0,1.0,0.72,1.0,0.5800000000000001,1.0,0.42000000000000004
lowrank_manifold,128,2,96,21542765,ring,1.951563910473908e-17,0.0,0.11548862719683683,0.0042109817888957846,summary,1.0,1.0,1.0,1.0,0.72,1.0,0.5800000000000001,1.0,0.42000000000000004
lowrank_manifold,128,2,96,21542766,two_cluster,1.3444106938820255e-17,0.0,0.10905734236372118,0.0025198908713504053,local_graph_sketch,0.72,0.0,0.0,1.0,0.72,1.0,0.5800000000000001,1.0,0.42000000000000004
lowrank_manifold,128,2,96,21542767,four_cluster,9.396418828207706e-18,0.0,0.17309031964920452,0.0042448636240175475,local_graph_sketch,0.72,0.0,0.0,1.0,0.72,1.0,0.5800000000000001,1.0,0.42000000000000004
lowrank_manifold,128,2,96,21542768,curve,1.7636355339097538e-17,0.0,0.1829378722835193,0.015608178316162569,local_graph_sketch,0.72,0.0,0.0,1.0,0.72,1.0,0.5800000000000001,1.0,0.42000000000000004
lowrank_manifold,128,2,192,21542708,ring,1.1275702593849246e-17,0.0,0.1047343202122899,0.004955571798510361,summary,1.0,1.0,1.0,1.0,0.72,1.0,0.5800000000000001,1.0,0.42000000000000004
lowrank_manifold,128,2,192,21542709,two_cluster,1.5178830414797062e-17,0.0,0.09462688623497179,0.004396254355177209,local_graph_sketch,0.72,0.0,0.0,1.0,0.72,1.0,0.5800000000000001,1.0,0.42000000000000004
lowrank_manifold,128,2,192,21542710,four_cluster,1.7564075194265172e-17,0.0,0.14977909102486572,0.003899662533006776,local_graph_sketch,0.72,0.0,0.0,1.0,0.72,1.0,0.5800000000000001,1.0,0.42000000000000004
lowrank_manifold,128,2,192,21542711,curve,7.950815931560365e-18,0.0,0.16810947047119318,0.011422103626064661,local_graph_sketch,0.72,0.0,0.0,1.0,0.72,1.0,0.5800000000000001,1.0,0.42000000000000004
lowrank_manifold,128,2,192,21542725,ring,8.818177669548769e-18,0.0,0.08337343830066724,0.004001004043302503,summary,1.0,1.0,1.0,1.0,0.72,1.0,0.5800000000000001,1.0,0.42000000000000004
lowrank_manifold,128,2,192,21542726,two_cluster,1.9371078815074345e-17,0.0,0.08864239636735431,0.0023660637703768472,local_graph_sketch,0.72,0.0,0.0,1.0,0.72,1.0,0.5800000000000001,1.0,0.42000000000000004
lowrank_manifold,128,2,192,21542727,four_cluster,1.5757071573456e-17,0.0,0.14934933311043655,0.0068820089417034325,local_graph_sketch,0.72,0.0,0.0,1.0,0.72,1.0,0.5800000000000001,1.0,0.42000000000000004
lowrank_manifold,128,2,192,21542728,curve,1.1131142304184513e-17,0.0,0.16707683984557653,0.008978159889380999,local_graph_sketch,0.72,0.0,0.0,1.0,0.72,1.0,0.5800000000000001,1.0,0.42000000000000004
lowrank_manifold,128,2,192,21542742,ring,1.4166908387143924e-17,0.0,0.09885150063391925,0.008664177386862315,summary,1.0,1.0,1.0,1.0,0.72,1.0,0.5800000000000001,1.0,0.42000000000000004
lowrank_manifold,128,2,192,21542743,two_cluster,1.2287624621502383e-17,0.0,0.0806474023094454,0.005317905275512347,local_graph_sketch,0.72,0.0,0.0,1.0,0.72,1.0,0.5800000000000001,1.0,0.42000000000000004
lowrank_manifold,128,2,192,21542744,four_cluster,1.734723475976807e-17,0.0,0.1649922496059781,0.006193920202547831,local_graph_sketch,0.72,0.0,0.0,1.0,0.72,1.0,0.5800000000000001,1.0,0.42000000000000004
lowrank_manifold,128,2,192,21542745,curve,1.1853943752508181e-17,0.0,0.15697629164492605,0.014870736127043704,local_graph_sketch,0.72,0.0,0.0,1.0,0.72,1.0,0.5800000000000001,1.0,0.42000000000000004
lowrank_manifold,128,2,192,21542759,ring,7.661695352230899e-18,0.0,0.09221508290274817,0.007315280169074345,summary,1.0,1.0,1.0,1.0,0.72,1.0,0.5800000000000001,1.0,0.42000000000000004
lowrank_manifold,128,2,192,21542760,two_cluster,7.806255641895632e-18,0.0,0.10517996029576851,0.003437055101068287,local_graph_sketch,0.72,0.0,0.0,1.0,0.72,1.0,0.5800000000000001,1.0,0.42000000000000004
lowrank_manifold,128,2,192,21542761,four_cluster,1.0444480928277026e-17,0.0,0.15447122320271828,0.0037749871689403136,local_graph_sketch,0.72,0.0,0.0,1.0,0.72,1.0,0.5800000000000001,1.0,0.42000000000000004
lowrank_manifold,128,2,192,21542762,curve,1.2432184911167118e-17,0.0,0.19477289607153697,0.019898031743980082,local_graph_sketch,0.72,0.0,0.0,1.0,0.72,1.0,0.5800000000000001,1.0,0.42000000000000004
lowrank_manifold,128,2,192,21542776,ring,1.1564823173178714e-17,0.0,0.10104646781423592,0.007952024784096956,summary,1.0,1.0,1.0,1.0,0.72,1.0,0.5800000000000001,1.0,0.42000000000000004
lowrank_manifold,128,2,192,21542777,two_cluster,8.962737959213504e-18,0.0,0.10944726139693313,0.003078573449391886,local_graph_sketch,0.72,0.0,0.0,1.0,0.72,1.0,0.5800000000000001,1.0,0.42000000000000004
lowrank_manifold,128,2,192,21542778,four_cluster,1.6046192152785466e-17,0.0,0.16106777625089794,0.00551338732069695,local_graph_sketch,0.72,0.0,0.0,1.0,0.72,1.0,0.5800000000000001,1.0,0.42000000000000004
lowrank_manifold,128,2,192,21542779,curve,1.850371707708594e-17,0.0,0.1556996223965592,0.008178987867430543,local_graph_sketch,0.72,0.0,0.0,1.0,0.72,1.0,0.5800000000000001,1.0,0.42000000000000004
lowrank_manifold,128,2,192,21542793,ring,1.1564823173178714e-17,0.0,0.12615462308952632,0.007189188993081075,summary,1.0,1.0,1.0,1.0,0.72,1.0,0.5800000000000001,1.0,0.42000000000000004
lowrank_manifold,128,2,192,21542794,two_cluster,1.7636355339097538e-17,0.0,0.08843070109082903,0.006312555280974408,local_graph_sketch,0.72,0.0,0.0,1.0,0.72,1.0,0.5800000000000001,1.0,0.42000000000000004
lowrank_manifold,128,2,192,21542795,four_cluster,1.5612511283791264e-17,0.0,0.17599783043290887,0.003459692031980044,local_graph_sketch,0.72,0.0,0.0,1.0,0.72,1.0,0.5800000000000001,1.0,0.42000000000000004
lowrank_manifold,128,2,192,21542796,curve,1.214306433183765e-17,0.0,0.18211802783007328,0.02287624954741929,local_graph_sketch,0.72,0.0,0.0,1.0,0.72,1.0,0.5800000000000001,1.0,0.42000000000000004
lowrank_manifold,128,2,192,21542810,ring,1.3010426069826053e-17,0.0,0.09653404420808162,0.00944607779485751,summary,1.0,1.0,1.0,1.0,0.72,1.0,0.5800000000000001,1.0,0.42000000000000004
lowrank_manifold,128,2,192,21542811,two_cluster,1.3010426069826053e-17,0.0,0.08911555990293665,0.006051150557678575,local_graph_sketch,0.72,0.0,0.0,1.0,0.72,1.0,0.5800000000000001,1.0,0.42000000000000004
lowrank_manifold,128,2,192,21542812,four_cluster,1.1239562521433063e-17,0.0,0.14892854888116355,0.0027427476936066064,local_graph_sketch,0.72,0.0,0.0,1.0,0.72,1.0,0.5800000000000001,1.0,0.42000000000000004
lowrank_manifold,128,2,192,21542813,curve,1.590163186312073e-17,0.0,0.15603396962567614,0.01053725936397143,local_graph_sketch,0.72,0.0,0.0,1.0,0.72,1.0,0.5800000000000001,1.0,0.42000000000000004
lowrank_manifold,128,2,192,21542827,ring,1.1998504042172916e-17,0.0,0.10272825328077269,0.0029637508837025983,summary,1.0,1.0,1.0,1.0,0.72,1.0,0.5800000000000001,1.0,0.42000000000000004
lowrank_manifold,128,2,192,21542828,two_cluster,2.0419140915143668e-17,0.0,0.10011739283625022,0.010642245661978134,local_graph_sketch,0.72,0.0,0.0,1.0,0.72,1.0,0.5800000000000001,1.0,0.42000000000000004
lowrank_manifold,128,2,192,21542829,four_cluster,1.590163186312073e-17,0.0,0.19791249366555125,0.005724946979962731,local_graph_sketch,0.72,0.0,0.0,1.0,0.72,1.0,0.5800000000000001,1.0,0.42000000000000004
lowrank_manifold,128,2,192,21542830,curve,6.216092455583559e-18,0.0,0.1693728021981272,0.01185772338323976,local_graph_sketch,0.72,0.0,0.0,1.0,0.72,1.0,0.5800000000000001,1.0,0.42000000000000004
lowrank_manifold,128,2,192,21542844,ring,1.5757071573456e-17,0.0,0.08659786534552351,0.003848356584518653,summary,1.0,1.0,1.0,1.0,0.72,1.0,0.5800000000000001,1.0,0.42000000000000004
lowrank_manifold,128,2,192,21542845,two_cluster,1.7311094687351886e-17,0.0,0.0907446237381196,0.0024019580935601414,local_graph_sketch,0.72,0.0,0.0,1.0,0.72,1.0,0.5800000000000001,1.0,0.42000000000000004
lowrank_manifold,128,2,192,21542846,four_cluster,2.0816681711721685e-17,0.0,0.15807463867046473,0.003501152191090817,local_graph_sketch,0.72,0.0,0.0,1.0,0.72,1.0,0.5800000000000001,1.0,0.42000000000000004
lowrank_manifold,128,2,192,21542847,curve,1.7274954614935705e-17,0.0,0.19200992844479864,0.018019841727201946,local_graph_sketch,0.72,0.0,0.0,1.0,0.72,1.0,0.5800000000000001,1.0,0.42000000000000004
lowrank_manifold,128,2,192,21542861,ring,9.107298248878237e-18,0.0,0.11058336934735345,0.007756113003315468,summary,1.0,1.0,1.0,1.0,0.72,1.0,0.5800000000000001,1.0,0.42000000000000004
lowrank_manifold,128,2,192,21542862,two_cluster,8.239936510889834e-18,0.0,0.08415733596506186,0.005806180482400336,local_graph_sketch,0.72,0.0,0.0,1.0,0.72,1.0,0.5800000000000001,1.0,0.42000000000000004
lowrank_manifold,128,2,192,21542863,four_cluster,1.0119220276531374e-17,0.0,0.17170745737524484,0.004027005916935389,local_graph_sketch,0.72,0.0,0.0,1.0,0.72,1.0,0.5800000000000001,1.0,0.42000000000000004
lowrank_manifold,128,2,192,21542864,curve,1.1564823173178714e-17,0.0,0.19906724486118932,0.011874279562348988,local_graph_sketch,0.72,0.0,0.0,1.0,0.72,1.0,0.5800000000000001,1.0,0.42000000000000004
lowrank_manifold,128,8,96,21548612,ring,2.312964634635743e-17,0.0,0.4868646745516135,0.0006769595287003938,summary,1.0,1.0,1.0,1.0,0.72,1.0,0.5800000000000001,1.0,0.42000000000000004
lowrank_manifold,128,8,96,21548613,two_cluster,1.6046192152785466e-17,0.0,0.49480068724726517,0.0005244359143183885,point,0.42000000000000004,0.0,0.0,0.0,-0.28,0.0,-0.42,1.0,0.42000000000000004
lowrank_manifold,128,8,96,21548614,four_cluster,2.6599093298311043e-17,0.0,0.4866566845598958,0.00047064377085948017,summary,0.0,0.0,0.0,0.0,-0.28,0.0,-0.42,0.0,-0.58
lowrank_manifold,128,8,96,21548615,curve,2.6020852139652106e-17,0.0,0.49356004524178493,0.0005827929872974646,local_graph_sketch,0.72,0.0,0.0,1.0,0.72,1.0,0.5800000000000001,1.0,0.42000000000000004
lowrank_manifold,128,8,96,21548629,ring,3.122502256758253e-17,0.0,0.47606550279551835,0.0008903336432826148,summary,1.0,1.0,1.0,1.0,0.72,1.0,0.5800000000000001,1.0,0.42000000000000004
lowrank_manifold,128,8,96,21548630,two_cluster,1.9660199394403815e-17,0.0,0.49834379629063175,0.00041411037313698884,local_graph_sketch,0.72,0.0,0.0,1.0,0.72,0.0,-0.42,1.0,0.42000000000000004
lowrank_manifold,128,8,96,21548631,four_cluster,1.8910292891768005e-17,0.0,0.5031950032987372,0.0005332982655494867,point,0.42000000000000004,0.0,0.0,0.0,-0.28,0.0,-0.42,1.0,0.42000000000000004
lowrank_manifold,128,8,96,21548632,curve,2.42861286636753e-17,0.0,0.5131297347220211,0.0006560363150078796,local_graph_sketch,0.72,0.0,0.0,1.0,0.72,1.0,0.5800000000000001,1.0,0.42000000000000004
lowrank_manifold,128,8,96,21548646,ring,3.136958285724726e-17,0.0,0.48342166948426296,0.0007690888656883832,summary,1.0,1.0,1.0,1.0,0.72,1.0,0.5800000000000001,1.0,0.42000000000000004
lowrank_manifold,128,8,96,21548647,two_cluster,2.5207700510287978e-17,0.0,0.4978834530672415,0.0005159511911883019,summary,0.0,0.0,0.0,0.0,-0.28,0.0,-0.42,0.0,-0.58
lowrank_manifold,128,8,96,21548648,four_cluster,3.0755201626172144e-17,0.0,0.5016499042519279,0.00038688205203762926,summary,0.0,0.0,0.0,0.0,-0.28,0.0,-0.42,0.0,-0.58
lowrank_manifold,128,8,96,21548649,curve,2.312964634635743e-17,0.0,0.505056510270307,0.0006607338813602315,local_graph_sketch,0.72,0.0,0.0,1.0,0.72,1.0,0.5800000000000001,1.0,0.42000000000000004
lowrank_manifold,128,8,96,21548663,ring,2.2551405187698492e-17,0.0,0.4915160521737349,0.0007783078176213376,summary,1.0,1.0,1.0,1.0,0.72,1.0,0.5800000000000001,1.0,0.42000000000000004
lowrank_manifold,128,8,96,21548664,two_cluster,3.1514143146912e-17,0.0,0.48618390937162415,0.0005014530000704287,higher_order_sketch,0.5800000000000001,0.0,0.0,0.0,-0.28,1.0,0.5800000000000001,0.0,-0.58
lowrank_manifold,128,8,96,21548665,four_cluster,2.3997008084345832e-17,0.0,0.48776385346959633,0.0004231726383985279,local_graph_sketch,0.72,0.0,0.0,1.0,0.72,1.0,0.5800000000000001,1.0,0.42000000000000004
lowrank_manifold,128,8,96,21548666,curve,2.0816681711721685e-17,0.0,0.5016672566889865,0.000493440213531704,local_graph_sketch,0.72,0.0,0.0,1.0,0.72,1.0,0.5800000000000001,1.0,0.42000000000000004
lowrank_manifold,128,8,96,21548680,ring,2.891205793294679e-17,0.0,0.5017230435912351,0.0006944096377863307,summary,1.0,1.0,1.0,1.0,0.72,1.0,0.5800000000000001,1.0,0.42000000000000004
lowrank_manifold,128,8,96,21548681,two_cluster,2.1503343087629172e-17,0.0,0.49430778306968864,0.0005801772299527386,local_graph_sketch,0.72,0.0,0.0,1.0,0.72,0.0,-0.42,1.0,0.42000000000000004
lowrank_manifold,128,8,96,21548682,four_cluster,1.9660199394403815e-17,0.0,0.5155740253945142,0.00046975582532504667,local_graph_sketch,0.72,0.0,0.0,1.0,0.72,1.0,0.5800000000000001,1.0,0.42000000000000004
lowrank_manifold,128,8,96,21548683,curve,3.932039878880763e-17,0.0,0.5012238950920846,0.0006207617001392496,local_graph_sketch,0.72,0.0,0.0,1.0,0.72,0.0,-0.42,1.0,0.42000000000000004
lowrank_manifold,128,8,96,21548697,ring,2.7177334456969977e-17,0.0,0.49388204786332435,0.0006873520697634472,summary,1.0,1.0,1.0,1.0,0.72,1.0,0.5800000000000001,1.0,0.42000000000000004
lowrank_manifold,128,8,96,21548698,two_cluster,2.949029909160572e-17,0.0,0.5276044477550179,0.0005019101847545393,local_graph_sketch,0.72,0.0,0.0,1.0,0.72,0.0,-0.42,1.0,0.42000000000000004
lowrank_manifold,128,8,96,21548699,four_cluster,2.2551405187698492e-17,0.0,0.5195022825827781,0.00046608319798036035,point,0.42000000000000004,0.0,0.0,0.0,-0.28,0.0,-0.42,1.0,0.42000000000000004
lowrank_manifold,128,8,96,21548700,curve,2.7177334456969977e-17,0.0,0.49053063553456844,0.0006806964046839337,local_graph_sketch,0.72,0.0,0.0,1.0,0.72,1.0,0.5800000000000001,1.0,0.42000000000000004
lowrank_manifold,128,8,96,21548714,ring,1.9660199394403815e-17,0.0,0.4834882116377046,0.0007594337072467372,summary,1.0,1.0,1.0,1.0,0.72,1.0,0.5800000000000001,1.0,0.42000000000000004
lowrank_manifold,128,8,96,21548715,two_cluster,2.1394922870380622e-17,0.0,0.48433962040007267,0.0005053372809347145,summary,0.0,0.0,0.0,0.0,-0.28,0.0,-0.42,0.0,-0.58
lowrank_manifold,128,8,96,21548716,four_cluster,2.7755575615628914e-17,0.0,0.48783661183425253,0.00040194138160032367,local_graph_sketch,0.72,0.0,0.0,1.0,0.72,1.0,0.5800000000000001,1.0,0.42000000000000004
lowrank_manifold,128,8,96,21548717,curve,1.5034270125132327e-17,0.0,0.4865729045603255,0.0005528680452846491,point,0.42000000000000004,0.0,0.0,0.0,-0.28,0.0,-0.42,1.0,0.42000000000000004
lowrank_manifold,128,8,96,21548731,ring,2.7755575615628914e-17,0.0,0.47608617952420784,0.000643189240453923,summary,1.0,1.0,1.0,1.0,0.72,1.0,0.5800000000000001,1.0,0.42000000000000004
lowrank_manifold,128,8,96,21548732,two_cluster,1.9660199394403815e-17,0.0,0.5150229427792974,0.0005666748043948733,local_graph_sketch,0.72,0.0,0.0,1.0,0.72,0.0,-0.42,0.0,-0.58
lowrank_manifold,128,8,96,21548733,four_cluster,2.573173156032264e-17,0.0,0.4983402829807479,0.0004075606233218121,local_graph_sketch,0.72,0.0,0.0,1.0,0.72,1.0,0.5800000000000001,1.0,0.42000000000000004
lowrank_manifold,128,8,96,21548734,curve,2.0816681711721685e-17,0.0,0.49622084553652834,0.0007721961881281825,local_graph_sketch,0.72,0.0,0.0,1.0,0.72,1.0,0.5800000000000001,1.0,0.42000000000000004
lowrank_manifold,128,8,96,21548748,ring,1.601005208036928e-17,0.0,0.48336636315902015,0.000646577278704541,summary,1.0,1.0,1.0,1.0,0.72,1.0,0.5800000000000001,1.0,0.42000000000000004
lowrank_manifold,128,8,96,21548749,two_cluster,2.3707887505016363e-17,0.0,0.481030398778893,0.0004471318710210781,local_graph_sketch,0.72,0.0,0.0,1.0,0.72,1.0,0.5800000000000001,0.0,-0.58
lowrank_manifold,128,8,96,21548750,four_cluster,2.42861286636753e-17,0.0,0.4946749703159082,0.0005361955265925644,point,0.42000000000000004,0.0,0.0,0.0,-0.28,0.0,-0.42,1.0,0.42000000000000004
lowrank_manifold,128,8,96,21548751,curve,2.0816681711721685e-17,0.0,0.4775056993070059,0.0005561606743602621,local_graph_sketch,0.72,0.0,0.0,1.0,0.72,0.0,-0.42,1.0,0.42000000000000004
lowrank_manifold,128,8,96,21548765,ring,5.92697187625409e-17,0.0,0.5003579503973932,0.0007628737918743411,summary,1.0,1.0,1.0,1.0,0.72,1.0,0.5800000000000001,1.0,0.42000000000000004
lowrank_manifold,128,8,96,21548766,two_cluster,1.9081958235744878e-17,0.0,0.48072094967152096,0.0004587827144411083,point,0.42000000000000004,0.0,0.0,0.0,-0.28,0.0,-0.42,1.0,0.42000000000000004
lowrank_manifold,128,8,96,21548767,four_cluster,2.2551405187698492e-17,0.0,0.46628201467704455,0.0004656700921870094,local_graph_sketch,0.72,0.0,0.0,1.0,0.72,1.0,0.5800000000000001,0.0,-0.58
lowrank_manifold,128,8,96,21548768,curve,3.122502256758253e-17,0.0,0.48974222828123815,0.0006033073261688671,local_graph_sketch,0.72,0.0,0.0,1.0,0.72,1.0,0.5800000000000001,1.0,0.42000000000000004
lowrank_manifold,128,8,192,21548708,ring,2.0816681711721685e-17,0.0,0.4639256070344395,0.002019365872750978,summary,1.0,1.0,1.0,1.0,0.72,1.0,0.5800000000000001,1.0,0.42000000000000004
lowrank_manifold,128,8,192,21548709,two_cluster,2.7466455036299447e-17,0.0,0.4960059804536718,0.0017691905634671379,point,0.42000000000000004,0.0,0.0,0.0,-0.28,0.0,-0.42,1.0,0.42000000000000004
lowrank_manifold,128,8,192,21548710,four_cluster,1.8214596497756474e-17,0.0,0.47303182007369504,0.00273421013575903,point,0.42000000000000004,0.0,0.0,0.0,-0.28,0.0,-0.42,1.0,0.42000000000000004
lowrank_manifold,128,8,192,21548711,curve,2.616541242931684e-17,0.0,0.4744802328661004,0.0041476923973355895,local_graph_sketch,0.72,0.0,0.0,1.0,0.72,1.0,0.5800000000000001,1.0,0.42000000000000004
lowrank_manifold,128,8,192,21548725,ring,1.6768993601109134e-17,0.0,0.45798974754446986,0.0027717736234751378,summary,1.0,1.0,1.0,1.0,0.72,1.0,0.5800000000000001,1.0,0.42000000000000004
lowrank_manifold,128,8,192,21548726,two_cluster,2.0238440553062748e-17,0.0,0.4830049807432631,0.002494336001900077,summary,0.0,0.0,0.0,0.0,-0.28,0.0,-0.42,0.0,-0.58
lowrank_manifold,128,8,192,21548727,four_cluster,2.0093880263398017e-17,0.0,0.4447733623819963,0.0018411021247406456,local_graph_sketch,0.72,0.0,0.0,1.0,0.72,1.0,0.5800000000000001,1.0,0.42000000000000004
lowrank_manifold,128,8,192,21548728,curve,2.168404344971009e-17,0.0,0.43749363251343826,0.0015922689109471033,local_graph_sketch,0.72,0.0,0.0,1.0,0.72,1.0,0.5800000000000001,1.0,0.42000000000000004
lowrank_manifold,128,8,192,21548742,ring,1.6768993601109134e-17,0.0,0.4627615940592011,0.0038998588819469937,summary,1.0,1.0,1.0,1.0,0.72,1.0,0.5800000000000001,1.0,0.42000000000000004
lowrank_manifold,128,8,192,21548743,two_cluster,2.5153490401663703e-17,0.0,0.47138883481990984,0.0015475458324847313,summary,0.0,0.0,0.0,0.0,-0.28,0.0,-0.42,0.0,-0.58
lowrank_manifold,128,8,192,21548744,four_cluster,2.6020852139652106e-17,0.0,0.4703271214752601,0.002471053830772618,point,0.42000000000000004,0.0,0.0,0.0,-0.28,0.0,-0.42,1.0,0.42000000000000004
lowrank_manifold,128,8,192,21548745,curve,3.1514143146912e-17,0.0,0.459502535501034,0.002670159860311383,local_graph_sketch,0.72,0.0,0.0,1.0,0.72,0.0,-0.42,1.0,0.42000000000000004
lowrank_manifold,128,8,192,21548759,ring,1.6335312732114932e-17,0.0,0.4786305973523354,0.004418940579558273,summary,1.0,1.0,1.0,1.0,0.72,1.0,0.5800000000000001,1.0,0.42000000000000004
lowrank_manifold,128,8,192,21548760,two_cluster,3.2440232502576695e-17,0.0,0.45303139206511484,0.002704283074418834,local_graph_sketch,0.72,0.0,0.0,1.0,0.72,1.0,0.5800000000000001,0.0,-0.58
lowrank_manifold,128,8,192,21548761,four_cluster,2.2551405187698492e-17,0.0,0.4676976290072859,0.001911208810280396,point,0.42000000000000004,0.0,0.0,0.0,-0.28,0.0,-0.42,1.0,0.42000000000000004
lowrank_manifold,128,8,192,21548762,curve,2.920117851227625e-17,0.0,0.4684213800068952,0.0022108148195296717,local_graph_sketch,0.72,0.0,0.0,1.0,0.72,1.0,0.5800000000000001,1.0,0.42000000000000004
lowrank_manifold,128,8,192,21548776,ring,1.9371078815074345e-17,0.0,0.47809747385033563,0.0030879263335834573,summary,1.0,1.0,1.0,1.0,0.72,1.0,0.5800000000000001,1.0,0.42000000000000004
lowrank_manifold,128,8,192,21548777,two_cluster,2.2551405187698492e-17,0.0,0.49031756883461797,0.001745893657349562,summary,0.0,0.0,0.0,0.0,-0.28,0.0,-0.42,0.0,-0.58
lowrank_manifold,128,8,192,21548778,four_cluster,1.6263032587282567e-17,0.0,0.4488191231748345,0.0022326733855864145,local_graph_sketch,0.72,0.0,0.0,1.0,0.72,1.0,0.5800000000000001,1.0,0.42000000000000004
lowrank_manifold,128,8,192,21548779,curve,2.200930410145574e-17,0.0,0.4773850586016739,0.002935321621679865,local_graph_sketch,0.72,0.0,0.0,1.0,0.72,0.0,-0.42,1.0,0.42000000000000004
lowrank_manifold,128,8,192,21548793,ring,2.833381677428785e-17,0.0,0.447005723009589,0.002810113818507487,summary,1.0,1.0,1.0,1.0,0.72,1.0,0.5800000000000001,1.0,0.42000000000000004
lowrank_manifold,128,8,192,21548794,two_cluster,1.5612511283791264e-17,0.0,0.46200498701300524,0.0033701410296254064,summary,0.0,0.0,0.0,0.0,-0.28,0.0,-0.42,0.0,-0.58
lowrank_manifold,128,8,192,21548795,four_cluster,1.7094254252854786e-17,0.0,0.46170162136436377,0.0017129467972762935,local_graph_sketch,0.72,0.0,0.0,1.0,0.72,1.0,0.5800000000000001,1.0,0.42000000000000004
lowrank_manifold,128,8,192,21548796,curve,1.734723475976807e-17,0.0,0.47728580854315555,0.0030538614485151605,point,0.42000000000000004,0.0,0.0,0.0,-0.28,0.0,-0.42,1.0,0.42000000000000004
lowrank_manifold,128,8,192,21548810,ring,3.0068540250264654e-17,0.0,0.4368662597318279,0.0018448585690487018,summary,1.0,1.0,1.0,1.0,0.72,1.0,0.5800000000000001,1.0,0.42000000000000004
lowrank_manifold,128,8,192,21548811,two_cluster,1.9226518525409613e-17,0.0,0.4915753589089798,0.005449202765743566,higher_order_sketch,0.5800000000000001,0.0,0.0,0.0,-0.28,1.0,0.5800000000000001,1.0,0.42000000000000004
lowrank_manifold,128,8,192,21548812,four_cluster,2.1394922870380622e-17,0.0,0.47111468337549595,0.0015986033345363193,point,0.42000000000000004,0.0,0.0,0.0,-0.28,0.0,-0.42,1.0,0.42000000000000004
lowrank_manifold,128,8,192,21548813,curve,1.7058114180438604e-17,0.0,0.48047963368977803,0.0036908572020644126,point,0.42000000000000004,0.0,0.0,0.0,-0.28,0.0,-0.42,1.0,0.42000000000000004
lowrank_manifold,128,8,192,21548827,ring,2.4575249243004766e-17,0.0,0.4630503270473271,0.003128563017333219,summary,1.0,1.0,1.0,1.0,0.72,1.0,0.5800000000000001,1.0,0.42000000000000004
lowrank_manifold,128,8,192,21548828,two_cluster,2.0527561132392218e-17,0.0,0.468337493397087,0.0011365811803429882,local_graph_sketch,0.72,0.0,0.0,1.0,0.72,1.0,0.5800000000000001,0.0,-0.58
lowrank_manifold,128,8,192,21548829,four_cluster,1.9081958235744878e-17,0.0,0.4752159111970014,0.0011029520092591394,point,0.42000000000000004,0.0,0.0,0.0,-0.28,0.0,-0.42,1.0,0.42000000000000004
lowrank_manifold,128,8,192,21548830,curve,1.7780915628762273e-17,0.0,0.4572165994324153,0.0013902839899242458,local_graph_sketch,0.72,0.0,0.0,1.0,0.72,1.0,0.5800000000000001,1.0,0.42000000000000004
lowrank_manifold,128,8,192,21548844,ring,3.202010416073856e-17,0.0,0.4561115536552368,0.0022830376055404944,summary,1.0,1.0,1.0,1.0,0.72,1.0,0.5800000000000001,1.0,0.42000000000000004
lowrank_manifold,128,8,192,21548845,two_cluster,2.2542370169594445e-17,0.0,0.5084303592400174,0.0015926552336529287,higher_order_sketch,0.5800000000000001,0.0,0.0,0.0,-0.28,1.0,0.5800000000000001,1.0,0.42000000000000004
lowrank_manifold,128,8,192,21548846,four_cluster,3.180326372624146e-17,0.0,0.47881950617935726,0.0038816755772610456,point,0.42000000000000004,0.0,0.0,0.0,-0.28,0.0,-0.42,1.0,0.42000000000000004
lowrank_manifold,128,8,192,21548847,curve,1.9226518525409613e-17,0.0,0.48621297724244156,0.0038083760770142305,local_graph_sketch,0.72,0.0,0.0,1.0,0.72,1.0,0.5800000000000001,1.0,0.42000000000000004
lowrank_manifold,128,8,192,21548861,ring,1.999449506425351e-17,0.0,0.45649691761890815,0.0017593493898750978,summary,1.0,1.0,1.0,1.0,0.72,1.0,0.5800000000000001,1.0,0.42000000000000004
lowrank_manifold,128,8,192,21548862,two_cluster,2.3707887505016363e-17,0.0,0.48033759338069987,0.0026588477663549437,summary,0.0,0.0,0.0,0.0,-0.28,0.0,-0.42,0.0,-0.58
lowrank_manifold,128,8,192,21548863,four_cluster,3.122502256758253e-17,0.0,0.46131046311158175,0.0018411363210040221,local_graph_sketch,0.72,0.0,0.0,1.0,0.72,1.0,0.5800000000000001,1.0,0.42000000000000004
lowrank_manifold,128,8,192,21548864,curve,1.7871265809802732e-17,0.0,0.4616117454974703,0.0017777449586704464,local_graph_sketch,0.72,0.0,0.0,1.0,0.72,1.0,0.5800000000000001,1.0,0.42000000000000004
lowrank_manifold,128,16,96,21556612,ring,3.614007241618348e-17,0.0,0.7759942832773307,0.0005104703525902199,summary,1.0,1.0,1.0,1.0,0.72,1.0,0.5800000000000001,1.0,0.42000000000000004
lowrank_manifold,128,16,96,21556613,two_cluster,3.8453037050819226e-17,0.0,0.8114784973988959,0.0003677810450644081,local_graph_sketch,0.72,0.0,0.0,1.0,0.72,1.0,0.5800000000000001,0.0,-0.58
lowrank_manifold,128,16,96,21556614,four_cluster,5.2619945437963146e-17,0.0,0.7970325458415426,0.00038937758981760773,local_graph_sketch,0.72,0.0,0.0,1.0,0.72,0.0,-0.42,1.0,0.42000000000000004
lowrank_manifold,128,16,96,21556615,curve,3.180326372624146e-17,0.0,0.793665745497852,0.000390948959805959,local_graph_sketch,0.72,0.0,0.0,1.0,0.72,1.0,0.5800000000000001,1.0,0.42000000000000004
lowrank_manifold,128,16,96,21556629,ring,3.932039878880763e-17,0.0,0.7814112766779341,0.0004838359781207391,summary,1.0,1.0,1.0,1.0,0.72,1.0,0.5800000000000001,1.0,0.42000000000000004
lowrank_manifold,128,16,96,21556630,two_cluster,3.469446951953614e-17,0.0,0.8149372042197843,0.00037533847659365627,local_graph_sketch,0.72,0.0,0.0,1.0,0.72,1.0,0.5800000000000001,1.0,0.42000000000000004
lowrank_manifold,128,16,96,21556631,four_cluster,2.7972416050126014e-17,0.0,0.8088066874674876,0.0003690198062233918,point,0.42000000000000004,0.0,0.0,0.0,-0.28,0.0,-0.42,1.0,0.42000000000000004
lowrank_manifold,128,16,96,21556632,curve,3.122502256758253e-17,0.0,0.7657420575011294,0.00038617479473423977,point,0.42000000000000004,0.0,0.0,0.0,-0.28,0.0,-0.42,1.0,0.42000000000000004
lowrank_manifold,128,16,96,21556646,ring,4.2789845740761244e-17,0.0,0.757937636133851,0.0004892562995708616,summary,1.0,1.0,1.0,1.0,0.72,1.0,0.5800000000000001,1.0,0.42000000000000004
lowrank_manifold,128,16,96,21556647,two_cluster,3.932039878880763e-17,0.0,0.7954844984728445,0.0004116744547846274,point,0.42000000000000004,0.0,0.0,0.0,-0.28,0.0,-0.42,1.0,0.42000000000000004
lowrank_manifold,128,16,96,21556648,four_cluster,5.4860629927766524e-17,0.0,0.8030672361045088,0.0003754339598596168,local_graph_sketch,0.72,0.0,0.0,1.0,0.72,1.0,0.5800000000000001,1.0,0.42000000000000004
lowrank_manifold,128,16,96,21556649,curve,3.5561831257524545e-17,0.0,0.8249060368390203,0.000417185187559177,local_graph_sketch,0.72,0.0,0.0,1.0,0.72,1.0,0.5800000000000001,1.0,0.42000000000000004
lowrank_manifold,128,16,96,21556663,ring,6.129356281784719e-17,0.0,0.8028659418976908,0.0005398504599285481,summary,1.0,1.0,1.0,1.0,0.72,1.0,0.5800000000000001,1.0,0.42000000000000004
lowrank_manifold,128,16,96,21556664,two_cluster,3.5850951836854015e-17,0.0,0.797240623958243,0.00038416518881412287,point,0.42000000000000004,0.0,0.0,0.0,-0.28,0.0,-0.42,1.0,0.42000000000000004
lowrank_manifold,128,16,96,21556665,four_cluster,3.700743415417188e-17,0.0,0.8043267130761856,0.00040402727621424717,summary,0.0,0.0,0.0,0.0,-0.28,0.0,-0.42,0.0,-0.58
lowrank_manifold,128,16,96,21556666,curve,4.163336342344337e-17,0.0,0.798161509433304,0.00036618396136467446,point,0.42000000000000004,0.0,0.0,0.0,-0.28,0.0,-0.42,1.0,0.42000000000000004
lowrank_manifold,128,16,96,21556680,ring,4.13442428441139e-17,0.0,0.7930939689614889,0.0005137770728029789,summary,1.0,1.0,1.0,1.0,0.72,1.0,0.5800000000000001,1.0,0.42000000000000004
lowrank_manifold,128,16,96,21556681,two_cluster,3.122502256758253e-17,0.0,0.8048378246648381,0.0003944919086320553,point,0.42000000000000004,0.0,0.0,0.0,-0.28,0.0,-0.42,1.0,0.42000000000000004
lowrank_manifold,128,16,96,21556682,four_cluster,4.5102810375396984e-17,0.0,0.7941741786156745,0.0003256647249052502,summary,0.0,0.0,0.0,0.0,-0.28,0.0,-0.42,0.0,-0.58
lowrank_manifold,128,16,96,21556683,curve,3.180326372624146e-17,0.0,0.8200763431550926,0.0004339957164571917,point,0.42000000000000004,0.0,0.0,0.0,-0.28,0.0,-0.42,1.0,0.42000000000000004
lowrank_manifold,128,16,96,21556697,ring,2.891205793294679e-17,0.0,0.7760183819645853,0.000494698106247693,summary,1.0,1.0,1.0,1.0,0.72,1.0,0.5800000000000001,1.0,0.42000000000000004
lowrank_manifold,128,16,96,21556698,two_cluster,3.642919299551295e-17,0.0,0.7930691217087118,0.0003787028963451178,point,0.42000000000000004,0.0,0.0,0.0,-0.28,0.0,-0.42,1.0,0.42000000000000004
lowrank_manifold,128,16,96,21556699,four_cluster,2.6599093298311043e-17,0.0,0.8115652220218457,0.00037889116643663456,local_graph_sketch,0.72,0.0,0.0,1.0,0.72,1.0,0.5800000000000001,1.0,0.42000000000000004
lowrank_manifold,128,16,96,21556700,curve,2.891205793294679e-17,0.0,0.797734960544958,0.0004063295466538719,point,0.42000000000000004,0.0,0.0,0.0,-0.28,0.0,-0.42,1.0,0.42000000000000004
lowrank_manifold,128,16,96,21556714,ring,4.0476881106125497e-17,0.0,0.802873742311354,0.0005496191946299245,summary,1.0,1.0,1.0,1.0,0.72,1.0,0.5800000000000001,1.0,0.42000000000000004
lowrank_manifold,128,16,96,21556715,two_cluster,4.0476881106125497e-17,0.0,0.7894449090202664,0.00037295772118683956,local_graph_sketch,0.72,0.0,0.0,1.0,0.72,1.0,0.5800000000000001,0.0,-0.58
lowrank_manifold,128,16,96,21556716,four_cluster,3.5272710678195076e-17,0.0,0.8221326134113516,0.00038833937843940625,local_graph_sketch,0.72,0.0,0.0,1.0,0.72,0.0,-0.42,0.0,-0.58
lowrank_manifold,128,16,96,21556717,curve,4.2789845740761244e-17,0.0,0.7732682300622359,0.0003700204818062325,point,0.42000000000000004,0.0,0.0,0.0,-0.28,0.0,-0.42,1.0,0.42000000000000004
lowrank_manifold,128,16,96,21556731,ring,3.700743415417188e-17,0.0,0.7803332286339987,0.0004928485957398365,summary,1.0,1.0,1.0,1.0,0.72,1.0,0.5800000000000001,1.0,0.42000000000000004
lowrank_manifold,128,16,96,21556732,two_cluster,4.2789845740761244e-17,0.0,0.7973551300896943,0.00034320823823952296,point,0.42000000000000004,0.0,0.0,0.0,-0.28,0.0,-0.42,1.0,0.42000000000000004
lowrank_manifold,128,16,96,21556733,four_cluster,3.0140820395097023e-17,0.0,0.7839135833066121,0.00039300902856309605,point,0.42000000000000004,0.0,0.0,0.0,-0.28,0.0,-0.42,1.0,0.42000000000000004
lowrank_manifold,128,16,96,21556734,curve,3.5850951836854015e-17,0.0,0.8024928591311272,0.0004444273120847164,point,0.42000000000000004,0.0,0.0,0.0,-0.28,0.0,-0.42,1.0,0.42000000000000004
lowrank_manifold,128,16,96,21556748,ring,3.7730235602495554e-17,0.0,0.8044363739400886,0.0005085655040053538,summary,1.0,1.0,1.0,1.0,0.72,1.0,0.5800000000000001,1.0,0.42000000000000004
lowrank_manifold,128,16,96,21556749,two_cluster,4.336808689942018e-17,0.0,0.810979449659894,0.0003763145443269611,local_graph_sketch,0.72,0.0,0.0,1.0,0.72,1.0,0.5800000000000001,0.0,-0.58
lowrank_manifold,128,16,96,21556750,four_cluster,4.625929269271486e-17,0.0,0.7923528654954812,0.00041564017161133116,summary,0.0,0.0,0.0,0.0,-0.28,0.0,-0.42,0.0,-0.58
lowrank_manifold,128,16,96,21556751,curve,3.5272710678195076e-17,0.0,0.7967890712977262,0.0003864111722022834,point,0.42000000000000004,0.0,0.0,0.0,-0.28,0.0,-0.42,1.0,0.42000000000000004
lowrank_manifold,128,16,96,21556765,ring,3.975407965780183e-17,0.0,0.8146974982277226,0.0005235894534585395,summary,1.0,1.0,1.0,1.0,0.72,1.0,0.5800000000000001,1.0,0.42000000000000004
lowrank_manifold,128,16,96,21556766,two_cluster,2.782785576046128e-17,0.0,0.8319233335548738,0.0003809622069599339,summary,0.0,0.0,0.0,0.0,-0.28,0.0,-0.42,0.0,-0.58
lowrank_manifold,128,16,96,21556767,four_cluster,3.23815048849004e-17,0.0,0.7997300537148367,0.0003748105272871616,summary,0.0,0.0,0.0,0.0,-0.28,0.0,-0.42,0.0,-0.58
lowrank_manifold,128,16,96,21556768,curve,3.411622836087721e-17,0.0,0.8141427127161904,0.0004337560762281978,point,0.42000000000000004,0.0,0.0,0.0,-0.28,0.0,-0.42,1.0,0.42000000000000004
lowrank_manifold,128,16,192,21556708,ring,3.671831357484242e-17,0.0,0.7798380077757235,0.0020581225163791572,summary,1.0,1.0,1.0,1.0,0.72,1.0,0.5800000000000001,1.0,0.42000000000000004
lowrank_manifold,128,16,192,21556709,two_cluster,3.0068540250264654e-17,0.0,0.7803952899550093,0.001832301313976048,local_graph_sketch,0.72,0.0,0.0,1.0,0.72,1.0,0.5800000000000001,0.0,-0.58
lowrank_manifold,128,16,192,21556710,four_cluster,2.0816681711721685e-17,0.0,0.7922637177645757,0.0019205105738981931,local_graph_sketch,0.72,0.0,0.0,1.0,0.72,1.0,0.5800000000000001,1.0,0.42000000000000004
lowrank_manifold,128,16,192,21556711,curve,2.6309972718981573e-17,0.0,0.780781690412395,0.0028381254660219124,local_graph_sketch,0.72,0.0,0.0,1.0,0.72,1.0,0.5800000000000001,1.0,0.42000000000000004
lowrank_manifold,128,16,192,21556725,ring,2.949029909160572e-17,0.0,0.7779177399132544,0.0031044693668174084,summary,1.0,1.0,1.0,1.0,0.72,1.0,0.5800000000000001,1.0,0.42000000000000004
lowrank_manifold,128,16,192,21556726,two_cluster,3.5272710678195076e-17,0.0,0.7678281013388333,0.002212301270293704,summary,0.0,0.0,0.0,0.0,-0.28,0.0,-0.42,0.0,-0.58
lowrank_manifold,128,16,192,21556727,four_cluster,4.683753385137379e-17,0.0,0.7596631078588656,0.0020423408325664916,local_graph_sketch,0.72,0.0,0.0,1.0,0.72,1.0,0.5800000000000001,1.0,0.42000000000000004
lowrank_manifold,128,16,192,21556728,curve,3.2236944595235663e-17,0.0,0.7699771180482502,0.0026530244142548565,local_graph_sketch,0.72,0.0,0.0,1.0,0.72,1.0,0.5800000000000001,0.0,-0.58
lowrank_manifold,128,16,192,21556742,ring,3.021310053992939e-17,0.0,0.7897827583240807,0.002862425163190352,summary,1.0,1.0,1.0,1.0,0.72,1.0,0.5800000000000001,1.0,0.42000000000000004
lowrank_manifold,128,16,192,21556743,two_cluster,2.616541242931684e-17,0.0,0.7929715659382752,0.0019024583379707583,local_graph_sketch,0.72,0.0,0.0,1.0,0.72,0.0,-0.42,0.0,-0.58
lowrank_manifold,128,16,192,21556744,four_cluster,4.915049848600953e-17,0.0,0.7913362179675487,0.0018399285229053763,local_graph_sketch,0.72,0.0,0.0,1.0,0.72,1.0,0.5800000000000001,1.0,0.42000000000000004
lowrank_manifold,128,16,192,21556745,curve,3.758567531283082e-17,0.0,0.7898477213386638,0.002937430612484526,local_graph_sketch,0.72,0.0,0.0,1.0,0.72,1.0,0.5800000000000001,1.0,0.42000000000000004
lowrank_manifold,128,16,192,21556759,ring,3.025827563044962e-17,0.0,0.7568020133765584,0.0020556404387237492,summary,1.0,1.0,1.0,1.0,0.72,1.0,0.5800000000000001,1.0,0.42000000000000004
lowrank_manifold,128,16,192,21556760,two_cluster,3.758567531283082e-17,0.0,0.7674379844461539,0.002737970394929068,summary,0.0,0.0,0.0,0.0,-0.28,0.0,-0.42,0.0,-0.58
lowrank_manifold,128,16,192,21556761,four_cluster,2.949029909160572e-17,0.0,0.7671641886356326,0.0034884140145772236,summary,0.0,0.0,0.0,0.0,-0.28,0.0,-0.42,0.0,-0.58
lowrank_manifold,128,16,192,21556762,curve,2.7321894746634712e-17,0.0,0.7865505000346903,0.002427779474497349,point,0.42000000000000004,0.0,0.0,0.0,-0.28,0.0,-0.42,1.0,0.42000000000000004
lowrank_manifold,128,16,192,21556776,ring,5.0017860223997936e-17,0.0,0.7588797477627448,0.0036699835278497517,summary,1.0,1.0,1.0,1.0,0.72,1.0,0.5800000000000001,1.0,0.42000000000000004
lowrank_manifold,128,16,192,21556777,two_cluster,4.92227786308419e-17,0.0,0.7744383793205618,0.0022252013187753494,local_graph_sketch,0.72,0.0,0.0,1.0,0.72,1.0,0.5800000000000001,0.0,-0.58
lowrank_manifold,128,16,192,21556778,four_cluster,2.4864369822334236e-17,0.0,0.7728574895015676,0.002496223919795204,local_graph_sketch,0.72,0.0,0.0,1.0,0.72,0.0,-0.42,1.0,0.42000000000000004
lowrank_manifold,128,16,192,21556779,curve,4.13442428441139e-17,0.0,0.7744338919332318,0.0017057445075920885,point,0.42000000000000004,0.0,0.0,0.0,-0.28,0.0,-0.42,1.0,0.42000000000000004
lowrank_manifold,128,16,192,21556793,ring,3.0068540250264654e-17,0.0,0.7811654985505984,0.0019455144027764604,summary,1.0,1.0,1.0,1.0,0.72,1.0,0.5800000000000001,1.0,0.42000000000000004
lowrank_manifold,128,16,192,21556794,two_cluster,4.683753385137379e-17,0.0,0.7433576187534665,0.0030236988098120143,local_graph_sketch,0.72,0.0,0.0,1.0,0.72,1.0,0.5800000000000001,0.0,-0.58
lowrank_manifold,128,16,192,21556795,four_cluster,3.476674966436851e-17,0.0,0.7589473357181308,0.001712437543814893,point,0.42000000000000004,0.0,0.0,0.0,-0.28,0.0,-0.42,1.0,0.42000000000000004
lowrank_manifold,128,16,192,21556796,curve,4.351264718908491e-17,0.0,0.8020449947957117,0.0026065866660203163,point,0.42000000000000004,0.0,0.0,0.0,-0.28,0.0,-0.42,1.0,0.42000000000000004
lowrank_manifold,128,16,192,21556810,ring,3.2959746043559335e-17,0.0,0.8064634348427117,0.0031132122538584106,summary,1.0,1.0,1.0,1.0,0.72,1.0,0.5800000000000001,1.0,0.42000000000000004
lowrank_manifold,128,16,192,21556811,two_cluster,5.0162420513662674e-17,0.0,0.7804876111459654,0.002381952578409008,point,0.42000000000000004,0.0,0.0,0.0,-0.28,0.0,-0.42,1.0,0.42000000000000004
lowrank_manifold,128,16,192,21556812,four_cluster,2.949029909160572e-17,0.0,0.760179206235976,0.00267748306585025,summary,0.0,0.0,0.0,0.0,-0.28,0.0,-0.42,0.0,-0.58
lowrank_manifold,128,16,192,21556813,curve,3.604972223514302e-17,0.0,0.7546054209413218,0.0019113193259234773,summary,0.0,0.0,0.0,0.0,-0.28,0.0,-0.42,0.0,-0.58
lowrank_manifold,128,16,192,21556827,ring,2.7177334456969977e-17,0.0,0.7563675297599494,0.0019181266812495767,summary,1.0,1.0,1.0,1.0,0.72,1.0,0.5800000000000001,1.0,0.42000000000000004
lowrank_manifold,128,16,192,21556828,two_cluster,3.9898639947466563e-17,0.0,0.7984720415020171,0.0017887995013730063,local_graph_sketch,0.72,0.0,0.0,1.0,0.72,1.0,0.5800000000000001,0.0,-0.58
lowrank_manifold,128,16,192,21556829,four_cluster,3.0646781408923594e-17,0.0,0.7653696396678046,0.0024040144731094504,summary,0.0,0.0,0.0,0.0,-0.28,0.0,-0.42,0.0,-0.58
lowrank_manifold,128,16,192,21556830,curve,3.2959746043559335e-17,0.0,0.7777372893643733,0.002938636516897297,point,0.42000000000000004,0.0,0.0,0.0,-0.28,0.0,-0.42,1.0,0.42000000000000004
lowrank_manifold,128,16,192,21556844,ring,3.021310053992939e-17,0.0,0.7721638242707497,0.0031658754285091018,summary,1.0,1.0,1.0,1.0,0.72,1.0,0.5800000000000001,1.0,0.42000000000000004
lowrank_manifold,128,16,192,21556845,two_cluster,2.42861286636753e-17,0.0,0.7709700208525792,0.002858155465234935,higher_order_sketch,0.5800000000000001,0.0,0.0,0.0,-0.28,1.0,0.5800000000000001,0.0,-0.58
lowrank_manifold,128,16,192,21556846,four_cluster,3.932039878880763e-17,0.0,0.7789251756425661,0.0022292604867497623,higher_order_sketch,0.5800000000000001,0.0,0.0,0.0,-0.28,1.0,0.5800000000000001,1.0,0.42000000000000004
lowrank_manifold,128,16,192,21556847,curve,2.4864369822334236e-17,0.0,0.7670108056147898,0.0037669181457475887,local_graph_sketch,0.72,0.0,0.0,1.0,0.72,0.0,-0.42,1.0,0.42000000000000004
lowrank_manifold,128,16,192,21556861,ring,3.2959746043559335e-17,0.0,0.7559445027575794,0.0020433314366621325,summary,1.0,1.0,1.0,1.0,0.72,1.0,0.5800000000000001,1.0,0.42000000000000004
lowrank_manifold,128,16,192,21556862,two_cluster,3.2236944595235663e-17,0.0,0.7969187025202749,0.002024942201024338,local_graph_sketch,0.72,0.0,0.0,1.0,0.72,1.0,0.5800000000000001,1.0,0.42000000000000004
lowrank_manifold,128,16,192,21556863,four_cluster,3.628463270584822e-17,0.0,0.8108689766496328,0.002404999067832314,summary,0.0,0.0,0.0,0.0,-0.28,0.0,-0.42,0.0,-0.58
lowrank_manifold,128,16,192,21556864,curve,4.336808689942018e-17,0.0,0.7842664309493618,0.00159002446910117,local_graph_sketch,0.72,0.0,0.0,1.0,0.72,1.0,0.5800000000000001,1.0,0.42000000000000004
