divergence_tertile,task_tertile,n,mean_access_gain,positive_access_share,mean_blind_barrier
low,low,48,0.22443333333333335,0.2708333333333333,0.24829152898768395
low,mid,40,0.40359999999999996,0.45,0.6561354761189546
low,high,19,-0.25692631578947367,0.2631578947368421,0.5816983130701491
mid,low,32,0.23485,0.28125,0.31154250525683386
mid,mid,40,0.2286,0.275,0.6185040552718533
mid,high,34,-0.22287058823529413,0.29411764705882354,0.6952096549043167
high,low,27,0.1387851851851852,0.18518518518518517,0.3614587853097916
high,mid,26,0.18436923076923076,0.23076923076923078,0.602178986528641
high,high,54,-0.37973333333333337,0.24074074074074073,0.6187766318436189
