cell_key,action_fragility,view_fragility,topology_fragility,geometry_fragility,geometry_shift,random_fragility,feasible_set_divergence,blind_search_barrier,task_sensitivity,internal_divergence_proxy,phase_name,high_action_fragility,high_topology_fragility,high_geometry_fragility,high_random_fragility
budget_06_thin_strip|barbell-bridge|0,0.2,0.0,0.4,0.4,0.6422830625647007,0.6,0.8339575530586767,0.6890958245719434,0.9323383084577115,0.8339575530586767,decision-fragile zone,0,1,1,1
budget_06_thin_strip|barbell-bridge|1,1.0,0.0,0.4,0.4,0.6422830625647007,0.6,0.6092384519350812,0.7954340642835686,0.9213930348258708,0.6092384519350812,decision-fragile zone,1,1,1,1
budget_06_thin_strip|barbell-bridge|2,0.2,0.0,0.4,0.4,0.6422830625647007,0.6,0.6433624635871826,0.3385401021327725,0.7383084577114428,0.6433624635871826,decision-fragile zone,0,1,1,1
budget_06_thin_strip|barbell-bridge|3,0.2,0.0,0.4,0.4,0.6422830625647007,0.6,0.3071161048689139,0.7194352658455991,0.9074626865671642,0.3071161048689139,decision-fragile zone,0,1,1,1
budget_06_thin_strip|crescent|0,0.4,0.4,0.0,0.0,0.0028077289982173957,0.2,0.6662505201831045,0.37218383899068785,0.3412935323383085,0.6662505201831045,ambiguity zone,0,0,0,0
budget_06_thin_strip|crescent|1,0.4,0.4,0.0,0.0,0.0028077289982173957,0.2,0.5276737411568873,0.8116551516972064,0.6766169154228855,0.5276737411568873,optimization-limited zone,0,0,0,0
budget_06_thin_strip|crescent|2,0.4,0.4,0.0,0.0,0.0028077289982173957,0.2,0.4735746982937994,0.1733253229197957,0.33432835820895523,0.4735746982937994,ambiguity zone,0,0,0,0
budget_06_thin_strip|crescent|3,0.4,0.4,0.0,0.0,0.0028077289982173957,1.0,0.3254265501456513,0.9176930009011713,0.49950248756218907,0.3254265501456513,optimization-limited zone,0,0,0,1
budget_06_thin_strip|cross-branch|0,0.8,0.0,0.4,0.4,0.1988517844704769,0.2,0.4136496046608406,0.06338239711625111,0.0,0.4136496046608406,ambiguity zone,1,1,1,0
budget_06_thin_strip|cross-branch|1,0.6,0.0,0.2,0.4,0.2429323141861766,0.2,0.6425301706200582,0.7918293781916491,0.28656716417910444,0.6425301706200582,optimization-limited zone,0,0,1,0
budget_06_thin_strip|cross-branch|2,0.8,0.0,0.4,0.4,0.1988517844704769,0.2,0.6450270495214315,0.463802943826975,0.12139303482587059,0.6450270495214315,ambiguity zone,1,1,1,0
budget_06_thin_strip|cross-branch|3,1.0,0.0,0.4,0.4,0.1988517844704769,0.2,0.8064918851435705,0.9894863322319014,0.31940298507462694,0.8064918851435705,optimization-limited zone,1,1,1,0
budget_06_thin_strip|double-loop|0,0.6,0.2,0.2,0.2,0.1545804612784396,0.4,0.3703703703703704,0.9522379092820668,0.5024875621890547,0.3703703703703704,optimization-limited zone,0,0,0,0
budget_06_thin_strip|double-loop|1,0.8,0.2,0.2,0.2,0.1545804612784396,0.8,0.55264253017062,0.11414839291078402,0.2696517412935324,0.55264253017062,ambiguity zone,1,0,0,1
budget_06_thin_strip|double-loop|2,0.6,0.2,0.2,0.2,0.1545804612784396,0.8,0.3603828547648772,0.9693601682186842,0.5044776119402984,0.3603828547648772,optimization-limited zone,0,0,0,1
budget_06_thin_strip|double-loop|3,0.8,0.2,0.2,0.2,0.1545804612784396,0.4,0.2704952143154391,0.2550315410033042,0.2845771144278607,0.2704952143154391,ambiguity zone,1,0,0,0
budget_06_thin_strip|mean-reversion|0,0.8,0.2,0.0,0.4,0.27044208618586857,0.8,0.4760715771951727,0.15500150195253828,0.2338308457711442,0.4760715771951727,effective-collapse zone,1,0,1,1
budget_06_thin_strip|mean-reversion|1,0.6,0.2,0.0,0.4,0.27044208618586857,0.4,0.5110278818143986,0.8606188044457794,0.417910447761194,0.5110278818143986,optimization-limited zone,0,0,1,0
budget_06_thin_strip|mean-reversion|2,0.8,0.2,0.0,0.4,0.27044208618586857,0.4,0.45776113191843526,0.313307299489336,0.2736318407960199,0.45776113191843526,effective-collapse zone,1,0,1,0
budget_06_thin_strip|mean-reversion|3,0.6,0.2,0.0,0.4,0.27044208618586857,0.4,0.6933000416146483,0.7738059477320516,0.45472636815920403,0.6933000416146483,optimization-limited zone,0,0,1,0
budget_06_thin_strip|multi-hole|0,0.6,0.6,0.0,0.4,0.4374295058005355,0.4,0.531002913025385,0.41123460498648234,0.3442786069651742,0.531002913025385,effective-collapse zone,0,0,1,0
budget_06_thin_strip|multi-hole|1,0.2,0.2,0.0,0.0,0.14428642845003709,0.6,0.00832292967124427,1.0,0.44975124378109455,0.00832292967124427,optimization-limited zone,0,0,0,1
budget_06_thin_strip|multi-hole|2,0.2,0.2,0.0,0.0,0.14428642845003709,0.6,0.4486059092800666,0.5611294683088014,0.3213930348258708,0.4486059092800666,effective-collapse zone,0,0,0,1
budget_06_thin_strip|multi-hole|3,0.2,0.2,0.0,0.0,0.14428642845003709,0.6,0.5925925925925926,0.9113848002403123,0.5671641791044776,0.5925925925925926,optimization-limited zone,0,0,0,1
budget_06_thin_strip|nested-rings|0,0.4,0.4,0.0,0.0,0.19478610454870324,0.4,0.45859342488555976,0.17302493241213573,0.4049751243781095,0.45859342488555976,effective-collapse zone,0,0,0,0
budget_06_thin_strip|nested-rings|1,0.4,0.4,0.0,0.0,0.19478610454870324,0.4,0.5884311277569705,0.8233703814959447,0.5950248756218904,0.5884311277569705,optimization-limited zone,0,0,0,0
budget_06_thin_strip|nested-rings|2,0.4,0.4,0.0,0.0,0.19478610454870324,0.8,0.1706200582605077,0.15259837789125863,0.3054726368159204,0.1706200582605077,effective-collapse zone,0,0,0,1
budget_06_thin_strip|nested-rings|3,0.4,0.4,0.0,0.0,0.19478610454870324,0.4,0.47066167290886385,0.6984079303094021,0.47263681592039786,0.47066167290886385,optimization-limited zone,0,0,0,0
budget_06_thin_strip|pinwheel|0,0.2,0.2,0.0,0.4,0.29314307735049844,0.8,0.47191011235955055,0.46710723941123444,0.38706467661691546,0.47191011235955055,effective-collapse zone,0,0,1,1
budget_06_thin_strip|pinwheel|1,0.2,0.2,0.0,0.4,0.29314307735049844,0.4,0.32958801498127344,0.7632922799639529,0.5263681592039801,0.32958801498127344,optimization-limited zone,0,0,1,0
budget_06_thin_strip|pinwheel|2,0.2,0.2,0.0,0.4,0.29314307735049844,0.4,0.7906783187682064,0.57104235506158,0.37711442786069654,0.7906783187682064,effective-collapse zone,0,0,1,0
budget_06_thin_strip|pinwheel|3,0.2,0.2,0.0,0.4,0.29314307735049844,0.8,0.7515605493133583,0.8434965455091619,0.5343283582089552,0.7515605493133583,optimization-limited zone,0,0,1,1
budget_06_thin_strip|spiral|0,0.4,0.4,0.0,0.2,0.1826431457877585,0.6,0.31543903454015815,0.3103033944127365,0.2636815920398009,0.31543903454015815,effective-collapse zone,0,0,0,1
budget_06_thin_strip|spiral|1,0.2,0.2,0.0,0.4,0.22099986312547992,0.8,0.2446941323345818,0.5764493841994591,0.39502487562189054,0.2446941323345818,optimization-limited zone,0,0,1,1
budget_06_thin_strip|spiral|2,0.6,0.6,0.0,0.0,0.14428642845003709,0.6,0.29047024552642525,0.1910483628717332,0.26865671641791045,0.29047024552642525,effective-collapse zone,0,0,0,1
budget_06_thin_strip|spiral|3,0.6,0.6,0.0,0.0,0.14428642845003709,0.6,0.32043279234290467,0.8119555422048663,0.48457711442786067,0.32043279234290467,optimization-limited zone,0,0,0,1
budget_06_thin_strip|volatility-clustering|0,0.4,0.2,0.0,0.4,0.28701284390187626,0.2,0.3445692883895131,0.6623610693902072,0.3900497512437811,0.3445692883895131,optimization-limited zone,0,0,1,0
budget_06_thin_strip|volatility-clustering|1,1.0,1.0,0.0,0.4,0.28701284390187626,0.2,0.40366208905534745,0.1727245419044758,0.1781094527363184,0.40366208905534745,effective-collapse zone,1,0,1,0
budget_06_thin_strip|volatility-clustering|2,0.2,0.2,0.6,0.6,0.4637413838353188,0.4,0.5143570536828963,0.892159807750075,0.3562189054726369,0.5143570536828963,optimization-limited zone,0,1,1,0
budget_06_thin_strip|volatility-clustering|3,0.4,0.2,0.2,0.4,0.2980868832293777,0.8,0.23553890969621305,0.3586662661459898,0.1412935323383084,0.23553890969621305,effective-collapse zone,0,0,1,1
budget_10_extreme|barbell-bridge|0,0.8,0.2,0.4,0.4,0.6422830625647007,0.4,0.8564294631710361,0.6158005407029137,0.4796019900497511,0.8564294631710361,optimization-limited zone,1,1,1,0
budget_10_extreme|barbell-bridge|1,1.0,1.0,0.4,0.4,0.6422830625647007,0.4,0.71993341656263,0.8257735055572243,0.4905472636815919,0.71993341656263,optimization-limited zone,1,1,1,0
budget_10_extreme|barbell-bridge|2,0.6,0.2,0.4,0.4,0.6422830625647007,0.4,0.8264669163545567,0.377891258636227,0.626865671641791,0.8264669163545567,ambiguity zone,0,1,1,0
budget_10_extreme|barbell-bridge|3,0.8,0.2,0.4,0.4,0.6422830625647007,0.8,0.47440699126092384,0.7395614298588165,0.6706467661691543,0.47440699126092384,optimization-limited zone,1,1,1,1
budget_10_extreme|crescent|0,0.4,0.4,0.0,0.4,0.28420511490365885,0.6,0.6858094049105284,0.13607689996996092,0.34626865671641804,0.6858094049105284,ambiguity zone,0,0,1,1
budget_10_extreme|crescent|1,0.4,0.4,0.0,0.4,0.28420511490365885,0.6,0.4893882646691635,0.7464704115349954,0.6129353233830847,0.4893882646691635,optimization-limited zone,0,0,1,1
budget_10_extreme|crescent|2,0.4,0.4,0.0,0.4,0.28420511490365885,0.6,0.5185185185185185,0.10303394412736556,0.345273631840796,0.5185185185185185,ambiguity zone,0,0,1,1
budget_10_extreme|crescent|3,0.4,0.4,0.0,0.4,0.28420511490365885,0.6,0.14814814814814814,0.8675277861219585,0.49154228855721394,0.14814814814814814,optimization-limited zone,0,0,1,1
budget_10_extreme|cross-branch|0,0.8,0.6,0.4,0.2,0.11049993156273996,0.6,0.5909280066583437,0.0,0.008955223880597002,0.5909280066583437,ambiguity zone,1,1,0,1
budget_10_extreme|cross-branch|1,0.8,0.8,0.2,0.2,0.1545804612784396,0.6,0.35788597586350396,0.6512466206067887,0.444776119402985,0.35788597586350396,optimization-limited zone,1,0,0,1
budget_10_extreme|cross-branch|2,0.8,0.6,0.4,0.2,0.11049993156273996,0.6,0.6392009987515604,0.29558425953739864,0.14228855721393038,0.6392009987515604,ambiguity zone,1,1,0,1
budget_10_extreme|cross-branch|3,1.0,0.6,0.4,0.2,0.11049993156273996,0.6,0.3712026633374948,0.9753679783718835,0.417910447761194,0.3712026633374948,optimization-limited zone,1,1,0,1
budget_10_extreme|double-loop|0,0.6,0.2,0.0,0.4,0.19642097135121978,0.6,0.5651269246774864,0.7032141784319614,0.49353233830845766,0.5651269246774864,optimization-limited zone,0,0,1,1
budget_10_extreme|double-loop|1,0.8,0.2,0.0,0.4,0.19642097135121978,0.6,0.35289221806075743,0.07029137879243014,0.2875621890547264,0.35289221806075743,ambiguity zone,1,0,1,1
budget_10_extreme|double-loop|2,0.6,0.2,0.0,0.4,0.19642097135121978,0.6,0.5027049521431544,0.9056773805947732,0.5064676616915423,0.5027049521431544,optimization-limited zone,0,0,1,1
budget_10_extreme|double-loop|3,0.8,0.2,0.0,0.4,0.19642097135121978,0.6,0.39450686641697874,0.23580654851306693,0.281592039800995,0.39450686641697874,ambiguity zone,1,0,1,1
budget_10_extreme|mean-reversion|0,0.4,0.0,0.0,0.4,0.27044208618586857,0.6,0.06824802330420307,0.32472213878041445,0.15920398009950243,0.06824802330420307,effective-collapse zone,0,0,1,1
budget_10_extreme|mean-reversion|1,0.4,0.0,0.0,0.4,0.27044208618586857,0.6,0.1506450270495214,0.520576749774707,0.3562189054726369,0.1506450270495214,optimization-limited zone,0,0,1,1
budget_10_extreme|mean-reversion|2,0.4,0.0,0.0,0.4,0.27044208618586857,0.6,0.5343320848938826,0.2832682487233403,0.2965174129353233,0.5343320848938826,ambiguity zone,0,0,1,1
budget_10_extreme|mean-reversion|3,0.4,0.0,0.0,0.4,0.27044208618586857,0.6,0.4985434873075323,0.5929708621207569,0.4059701492537312,0.4985434873075323,optimization-limited zone,0,0,1,1
budget_10_extreme|multi-hole|0,0.2,0.2,0.0,0.4,0.36528629157551695,0.6,0.6837286724927174,0.16341243616701706,0.5223880597014924,0.6837286724927174,effective-collapse zone,0,0,1,1
budget_10_extreme|multi-hole|1,0.2,0.2,0.0,0.4,0.36528629157551695,0.6,0.2854764877236788,0.9089816761790327,0.4985074626865672,0.2854764877236788,optimization-limited zone,0,0,1,1
budget_10_extreme|multi-hole|2,0.2,0.2,0.0,0.4,0.36528629157551695,0.6,0.6096545984186434,0.36647641934514863,0.31840796019900497,0.6096545984186434,effective-collapse zone,0,0,1,1
budget_10_extreme|multi-hole|3,0.2,0.2,0.0,0.4,0.36528629157551695,0.6,0.1706200582605077,0.6933012916791828,0.5024875621890547,0.1706200582605077,optimization-limited zone,0,0,1,1
budget_10_extreme|nested-rings|0,0.4,0.4,0.0,0.0,0.19478610454870324,0.2,0.11485642946317104,0.046260138179633516,0.3333333333333333,0.11485642946317104,effective-collapse zone,0,0,0,0
budget_10_extreme|nested-rings|1,0.4,0.4,0.0,0.0,0.19478610454870324,0.2,0.4086558468580941,0.7260438570141183,0.5890547263681593,0.4086558468580941,optimization-limited zone,0,0,0,0
budget_10_extreme|nested-rings|2,0.4,0.4,0.0,0.0,0.19478610454870324,0.2,0.24053266749895963,0.07329528386902973,0.308457711442786,0.24053266749895963,effective-collapse zone,0,0,0,0
budget_10_extreme|nested-rings|3,0.4,0.4,0.0,0.0,0.19478610454870324,0.2,0.5776113191843528,0.5473115049564433,0.38407960199004976,0.5776113191843528,effective-collapse zone,0,0,0,0
budget_10_extreme|pinwheel|0,1.0,1.0,0.0,0.4,0.36528629157551695,0.4,0.45526425301706197,0.4322619405226794,0.3791044776119403,0.45526425301706197,effective-collapse zone,1,0,1,0
budget_10_extreme|pinwheel|1,0.4,0.4,0.0,0.4,0.22099986312547992,0.4,0.4652517686225552,0.6028837488735355,0.964179104477612,0.4652517686225552,decision-fragile zone,0,0,1,0
budget_10_extreme|pinwheel|2,0.4,0.4,0.0,0.4,0.29314307735049844,0.4,0.478568456096546,0.5271853409432261,0.3353233830845771,0.478568456096546,effective-collapse zone,0,0,1,0
budget_10_extreme|pinwheel|3,0.4,0.4,0.0,0.4,0.29314307735049844,0.4,0.8381190178942988,0.6924001201562029,0.5472636815920396,0.8381190178942988,optimization-limited zone,0,0,1,0
budget_10_extreme|spiral|0,0.6,0.6,0.0,0.4,0.22099986312547992,0.4,0.7120266333749479,0.11324722138780413,0.462686567164179,0.7120266333749479,effective-collapse zone,0,0,1,0
budget_10_extreme|spiral|1,0.6,0.6,0.0,0.4,0.22099986312547992,0.4,0.25801081980857266,0.4908380895163712,0.37611940298507474,0.25801081980857266,optimization-limited zone,0,0,1,0
budget_10_extreme|spiral|2,0.6,0.6,0.0,0.4,0.22099986312547992,0.4,0.3021223470661673,0.1492940823069991,0.45373134328358217,0.3021223470661673,effective-collapse zone,0,0,1,0
budget_10_extreme|spiral|3,0.6,0.6,0.0,0.4,0.22099986312547992,0.4,0.24968789013732837,0.6224091318714328,0.6417910447761194,0.24968789013732837,optimization-limited zone,0,0,1,0
budget_10_extreme|volatility-clustering|0,0.6,0.4,0.0,0.4,0.24171690762654802,0.8,0.46691635455680397,0.592370081105437,0.8656716417910448,0.46691635455680397,decision-fragile zone,0,0,1,1
budget_10_extreme|volatility-clustering|1,0.6,0.2,0.0,0.4,0.23343152876854417,0.6,0.42779858510195584,0.2772604385701412,0.6706467661691543,0.42779858510195584,decision-fragile zone,0,0,1,1
budget_10_extreme|volatility-clustering|2,0.6,0.2,0.0,0.6,0.2946314570268297,0.4,0.34456928838951306,0.7074196455392009,0.8268656716417911,0.34456928838951306,decision-fragile zone,0,0,1,0
budget_10_extreme|volatility-clustering|3,1.0,1.0,0.0,0.4,0.19642097135121978,0.6,0.1889305035372451,0.32352057674977464,0.11243781094527368,0.1889305035372451,effective-collapse zone,1,0,1,1
budget_15_vertical_strip|barbell-bridge|0,0.8,0.2,0.4,0.4,0.6422830625647007,0.4,0.9013732833957554,0.6725743466506457,0.9393034825870648,0.9013732833957554,decision-fragile zone,1,1,1,0
budget_15_vertical_strip|barbell-bridge|1,0.8,0.2,0.4,0.4,0.6422830625647007,0.8,0.9508947149396587,0.9402222889756682,0.5004975124378109,0.9508947149396587,optimization-limited zone,1,1,1,1
budget_15_vertical_strip|barbell-bridge|2,0.6,0.2,0.4,0.4,0.6422830625647007,0.4,0.846441947565543,0.3742865725443075,0.7492537313432835,0.846441947565543,decision-fragile zone,0,1,1,0
budget_15_vertical_strip|barbell-bridge|3,1.0,1.0,0.4,0.4,0.6422830625647007,0.8,0.7132750728256346,0.7074196455392009,0.4925373134328358,0.7132750728256346,optimization-limited zone,1,1,1,1
budget_15_vertical_strip|crescent|0,0.4,0.4,0.4,0.0,0.1960440554722595,0.6,0.36704119850187267,0.24391709221988578,0.3124378109452737,0.36704119850187267,ambiguity zone,0,1,0,1
budget_15_vertical_strip|crescent|1,0.4,0.4,0.4,0.0,0.1960440554722595,0.6,0.7107781939242612,0.8729348152598377,0.6248756218905472,0.7107781939242612,optimization-limited zone,0,1,0,1
budget_15_vertical_strip|crescent|2,1.0,0.8,0.4,0.0,0.1960440554722595,0.6,0.02663337494798169,0.17572844698107537,0.09751243781094537,0.02663337494798169,ambiguity zone,1,1,0,1
budget_15_vertical_strip|crescent|3,0.4,0.4,0.4,0.0,0.18264314578775848,0.4,0.35788597586350396,0.892460198257735,0.4666666666666667,0.35788597586350396,optimization-limited zone,0,1,0,0
budget_15_vertical_strip|cross-branch|0,0.8,0.0,0.4,0.0,0.02214807865500299,0.6,0.23220973782771537,0.16221087413637728,0.01094527363184083,0.23220973782771537,ambiguity zone,1,1,0,1
budget_15_vertical_strip|cross-branch|1,0.4,0.0,0.4,0.0,0.02214807865500299,0.6,0.6758218893050354,0.7963352358065484,0.7741293532338309,0.6758218893050354,decision-fragile zone,0,1,0,1
budget_15_vertical_strip|cross-branch|2,0.8,0.0,0.4,0.0,0.02214807865500299,0.6,0.2879733666250521,0.4460799038750375,0.13631840796019898,0.2879733666250521,ambiguity zone,1,1,0,1
budget_15_vertical_strip|cross-branch|3,0.4,0.2,0.6,0.0,0.03322211798250448,0.6,0.4511027881814399,0.8660258335836587,0.23383084577114432,0.4511027881814399,optimization-limited zone,0,1,0,1
budget_15_vertical_strip|double-loop|0,0.8,0.4,0.0,0.4,0.19642097135121978,0.8,0.842280482729921,0.8203664764193449,0.5691542288557213,0.842280482729921,optimization-limited zone,1,0,1,1
budget_15_vertical_strip|double-loop|1,0.8,0.4,0.0,0.4,0.19642097135121978,0.4,0.615064502704952,0.11685190747972361,0.30447761194029854,0.615064502704952,ambiguity zone,1,0,1,0
budget_15_vertical_strip|double-loop|2,0.8,0.4,0.0,0.4,0.19642097135121978,0.8,0.5609654598418644,0.8903574647041154,0.3502487562189055,0.5609654598418644,optimization-limited zone,1,0,1,1
budget_15_vertical_strip|double-loop|3,0.8,0.4,0.0,0.4,0.19642097135121978,0.4,0.6666666666666667,0.19194953439471305,0.3124378109452737,0.6666666666666667,ambiguity zone,1,0,1,0
budget_15_vertical_strip|mean-reversion|0,0.8,0.4,0.0,0.4,0.27044208618586857,0.6,0.4627548897211818,0.5181736257134273,0.2845771144278607,0.4627548897211818,ambiguity zone,1,0,1,1
budget_15_vertical_strip|mean-reversion|1,0.8,0.4,0.0,0.4,0.27044208618586857,0.6,0.27299209321681234,0.6957044157404624,0.3621890547263682,0.27299209321681234,optimization-limited zone,1,0,1,1
budget_15_vertical_strip|mean-reversion|2,0.8,0.4,0.0,0.4,0.27044208618586857,0.6,0.6367041198501872,0.4617002102733552,0.2666666666666666,0.6367041198501872,ambiguity zone,1,0,1,1
budget_15_vertical_strip|mean-reversion|3,0.8,0.4,0.0,0.4,0.27044208618586857,0.6,0.5002080732417812,0.7921297686993092,0.4597014925373134,0.5002080732417812,optimization-limited zone,1,0,1,1
budget_15_vertical_strip|multi-hole|0,0.2,0.2,0.0,0.8,0.7305725831510339,0.8,0.06075738660008322,0.4322619405226794,0.309452736318408,0.06075738660008322,effective-collapse zone,0,0,1,1
budget_15_vertical_strip|multi-hole|1,0.2,0.2,0.0,0.6,0.5479294373632755,0.6,0.5834373699542239,0.8939621507960347,0.5233830845771145,0.5834373699542239,optimization-limited zone,0,0,1,1
budget_15_vertical_strip|multi-hole|2,0.2,0.2,0.0,0.6,0.5479294373632755,0.4,0.21223470661672908,0.4692099729648542,0.3054726368159204,0.21223470661672908,effective-collapse zone,0,0,1,0
budget_15_vertical_strip|multi-hole|3,0.2,0.2,0.0,0.6,0.5479294373632755,0.4,0.7166042446941324,0.8915590267347551,0.564179104477612,0.7166042446941324,optimization-limited zone,0,0,1,0
budget_15_vertical_strip|nested-rings|0,0.4,0.4,0.0,0.0,0.18264314578775848,0.2,0.07074490220557636,0.15860618804445775,0.5432835820895522,0.07074490220557636,effective-collapse zone,0,0,0,0
budget_15_vertical_strip|nested-rings|1,0.4,0.4,0.0,0.0,0.18264314578775848,0.2,0.5268414481897628,0.9173926103935115,0.5781094527363185,0.5268414481897628,optimization-limited zone,0,0,0,0
budget_15_vertical_strip|nested-rings|2,0.4,0.4,0.0,0.0,0.18264314578775848,0.2,0.299625468164794,0.1976569540402523,0.3582089552238806,0.299625468164794,effective-collapse zone,0,0,0,0
budget_15_vertical_strip|nested-rings|3,0.4,0.4,0.0,0.0,0.18264314578775848,0.2,0.5189346650020806,0.9402222889756682,0.5542288557213929,0.5189346650020806,optimization-limited zone,0,0,0,0
budget_15_vertical_strip|pinwheel|0,1.0,1.0,0.0,0.4,0.36528629157551695,0.8,0.634207240948814,0.45238810453589656,0.8268656716417911,0.634207240948814,decision-fragile zone,1,0,1,1
budget_15_vertical_strip|pinwheel|1,0.2,0.2,0.0,0.6,0.5479294373632755,0.4,0.6133999167707033,0.7425653349354159,0.9880597014925372,0.6133999167707033,decision-fragile zone,0,0,1,0
budget_15_vertical_strip|pinwheel|2,0.2,0.2,0.0,0.4,0.36528629157551695,0.4,0.5792759051186018,0.6185040552718534,0.8199004975124379,0.5792759051186018,decision-fragile zone,0,0,1,0
budget_15_vertical_strip|pinwheel|3,0.2,0.2,0.0,0.4,0.36528629157551695,0.4,0.7948397836038286,0.8239711625112646,0.998009950248756,0.7948397836038286,decision-fragile zone,0,0,1,0
budget_15_vertical_strip|spiral|0,1.0,1.0,0.4,0.0,0.02214807865500299,0.4,0.36953807740324596,0.18023430459597475,0.2845771144278607,0.36953807740324596,effective-collapse zone,1,1,0,0
budget_15_vertical_strip|spiral|1,0.4,0.2,0.4,0.0,0.02214807865500299,0.4,0.46109030378693305,0.6716731751276659,0.6477611940298508,0.46109030378693305,optimization-limited zone,0,1,0,0
budget_15_vertical_strip|spiral|2,0.6,0.2,0.6,0.0,0.03322211798250448,0.4,0.38451935081148564,0.24001201562030636,0.28358208955223874,0.38451935081148564,effective-collapse zone,0,1,0,0
budget_15_vertical_strip|spiral|3,0.4,0.2,0.4,0.0,0.02214807865500299,0.4,0.7007906783187682,0.8107539801742265,0.7542288557213931,0.7007906783187682,optimization-limited zone,0,1,0,0
budget_15_vertical_strip|volatility-clustering|0,0.8,0.8,0.0,0.8,0.39284194270243955,0.4,0.5359966708281314,0.699008711324722,0.3920398009950249,0.5359966708281314,optimization-limited zone,1,0,1,0
budget_15_vertical_strip|volatility-clustering|1,0.6,0.6,0.0,0.6,0.2946314570268297,0.8,0.7399084477736163,0.3487533793932111,0.26268656716417915,0.7399084477736163,ambiguity zone,0,0,1,1
budget_15_vertical_strip|volatility-clustering|2,0.6,0.2,0.0,0.8,0.39284194270243955,0.4,0.9071993341656263,0.6911985581255632,0.8776119402985074,0.9071993341656263,decision-fragile zone,0,0,1,0
budget_15_vertical_strip|volatility-clustering|3,0.8,0.8,0.0,0.8,0.39284194270243955,0.4,0.5301706200582605,0.4716130970261339,0.5243781094527363,0.5301706200582605,ambiguity zone,1,0,1,0
budget_17_high_rot_aniso|barbell-bridge|0,0.8,0.4,0.4,0.4,0.6422830625647007,0.8,0.8722430295464003,0.7464704115349954,0.5194029850746268,0.8722430295464003,information-limited zone,1,1,1,1
budget_17_high_rot_aniso|barbell-bridge|1,0.8,0.4,0.4,0.4,0.6422830625647007,0.4,0.883062838119018,0.949534394713127,0.5213930348258707,0.883062838119018,information-limited zone,1,1,1,0
budget_17_high_rot_aniso|barbell-bridge|2,0.8,0.8,0.4,0.4,0.6422830625647007,0.8,0.8863920099875157,0.4349654550916191,0.3174129353233831,0.8863920099875157,ambiguity zone,1,1,1,1
budget_17_high_rot_aniso|barbell-bridge|3,0.8,0.8,0.4,0.4,0.6422830625647007,0.4,0.8372867249271744,0.6960048062481224,0.8,0.8372867249271744,information-limited zone,1,1,1,0
budget_17_high_rot_aniso|crescent|0,0.2,0.4,0.2,0.0,0.09942589223523846,0.8,0.17311693716188098,0.17092219885851603,0.308457711442786,0.17311693716188098,ambiguity zone,0,0,0,1
budget_17_high_rot_aniso|crescent|1,0.2,0.4,0.2,0.0,0.09942589223523846,0.8,0.4519350811485643,0.9224992490237308,0.5233830845771145,0.4519350811485643,optimization-limited zone,0,0,0,1
budget_17_high_rot_aniso|crescent|2,0.2,0.4,0.2,0.0,0.09942589223523846,0.4,0.2380357885975863,0.09522379092820665,0.309452736318408,0.2380357885975863,ambiguity zone,0,0,0,0
budget_17_high_rot_aniso|crescent|3,0.0,0.4,0.4,0.0,0.1960440554722595,0.8,0.05826050769870993,0.8663262240913187,0.4835820895522388,0.05826050769870993,optimization-limited zone,0,1,0,1
budget_17_high_rot_aniso|cross-branch|0,0.8,0.2,0.4,0.0,0.02214807865500299,0.6,0.5052018310445276,0.1321718233703815,0.014925373134328351,0.5052018310445276,ambiguity zone,1,1,0,1
budget_17_high_rot_aniso|cross-branch|1,0.6,0.2,0.4,0.0,0.02214807865500299,0.6,0.4427798585101956,0.8242715530189246,0.282587064676617,0.4427798585101956,optimization-limited zone,0,1,0,1
budget_17_high_rot_aniso|cross-branch|2,0.8,0.2,0.4,0.0,0.02214807865500299,0.6,0.7482313774448605,0.492340042054671,0.1830845771144279,0.7482313774448605,ambiguity zone,1,1,0,1
budget_17_high_rot_aniso|cross-branch|3,0.4,0.0,0.4,0.0,0.02214807865500299,0.8,0.7307532251352475,0.9161910483628717,0.3393034825870648,0.7307532251352475,optimization-limited zone,0,1,0,1
budget_17_high_rot_aniso|double-loop|0,0.6,0.2,0.0,0.4,0.19642097135121978,0.0,0.6242197253433208,0.8233703814959447,0.48557213930348253,0.6242197253433208,optimization-limited zone,0,0,1,0
budget_17_high_rot_aniso|double-loop|1,0.8,0.2,0.0,0.4,0.19642097135121978,0.0,0.340407823553891,0.1339741664163412,0.31044776119402984,0.340407823553891,ambiguity zone,1,0,1,0
budget_17_high_rot_aniso|double-loop|2,0.6,0.2,0.0,0.4,0.19642097135121978,0.0,0.7240948813982522,0.9408230699909881,0.37213930348258706,0.7240948813982522,optimization-limited zone,0,0,1,0
budget_17_high_rot_aniso|double-loop|3,0.8,0.2,0.0,0.4,0.19642097135121978,0.0,0.3503953391593841,0.2328026434364674,0.09154228855721389,0.3503953391593841,ambiguity zone,1,0,1,0
budget_17_high_rot_aniso|mean-reversion|0,0.8,0.6,0.0,0.4,0.27044208618586857,0.4,0.7174365376612567,0.527185340943226,0.29850746268656714,0.7174365376612567,ambiguity zone,1,0,1,0
budget_17_high_rot_aniso|mean-reversion|1,1.0,0.6,0.0,0.4,0.27044208618586857,0.4,0.3928422804827299,0.6683688795434063,0.4338308457711443,0.3928422804827299,optimization-limited zone,1,0,1,0
budget_17_high_rot_aniso|mean-reversion|2,0.8,0.6,0.0,0.4,0.27044208618586857,0.4,0.42530170620058266,0.5088615199759687,0.2258706467661692,0.42530170620058266,ambiguity zone,1,0,1,0
budget_17_high_rot_aniso|mean-reversion|3,0.6,0.6,0.0,0.4,0.27044208618586857,0.4,0.5218476903870163,0.8197656954040252,0.4656716417910448,0.5218476903870163,optimization-limited zone,0,0,1,0
budget_17_high_rot_aniso|multi-hole|0,0.8,0.4,0.0,0.6,0.5479294373632755,0.8,0.4044943820224719,0.3775908681285671,0.291542288557214,0.4044943820224719,effective-collapse zone,1,0,1,1
budget_17_high_rot_aniso|multi-hole|1,0.4,0.4,0.0,0.6,0.5479294373632755,0.4,0.1764461090303787,0.935416040853109,0.5213930348258707,0.1764461090303787,optimization-limited zone,0,0,1,0
budget_17_high_rot_aniso|multi-hole|2,0.4,0.4,0.0,0.6,0.5479294373632755,0.4,0.0965459841864336,0.39831781315710413,0.30348258706467657,0.0965459841864336,effective-collapse zone,0,0,1,0
budget_17_high_rot_aniso|multi-hole|3,0.2,0.6,0.0,0.6,0.5479294373632755,0.4,0.4902205576362879,0.8915590267347551,0.5084577114427861,0.4902205576362879,optimization-limited zone,0,0,1,0
budget_17_high_rot_aniso|nested-rings|0,0.4,0.2,0.0,0.0,0.19478610454870324,0.4,0.2929671244277986,0.18143586662661454,0.3701492537313433,0.2929671244277986,effective-collapse zone,0,0,0,0
budget_17_high_rot_aniso|nested-rings|1,0.4,0.2,0.0,0.0,0.19478610454870324,0.4,0.3803578859758635,0.9309101832382095,0.5492537313432836,0.3803578859758635,optimization-limited zone,0,0,0,0
budget_17_high_rot_aniso|nested-rings|2,0.4,0.2,0.0,0.0,0.19478610454870324,0.4,0.19392426133999166,0.16911985581255629,0.31542288557213927,0.19392426133999166,effective-collapse zone,0,0,0,0
budget_17_high_rot_aniso|nested-rings|3,0.8,1.0,0.0,0.0,0.19478610454870324,0.8,0.4236371202663337,0.92850705917693,0.5064676616915423,0.4236371202663337,optimization-limited zone,1,0,0,1
budget_17_high_rot_aniso|pinwheel|0,0.4,0.6,0.0,0.4,0.36528629157551695,0.6,0.40033291718684977,0.48573145088615194,0.8208955223880596,0.40033291718684977,decision-fragile zone,0,0,1,1
budget_17_high_rot_aniso|pinwheel|1,0.2,0.6,0.0,0.4,0.36528629157551695,0.8,0.5709529754473576,0.6827876239110843,0.9810945273631839,0.5709529754473576,decision-fragile zone,0,0,1,1
budget_17_high_rot_aniso|pinwheel|2,0.8,0.6,0.0,0.4,0.36528629157551695,0.6,0.31460674157303375,0.5857614899369179,0.8149253731343284,0.31460674157303375,decision-fragile zone,1,0,1,1
budget_17_high_rot_aniso|pinwheel|3,0.4,0.6,0.0,0.4,0.36528629157551695,0.6,0.6816479400749064,0.8519074797236407,0.5223880597014924,0.6816479400749064,optimization-limited zone,0,0,1,1
budget_17_high_rot_aniso|spiral|0,0.4,0.2,0.4,0.0,0.02214807865500299,0.6,0.08905534748231377,0.15500150195253828,0.23880597014925367,0.08905534748231377,effective-collapse zone,0,1,0,1
budget_17_high_rot_aniso|spiral|1,0.4,0.2,0.4,0.0,0.02214807865500299,0.6,0.27715355805243447,0.6437368579152897,0.40796019900497515,0.27715355805243447,optimization-limited zone,0,1,0,1
budget_17_high_rot_aniso|spiral|2,0.6,0.2,0.4,0.0,0.02214807865500299,0.8,0.3062838119017894,0.3944127365575248,0.27761194029850744,0.3062838119017894,effective-collapse zone,0,1,0,1
budget_17_high_rot_aniso|spiral|3,1.0,1.0,0.4,0.0,0.02214807865500299,0.6,0.1531419059508947,0.8047461700210273,0.4467661691542289,0.1531419059508947,optimization-limited zone,1,1,0,1
budget_17_high_rot_aniso|volatility-clustering|0,0.6,0.2,0.0,0.8,0.39284194270243955,0.0,0.5418227215980024,0.656954040252328,0.8766169154228857,0.5418227215980024,decision-fragile zone,0,0,1,0
budget_17_high_rot_aniso|volatility-clustering|1,0.8,0.8,0.0,0.6,0.2946314570268297,0.0,0.3379109446525177,0.3235205767497747,0.37512437810945276,0.3379109446525177,ambiguity zone,1,0,1,0
budget_17_high_rot_aniso|volatility-clustering|2,1.0,1.0,0.0,0.8,0.39284194270243955,0.0,0.5176862255513941,0.749774707119255,0.42985074626865677,0.5176862255513941,optimization-limited zone,1,0,1,0
budget_17_high_rot_aniso|volatility-clustering|3,1.0,1.0,0.0,0.8,0.39284194270243955,0.0,0.8680815647107781,0.38329828777410624,0.7024875621890548,0.8680815647107781,decision-fragile zone,1,0,1,0
budget_18_neg_diag_extreme|barbell-bridge|0,0.4,0.0,0.4,0.4,0.6422830625647007,0.8,0.8514357053682896,0.584259537398618,0.5104477611940298,0.8514357053682896,information-limited zone,0,1,1,1
budget_18_neg_diag_extreme|barbell-bridge|1,0.4,0.0,0.4,0.4,0.6422830625647007,0.4,0.8772367873491469,0.6257134274556924,0.5203980099502487,0.8772367873491469,information-limited zone,0,1,1,0
budget_18_neg_diag_extreme|barbell-bridge|2,0.4,0.0,0.4,0.4,0.6422830625647007,0.4,0.8797336662505202,0.33703814959447276,0.35621890547263674,0.8797336662505202,information-limited zone,0,1,1,0
budget_18_neg_diag_extreme|barbell-bridge|3,0.4,0.0,0.4,0.4,0.6422830625647007,0.8,0.673325010403662,0.6353259237008111,0.7960199004975124,0.673325010403662,information-limited zone,0,1,1,1
budget_18_neg_diag_extreme|crescent|0,0.2,0.4,0.0,0.0,0.0028077289982173957,0.4,0.5185185185185185,0.15590267347551812,0.3213930348258708,0.5185185185185185,ambiguity zone,0,0,0,0
budget_18_neg_diag_extreme|crescent|1,0.2,0.4,0.0,0.0,0.0028077289982173957,0.4,0.5401581356637536,0.6824872334034243,0.5194029850746268,0.5401581356637536,optimization-limited zone,0,0,0,0
budget_18_neg_diag_extreme|crescent|2,0.2,0.4,0.0,0.0,0.0028077289982173957,0.8,0.16146483562213898,0.12075698407930309,0.2995024875621891,0.16146483562213898,ambiguity zone,0,0,0,1
budget_18_neg_diag_extreme|crescent|3,0.2,0.4,0.0,0.0,0.0028077289982173957,0.8,0.5572201414898044,0.6106939020726944,0.32835820895522383,0.5572201414898044,ambiguity zone,0,0,0,1
budget_18_neg_diag_extreme|cross-branch|0,1.0,0.2,0.4,0.0,0.02214807865500299,0.8,0.7919267582188929,0.059477320516671664,0.002985074626865741,0.7919267582188929,ambiguity zone,1,1,0,1
budget_18_neg_diag_extreme|cross-branch|1,0.4,0.2,0.4,0.0,0.02214807865500299,0.4,0.5568039950062421,0.6966055872634423,0.4437810945273633,0.5568039950062421,optimization-limited zone,0,1,0,0
budget_18_neg_diag_extreme|cross-branch|2,1.0,1.0,0.4,0.0,0.02214807865500299,0.4,0.6125676238035789,0.24662060678882544,0.04278606965174136,0.6125676238035789,ambiguity zone,1,1,0,0
budget_18_neg_diag_extreme|cross-branch|3,0.4,0.2,0.4,0.0,0.02214807865500299,0.4,0.5434873075322514,0.7287473715830579,0.23283582089552243,0.5434873075322514,optimization-limited zone,0,1,0,0
budget_18_neg_diag_extreme|double-loop|0,0.8,0.2,0.0,0.4,0.19642097135121978,0.2,0.5476487723678735,0.7756082907780113,0.37512437810945276,0.5476487723678735,optimization-limited zone,1,0,1,0
budget_18_neg_diag_extreme|double-loop|1,0.6,0.2,0.0,0.4,0.19642097135121978,1.0,0.663337494798169,0.07599879843796936,0.21791044776119406,0.663337494798169,ambiguity zone,0,0,1,1
budget_18_neg_diag_extreme|double-loop|2,0.8,0.2,0.0,0.4,0.19642097135121978,0.2,0.6508531002913025,0.684589966957044,0.38109452736318417,0.6508531002913025,optimization-limited zone,1,0,1,0
budget_18_neg_diag_extreme|double-loop|3,0.6,0.2,0.0,0.4,0.19642097135121978,0.2,0.8297960882230545,0.08531090417542804,0.21990049751243787,0.8297960882230545,ambiguity zone,0,0,1,0
budget_18_neg_diag_extreme|mean-reversion|0,0.2,0.0,0.0,0.4,0.27044208618586857,0.6,0.3545568039950063,0.4013217182337037,0.2557213930348259,0.3545568039950063,ambiguity zone,0,0,1,1
budget_18_neg_diag_extreme|mean-reversion|1,0.2,0.0,0.0,0.4,0.27044208618586857,0.6,0.8148148148148148,0.5091619104836287,0.31641791044776113,0.8148148148148148,ambiguity zone,0,0,1,1
budget_18_neg_diag_extreme|mean-reversion|2,0.2,0.0,0.0,0.4,0.27044208618586857,0.6,0.6400332917186848,0.40672874737158293,0.3124378109452737,0.6400332917186848,ambiguity zone,0,0,1,1
budget_18_neg_diag_extreme|mean-reversion|3,0.2,0.0,0.0,0.4,0.27044208618586857,0.6,0.7032875572201415,0.5977771102433161,0.45273631840796014,0.7032875572201415,optimization-limited zone,0,0,1,1
budget_18_neg_diag_extreme|multi-hole|0,0.0,0.0,0.0,0.6,0.5479294373632755,0.4,0.21972534332084892,0.20576749774707115,0.2945273631840797,0.21972534332084892,effective-collapse zone,0,0,1,0
budget_18_neg_diag_extreme|multi-hole|1,0.0,0.0,0.0,0.6,0.5479294373632755,0.2,0.1856013316687474,0.6515470111144487,0.4517412935323383,0.1856013316687474,optimization-limited zone,0,0,1,0
budget_18_neg_diag_extreme|multi-hole|2,0.0,0.0,0.0,0.6,0.5479294373632755,0.4,0.34040782355389093,0.14809252027635925,0.31044776119402984,0.34040782355389093,effective-collapse zone,0,0,1,0
budget_18_neg_diag_extreme|multi-hole|3,0.0,0.0,0.0,0.6,0.5479294373632755,0.8,0.3778610070744903,0.5527185340943225,0.5054726368159205,0.3778610070744903,optimization-limited zone,0,0,1,1
budget_18_neg_diag_extreme|nested-rings|0,0.0,0.0,0.0,0.0,0.18264314578775848,0.6,0.5734498543487307,0.05887653950135175,0.36616915422885576,0.5734498543487307,effective-collapse zone,0,0,0,1
budget_18_neg_diag_extreme|nested-rings|1,0.0,0.0,0.0,0.0,0.18264314578775848,0.6,0.7473990844777362,0.6455392009612496,0.5711442786069653,0.7473990844777362,optimization-limited zone,0,0,0,1
budget_18_neg_diag_extreme|nested-rings|2,0.0,0.0,0.0,0.0,0.18264314578775848,0.6,0.24885559717020392,0.061279663562631405,0.31940298507462694,0.24885559717020392,effective-collapse zone,0,0,0,1
budget_18_neg_diag_extreme|nested-rings|3,0.0,0.0,0.0,0.0,0.18264314578775848,0.6,0.38285476487723674,0.6488434965455091,0.47562189054726367,0.38285476487723674,optimization-limited zone,0,0,0,1
budget_18_neg_diag_extreme|pinwheel|0,0.0,0.0,0.0,0.4,0.36528629157551695,1.0,0.6525176862255513,0.4580955241814357,0.8248756218905473,0.6525176862255513,decision-fragile zone,0,0,1,1
budget_18_neg_diag_extreme|pinwheel|1,0.0,0.0,0.0,0.6,0.5479294373632755,0.4,0.5767790262172284,0.7801141483929107,0.9781094527363182,0.5767790262172284,decision-fragile zone,0,0,1,0
budget_18_neg_diag_extreme|pinwheel|2,0.0,0.0,0.0,0.6,0.5479294373632755,0.2,0.36038285476487725,0.5614298588164613,0.9661691542288557,0.36038285476487725,decision-fragile zone,0,0,1,0
budget_18_neg_diag_extreme|pinwheel|3,0.0,0.0,0.0,0.4,0.36528629157551695,0.2,0.6550145651269247,0.6428356863923098,0.9920398009950251,0.6550145651269247,decision-fragile zone,0,0,1,0
budget_18_neg_diag_extreme|spiral|0,0.0,0.0,0.2,0.0,0.08321725355252003,0.6,0.1373283395755306,0.0835085611294683,0.2348258706467662,0.1373283395755306,effective-collapse zone,0,0,0,1
budget_18_neg_diag_extreme|spiral|1,0.0,0.0,0.0,0.2,0.25478636001277705,0.8,0.33791094465251775,0.44337638930609785,0.2587064676616915,0.33791094465251775,effective-collapse zone,0,0,0,1
budget_18_neg_diag_extreme|spiral|2,0.4,0.2,0.8,0.0,0.04429615731000598,0.8,0.2555139409071993,0.12105737458696304,0.46069651741293544,0.2555139409071993,effective-collapse zone,0,1,0,1
budget_18_neg_diag_extreme|spiral|3,0.2,0.0,0.6,0.0,0.03322211798250448,0.4,0.5551394090719933,0.5740462601381796,0.47661691542288553,0.5551394090719933,optimization-limited zone,0,1,0,0
budget_18_neg_diag_extreme|volatility-clustering|0,1.0,1.0,0.0,0.8,0.39284194270243955,0.2,0.4061589679567208,0.57074196455392,0.38805970149253727,0.4061589679567208,optimization-limited zone,1,0,1,0
budget_18_neg_diag_extreme|volatility-clustering|1,0.8,0.2,0.0,0.6,0.2946314570268297,0.2,0.6591760299625468,0.3097026133974166,0.6646766169154228,0.6591760299625468,decision-fragile zone,1,0,1,0
budget_18_neg_diag_extreme|volatility-clustering|2,0.6,0.2,0.0,0.8,0.39284194270243955,0.2,0.49438202247191015,0.4770201261640131,0.3592039800995025,0.49438202247191015,optimization-limited zone,0,0,1,0
budget_18_neg_diag_extreme|volatility-clustering|3,0.6,0.2,0.0,0.8,0.39284194270243955,0.2,0.772367873491469,0.35265845599279055,0.20597014925373136,0.772367873491469,effective-collapse zone,0,0,1,0
budget_22_broad_high_cond|barbell-bridge|0,0.8,0.4,0.4,0.4,0.6422830625647007,0.2,0.8522679983354141,0.7149294082306997,0.9353233830845771,0.8522679983354141,decision-fragile zone,1,1,1,0
budget_22_broad_high_cond|barbell-bridge|1,0.8,0.4,0.4,0.4,0.6422830625647007,0.2,0.5967540574282147,0.7741063382397114,0.919402985074627,0.5967540574282147,decision-fragile zone,1,1,1,0
budget_22_broad_high_cond|barbell-bridge|2,0.8,0.8,0.4,0.4,0.6422830625647007,0.2,0.8589263420724095,0.3445479122859718,0.7472636815920398,0.8589263420724095,decision-fragile zone,1,1,1,0
budget_22_broad_high_cond|barbell-bridge|3,0.8,0.8,0.4,0.4,0.6422830625647007,1.0,0.42030794839783603,0.612796635626314,0.4636815920398011,0.42030794839783603,optimization-limited zone,1,1,1,1
budget_22_broad_high_cond|crescent|0,0.4,0.4,0.0,0.0,0.0028077289982173957,1.0,0.6928838951310861,0.3439471312706518,0.33731343283582094,0.6928838951310861,ambiguity zone,0,0,0,1
budget_22_broad_high_cond|crescent|1,0.4,0.4,0.0,0.0,0.0028077289982173957,0.2,0.5501456512692467,0.7891258636227094,0.6895522388059702,0.5501456512692467,optimization-limited zone,0,0,0,0
budget_22_broad_high_cond|crescent|2,0.4,0.4,0.0,0.0,0.0028077289982173957,0.2,0.22888056595921766,0.15800540702913785,0.31044776119402984,0.22888056595921766,ambiguity zone,0,0,0,0
budget_22_broad_high_cond|crescent|3,0.4,0.4,0.0,0.0,0.0028077289982173957,0.2,0.4228048272992093,0.864824271553019,0.5064676616915423,0.4228048272992093,optimization-limited zone,0,0,0,0
budget_22_broad_high_cond|cross-branch|0,0.8,0.4,0.4,0.4,0.1988517844704769,0.6,0.8023304203079485,0.02313006908981674,0.23681592039800992,0.8023304203079485,ambiguity zone,1,1,1,1
budget_22_broad_high_cond|cross-branch|1,0.6,0.2,0.2,0.4,0.2429323141861766,0.6,0.4061589679567208,0.7629918894562931,0.45472636815920403,0.4061589679567208,optimization-limited zone,0,0,1,1
budget_22_broad_high_cond|cross-branch|2,0.8,0.4,0.4,0.4,0.1988517844704769,0.6,0.7057844361215148,0.4412736557524782,0.17014925373134335,0.7057844361215148,ambiguity zone,1,1,1,1
budget_22_broad_high_cond|cross-branch|3,0.8,0.4,0.4,0.4,0.1988517844704769,0.6,0.4128173116937162,0.99909882847702,0.2218905472636817,0.4128173116937162,optimization-limited zone,1,1,1,1
budget_22_broad_high_cond|double-loop|0,0.4,0.0,0.4,0.0,0.11273995120565947,0.6,0.0024968789013732817,0.9164914388705316,0.42985074626865677,0.0024968789013732817,optimization-limited zone,0,1,0,1
budget_22_broad_high_cond|double-loop|1,0.8,0.0,0.2,0.2,0.1545804612784396,0.6,0.10570120682480232,0.028236707720036038,0.2666666666666667,0.10570120682480232,ambiguity zone,1,0,0,1
budget_22_broad_high_cond|double-loop|2,0.4,0.0,0.4,0.0,0.11273995120565947,0.6,0.3329171868497712,0.9720636827876238,0.3393034825870648,0.3329171868497712,optimization-limited zone,0,1,0,1
budget_22_broad_high_cond|double-loop|3,0.8,0.0,0.4,0.0,0.11273995120565947,0.6,0.40033291718684977,0.22859717632922794,0.2796019900497513,0.40033291718684977,ambiguity zone,1,1,0,1
budget_22_broad_high_cond|mean-reversion|0,0.6,0.4,0.0,0.4,0.27044208618586857,0.4,0.26550145651269247,0.15199759687593867,0.3890547263681593,0.26550145651269247,ambiguity zone,0,0,1,0
budget_22_broad_high_cond|mean-reversion|1,0.8,0.2,0.0,0.4,0.27044208618586857,0.8,0.02247191011235955,0.6185040552718534,0.5383084577114429,0.02247191011235955,optimization-limited zone,1,0,1,1
budget_22_broad_high_cond|mean-reversion|2,0.6,0.2,0.0,0.4,0.27044208618586857,0.4,0.4161464835622139,0.292279963953139,0.43084577114427847,0.4161464835622139,ambiguity zone,0,0,1,0
budget_22_broad_high_cond|mean-reversion|3,0.6,0.4,0.0,0.4,0.27044208618586857,0.8,0.4327923429047025,0.7458696305196755,0.4417910447761194,0.4327923429047025,optimization-limited zone,0,0,1,1
budget_22_broad_high_cond|multi-hole|0,0.4,0.2,0.0,0.4,0.4374295058005355,0.6,0.31044527673741157,0.29828777410633817,0.3333333333333333,0.31044527673741157,effective-collapse zone,0,0,1,1
budget_22_broad_high_cond|multi-hole|1,0.4,0.0,0.0,0.0,0.14428642845003709,0.6,0.0,0.9957945328927605,0.4338308457711443,0.0,optimization-limited zone,0,0,0,1
budget_22_broad_high_cond|multi-hole|2,0.4,0.0,0.0,0.0,0.14428642845003709,0.6,0.4752392842280483,0.5052568338840492,0.5203980099502487,0.4752392842280483,effective-collapse zone,0,0,0,1
budget_22_broad_high_cond|multi-hole|3,0.4,0.0,0.0,0.0,0.14428642845003709,0.6,0.41614648356221395,0.8969660558726344,0.5293532338308456,0.41614648356221395,optimization-limited zone,0,0,0,1
budget_22_broad_high_cond|nested-rings|0,0.4,0.0,0.0,0.0,0.19478610454870324,0.8,0.33541406575114446,0.12796635626314207,0.37711442786069654,0.33541406575114446,effective-collapse zone,0,0,0,1
budget_22_broad_high_cond|nested-rings|1,0.4,0.0,0.0,0.0,0.19478610454870324,0.4,0.27049521431543905,0.7909282066686691,0.5631840796019901,0.27049521431543905,optimization-limited zone,0,0,0,0
budget_22_broad_high_cond|nested-rings|2,0.4,0.0,0.0,0.0,0.19478610454870324,0.8,0.3945068664169788,0.1441874436767798,0.3681592039800995,0.3945068664169788,effective-collapse zone,0,0,0,1
budget_22_broad_high_cond|nested-rings|3,0.4,0.0,0.0,0.0,0.19478610454870324,0.4,0.26799833541406576,0.6299188945629316,0.5223880597014924,0.26799833541406576,optimization-limited zone,0,0,0,0
budget_22_broad_high_cond|pinwheel|0,0.4,0.6,0.0,0.4,0.29314307735049844,0.8,0.5509779442363713,0.44848302793631706,0.8139303482587064,0.5509779442363713,decision-fragile zone,0,0,1,1
budget_22_broad_high_cond|pinwheel|1,0.4,0.6,0.0,0.4,0.29314307735049844,0.4,0.8747399084477736,0.7500750976269149,1.0,0.8747399084477736,decision-fragile zone,0,0,1,0
budget_22_broad_high_cond|pinwheel|2,0.8,0.6,0.0,0.4,0.29314307735049844,0.8,0.44028297960882234,0.5500150195253829,0.8039800995024875,0.44028297960882234,decision-fragile zone,1,0,1,1
budget_22_broad_high_cond|pinwheel|3,0.4,0.6,0.0,0.4,0.29314307735049844,0.4,0.6267166042446942,0.8170621808350855,0.5044776119402984,0.6267166042446942,optimization-limited zone,0,0,1,0
budget_22_broad_high_cond|spiral|0,0.2,0.0,0.0,0.2,0.1826431457877585,0.6,0.3786933000416146,0.1619104836287173,0.7592039800995025,0.3786933000416146,decision-fragile zone,0,0,0,1
budget_22_broad_high_cond|spiral|1,0.4,0.4,0.0,0.6,0.3314997946882199,0.4,0.045776113191843534,0.5019525382997896,0.6009950248756218,0.045776113191843534,optimization-limited zone,0,0,1,0
budget_22_broad_high_cond|spiral|2,0.6,0.0,0.0,0.0,0.2164296426750556,0.6,0.3736995422388681,0.12436167017122257,0.7671641791044777,0.3736995422388681,decision-fragile zone,0,0,0,1
budget_22_broad_high_cond|spiral|3,0.4,0.0,0.0,0.0,0.14428642845003709,0.4,0.26133999167707034,0.7762090717933313,0.4746268656716418,0.26133999167707034,optimization-limited zone,0,0,0,0
budget_22_broad_high_cond|volatility-clustering|0,0.6,0.4,0.0,0.4,0.28701284390187626,0.2,0.5210153974198919,0.5956743766896966,0.3850746268656717,0.5210153974198919,optimization-limited zone,0,0,1,0
budget_22_broad_high_cond|volatility-clustering|1,0.8,0.8,0.0,0.4,0.28701284390187626,0.2,0.22055763628797337,0.13006908981676177,0.16119402985074624,0.22055763628797337,effective-collapse zone,1,0,1,0
budget_22_broad_high_cond|volatility-clustering|2,0.2,0.2,0.6,0.6,0.4637413838353188,0.4,0.42030794839783603,0.8368879543406428,0.8348258706467662,0.42030794839783603,decision-fragile zone,0,1,1,0
budget_22_broad_high_cond|volatility-clustering|3,0.8,0.8,0.2,0.4,0.2980868832293777,0.4,0.22804827299209318,0.30519675578251726,0.3711442786069653,0.22804827299209318,ambiguity zone,1,0,1,0
budget_23_small_high_cond|barbell-bridge|0,0.6,0.6,0.4,0.4,0.6422830625647007,0.6,0.9488139825218477,0.9318113547611896,0.5144278606965175,0.9488139825218477,information-limited zone,0,1,1,1
budget_23_small_high_cond|barbell-bridge|1,0.6,0.6,0.4,0.4,0.6422830625647007,0.6,0.8655846858094048,0.8026434364674077,0.5174129353233831,0.8655846858094048,information-limited zone,0,1,1,1
budget_23_small_high_cond|barbell-bridge|2,0.8,0.6,0.4,0.4,0.6422830625647007,0.6,0.9696213066999585,0.37819164914388703,0.35721393034825877,0.9696213066999585,information-limited zone,1,1,1,1
budget_23_small_high_cond|barbell-bridge|3,0.6,0.6,0.4,0.4,0.6422830625647007,0.6,0.961298377028714,0.6010814058275757,0.8029850746268656,0.961298377028714,information-limited zone,0,1,1,1
budget_23_small_high_cond|crescent|0,0.4,0.0,0.0,0.0,0.0028077289982173957,0.2,0.20557636287973366,0.11625112646440369,0.2965174129353235,0.20557636287973366,ambiguity zone,0,0,0,0
budget_23_small_high_cond|crescent|1,0.4,0.0,0.0,0.0,0.0028077289982173957,0.2,0.4860590928006658,0.8026434364674074,0.5213930348258707,0.4860590928006658,optimization-limited zone,0,0,0,0
budget_23_small_high_cond|crescent|2,0.4,0.0,0.0,0.0,0.0028077289982173957,0.2,0.47482313774448603,0.06097927305497146,0.0656716417910448,0.47482313774448603,ambiguity zone,0,0,0,0
budget_23_small_high_cond|crescent|3,0.4,0.0,0.0,0.0,0.0028077289982173957,1.0,0.38535164377861003,0.8398918594172423,0.47661691542288553,0.38535164377861003,optimization-limited zone,0,0,0,1
budget_23_small_high_cond|cross-branch|0,0.4,0.4,0.4,0.0,0.02214807865500299,0.4,0.8759883478984604,0.04656052868729347,0.5701492537313432,0.8759883478984604,decision-fragile zone,0,1,0,0
budget_23_small_high_cond|cross-branch|1,0.4,0.4,0.4,0.0,0.02214807865500299,0.8,0.7648772367873493,0.6924001201562029,0.7671641791044777,0.7648772367873493,decision-fragile zone,0,1,0,1
budget_23_small_high_cond|cross-branch|2,0.4,0.4,0.4,0.0,0.02214807865500299,0.4,0.7257594673325011,0.19915890657855206,0.5781094527363185,0.7257594673325011,decision-fragile zone,0,1,0,0
budget_23_small_high_cond|cross-branch|3,0.4,0.4,0.4,0.0,0.02214807865500299,0.8,0.6084061589679568,0.7446680684890357,0.7323383084577114,0.6084061589679568,decision-fragile zone,0,1,0,1
budget_23_small_high_cond|double-loop|0,0.2,0.0,0.0,0.4,0.19642097135121978,0.6,0.07324178110694965,0.5373986182036647,0.28656716417910444,0.07324178110694965,ambiguity zone,0,0,1,1
budget_23_small_high_cond|double-loop|1,0.2,0.0,0.0,0.4,0.19642097135121978,0.6,0.490220557636288,0.08260738960648842,0.272636815920398,0.490220557636288,ambiguity zone,0,0,1,1
budget_23_small_high_cond|double-loop|2,1.0,0.0,0.0,0.4,0.19642097135121978,0.6,0.3645443196004994,0.7939321117452688,0.5124378109452735,0.3645443196004994,optimization-limited zone,1,0,1,1
budget_23_small_high_cond|double-loop|3,0.2,0.0,0.0,0.4,0.19642097135121978,0.6,0.6916354556803995,0.17693000901171524,0.31940298507462694,0.6916354556803995,ambiguity zone,0,0,1,1
budget_23_small_high_cond|mean-reversion|0,0.4,0.0,0.0,0.4,0.27044208618586857,0.6,0.6175613816063255,0.3944127365575247,0.24179104477611935,0.6175613816063255,effective-collapse zone,0,0,1,1
budget_23_small_high_cond|mean-reversion|1,0.4,0.0,0.0,0.4,0.27044208618586857,0.6,0.19642114024136492,0.555722439170922,0.3213930348258708,0.19642114024136492,optimization-limited zone,0,0,1,1
budget_23_small_high_cond|mean-reversion|2,0.8,0.0,0.0,0.4,0.27044208618586857,0.6,0.7573866000832292,0.36377290477620905,0.23283582089552243,0.7573866000832292,effective-collapse zone,1,0,1,1
budget_23_small_high_cond|mean-reversion|3,0.8,0.0,0.0,0.4,0.27044208618586857,0.6,0.6658343736995422,0.6218083508561127,0.4487562189054727,0.6658343736995422,optimization-limited zone,1,0,1,1
budget_23_small_high_cond|multi-hole|0,0.4,0.0,0.0,0.4,0.36528629157551695,0.8,0.5667915106117353,0.1396815860618804,0.3114427860696518,0.5667915106117353,effective-collapse zone,0,0,1,1
budget_23_small_high_cond|multi-hole|1,0.4,0.0,0.0,0.4,0.36528629157551695,0.4,0.7894298793175198,0.6884950435566236,0.7223880597014926,0.7894298793175198,optimization-limited zone,0,0,1,0
budget_23_small_high_cond|multi-hole|2,0.4,0.0,0.0,0.4,0.36528629157551695,0.4,0.455264253017062,0.3325322919795734,0.2965174129353235,0.455264253017062,effective-collapse zone,0,0,1,0
budget_23_small_high_cond|multi-hole|3,0.6,0.0,0.0,0.6,0.5479294373632755,0.4,0.39034540158135667,0.685190747972364,0.5094527363184079,0.39034540158135667,optimization-limited zone,0,0,1,0
budget_23_small_high_cond|nested-rings|0,0.4,0.0,0.0,0.0,0.19478610454870324,0.2,0.5197669579692051,0.06188044457795133,0.31044776119402984,0.5197669579692051,effective-collapse zone,0,0,0,0
budget_23_small_high_cond|nested-rings|1,0.4,0.0,0.0,0.0,0.19478610454870324,1.0,0.6974615064502704,0.7539801742264943,0.5661691542288557,0.6974615064502704,optimization-limited zone,0,0,0,1
budget_23_small_high_cond|nested-rings|2,0.4,0.0,0.0,0.0,0.19478610454870324,0.2,0.6645859342488556,0.09702613397416643,0.3393034825870648,0.6645859342488556,effective-collapse zone,0,0,0,0
budget_23_small_high_cond|nested-rings|3,0.4,0.0,0.0,0.0,0.19478610454870324,0.2,0.4898044111527258,0.6245118654250524,0.4597014925373134,0.4898044111527258,optimization-limited zone,0,0,0,0
budget_23_small_high_cond|pinwheel|0,0.6,0.0,0.0,0.6,0.5479294373632755,0.8,0.6799833541406575,0.41964553920096115,0.8228855721393036,0.6799833541406575,decision-fragile zone,0,0,1,1
budget_23_small_high_cond|pinwheel|1,0.4,0.0,0.0,0.4,0.36528629157551695,0.4,0.4810653349979193,0.5746470411534994,0.8059701492537313,0.4810653349979193,decision-fragile zone,0,0,1,0
budget_23_small_high_cond|pinwheel|2,0.4,0.0,0.0,0.4,0.36528629157551695,0.4,0.7831876820640866,0.5193751877440673,0.8169154228855722,0.7831876820640866,decision-fragile zone,0,0,1,0
budget_23_small_high_cond|pinwheel|3,0.4,0.0,0.0,0.4,0.36528629157551695,0.4,0.7349146899708697,0.7218383899068789,0.9771144278606967,0.7349146899708697,decision-fragile zone,0,0,1,0
budget_23_small_high_cond|spiral|0,0.6,0.6,0.0,0.4,0.22099986312547992,0.4,0.5397419891801913,0.06188044457795133,0.4338308457711443,0.5397419891801913,effective-collapse zone,0,0,1,0
budget_23_small_high_cond|spiral|1,0.6,0.6,0.4,0.0,0.02214807865500299,0.6,0.6171452351227632,0.5611294683088014,0.45472636815920403,0.6171452351227632,effective-collapse zone,0,1,0,1
budget_23_small_high_cond|spiral|2,0.6,0.6,0.0,0.4,0.22099986312547992,0.8,0.45942571785268416,0.21507960348452984,0.24477611940298513,0.45942571785268416,effective-collapse zone,0,0,1,1
budget_23_small_high_cond|spiral|3,0.6,0.6,0.0,0.4,0.22099986312547992,0.8,0.7415730337078652,0.6061880444577951,0.6567164179104478,0.7415730337078652,optimization-limited zone,0,0,1,1
budget_23_small_high_cond|volatility-clustering|0,0.2,0.0,0.0,0.4,0.19642097135121978,0.6,0.6500208073241781,0.5743466506458396,0.8597014925373134,0.6500208073241781,decision-fragile zone,0,0,1,1
budget_23_small_high_cond|volatility-clustering|1,0.2,0.0,0.0,0.6,0.2946314570268297,0.4,0.7390761548064918,0.30459597476719735,0.6696517412935322,0.7390761548064918,decision-fragile zone,0,0,1,0
budget_23_small_high_cond|volatility-clustering|2,0.2,0.0,0.0,0.8,0.39284194270243955,0.6,0.6042446941323346,0.6713727846200059,0.8398009950248757,0.6042446941323346,decision-fragile zone,0,0,1,1
budget_23_small_high_cond|volatility-clustering|3,0.2,0.0,0.0,0.8,0.39284194270243955,0.8,0.6267166042446941,0.36978071492940817,0.672636815920398,0.6267166042446941,decision-fragile zone,0,0,1,1
budget_24_rotated_slender|barbell-bridge|0,0.4,0.4,0.4,0.4,0.6422830625647007,0.4,0.789846025801082,0.9384199459297086,0.5223880597014924,0.789846025801082,information-limited zone,0,1,1,0
budget_24_rotated_slender|barbell-bridge|1,0.4,0.4,0.4,0.4,0.6422830625647007,0.8,0.7498959633791095,0.9032742565334936,0.8039800995024875,0.7498959633791095,information-limited zone,0,1,1,1
budget_24_rotated_slender|barbell-bridge|2,1.0,0.8,0.4,0.4,0.6422830625647007,0.8,1.0,0.38480024031240606,0.3522388059701492,1.0,information-limited zone,1,1,1,1
budget_24_rotated_slender|barbell-bridge|3,0.4,0.4,0.4,0.4,0.6422830625647007,0.4,0.7632126508531003,0.6578552117753079,0.808955223880597,0.7632126508531003,information-limited zone,0,1,1,0
budget_24_rotated_slender|crescent|0,0.4,0.4,0.0,0.0,0.0028077289982173957,0.6,0.4069912609238452,0.17422649444277558,0.3054726368159204,0.4069912609238452,ambiguity zone,0,0,0,1
budget_24_rotated_slender|crescent|1,0.4,0.4,0.0,0.0,0.0028077289982173957,0.6,0.5692883895131087,0.8594172424151396,0.5124378109452735,0.5692883895131087,optimization-limited zone,0,0,0,1
budget_24_rotated_slender|crescent|2,0.4,0.4,0.2,0.0,0.09942589223523846,0.6,0.5626300457761132,0.10303394412736556,0.3233830845771144,0.5626300457761132,ambiguity zone,0,0,0,1
budget_24_rotated_slender|crescent|3,0.2,0.4,0.4,0.0,0.1960440554722595,0.4,0.149812734082397,0.8299789726644637,0.4567164179104478,0.149812734082397,optimization-limited zone,0,1,0,0
budget_24_rotated_slender|cross-branch|0,0.8,0.4,0.4,0.0,0.02214807865500299,0.6,0.6891385767790261,0.030039050765995796,0.06865671641791045,0.6891385767790261,ambiguity zone,1,1,0,1
budget_24_rotated_slender|cross-branch|1,0.8,0.4,0.4,0.0,0.02214807865500299,0.6,0.1880982105701207,0.7161309702613398,0.7303482587064677,0.1880982105701207,decision-fragile zone,1,1,0,1
budget_24_rotated_slender|cross-branch|2,0.8,0.8,0.4,0.0,0.02214807865500299,0.6,0.9084477736163129,0.20636827876239103,0.6129353233830847,0.9084477736163129,decision-fragile zone,1,1,0,1
budget_24_rotated_slender|cross-branch|3,0.8,0.4,0.4,0.0,0.02214807865500299,0.4,0.7228464419475655,0.7689996996094922,0.2756218905472637,0.7228464419475655,optimization-limited zone,1,1,0,0
budget_24_rotated_slender|double-loop|0,0.6,0.2,0.0,0.4,0.19642097135121978,0.8,0.2813150228880566,0.6521477921297686,0.29850746268656714,0.2813150228880566,ambiguity zone,0,0,1,1
budget_24_rotated_slender|double-loop|1,0.4,0.0,0.0,0.4,0.19642097135121978,0.4,0.322929671244278,0.12105737458696304,0.27164179104477615,0.322929671244278,ambiguity zone,0,0,1,0
budget_24_rotated_slender|double-loop|2,0.8,0.0,0.0,0.4,0.19642097135121978,0.4,0.4602580108198086,0.8477020126164013,0.5840796019900497,0.4602580108198086,optimization-limited zone,1,0,1,0
budget_24_rotated_slender|double-loop|3,0.6,0.2,0.0,0.4,0.19642097135121978,0.8,0.299625468164794,0.18113547611895456,0.08159203980099501,0.299625468164794,ambiguity zone,0,0,1,1
budget_24_rotated_slender|mean-reversion|0,0.6,0.6,0.0,0.4,0.27044208618586857,0.2,0.47856845609654597,0.49083808951637115,0.48258706467661694,0.47856845609654597,ambiguity zone,0,0,1,0
budget_24_rotated_slender|mean-reversion|1,0.6,0.6,0.0,0.4,0.27044208618586857,1.0,0.3553890969621307,0.5596275157705015,0.5611940298507462,0.3553890969621307,optimization-limited zone,0,0,1,1
budget_24_rotated_slender|mean-reversion|2,0.6,0.6,0.0,0.4,0.27044208618586857,0.2,0.33541406575114446,0.4466806848903574,0.4139303482587065,0.33541406575114446,ambiguity zone,0,0,1,0
budget_24_rotated_slender|mean-reversion|3,0.6,0.6,0.0,0.4,0.27044208618586857,0.2,0.7573866000832291,0.6984079303094021,0.755223880597015,0.7573866000832291,optimization-limited zone,0,0,1,0
budget_24_rotated_slender|multi-hole|0,0.2,0.4,0.0,0.6,0.5479294373632755,0.6,0.19142738243861834,0.1973565635325923,0.3353233830845771,0.19142738243861834,effective-collapse zone,0,0,1,1
budget_24_rotated_slender|multi-hole|1,0.2,0.4,0.0,0.6,0.5479294373632755,0.4,0.4794007490636704,0.7912285971763292,0.49950248756218907,0.4794007490636704,optimization-limited zone,0,0,1,0
budget_24_rotated_slender|multi-hole|2,0.2,0.4,0.0,0.6,0.5479294373632755,0.6,0.23137744486059092,0.3391408831480925,0.2935323383084577,0.23137744486059092,effective-collapse zone,0,0,1,1
budget_24_rotated_slender|multi-hole|3,0.2,0.4,0.0,0.6,0.5479294373632755,0.8,0.47107781939242616,0.7699008711324722,0.5432835820895522,0.47107781939242616,optimization-limited zone,0,0,1,1
budget_24_rotated_slender|nested-rings|0,0.6,1.0,0.0,0.0,0.19478610454870324,0.8,0.43445692883895126,0.13217182337038144,0.33830845771144274,0.43445692883895126,effective-collapse zone,0,0,0,1
budget_24_rotated_slender|nested-rings|1,0.6,0.2,0.0,0.0,0.19478610454870324,0.4,0.6217228464419475,0.835686392310003,0.5970149253731342,0.6217228464419475,optimization-limited zone,0,0,0,0
budget_24_rotated_slender|nested-rings|2,0.6,0.2,0.0,0.0,0.19478610454870324,0.4,0.20807324178110698,0.1342745569240012,0.3144278606965175,0.20807324178110698,effective-collapse zone,0,0,0,0
budget_24_rotated_slender|nested-rings|3,0.6,0.2,0.0,0.0,0.19478610454870324,0.8,0.5139409071993343,0.8317813157104236,0.4865671641791044,0.5139409071993343,optimization-limited zone,0,0,0,1
budget_24_rotated_slender|pinwheel|0,1.0,0.4,0.0,0.6,0.5479294373632755,0.6,0.38868081564710777,0.42985881646139973,0.808955223880597,0.38868081564710777,decision-fragile zone,1,0,1,1
budget_24_rotated_slender|pinwheel|1,0.8,0.4,0.0,0.4,0.36528629157551695,0.6,0.4835622138992926,0.6052868729348152,0.9691542288557216,0.4835622138992926,decision-fragile zone,1,0,1,1
budget_24_rotated_slender|pinwheel|2,0.4,0.8,0.0,0.4,0.36528629157551695,0.4,0.3487307532251353,0.5343947131270651,0.8159203980099503,0.3487307532251353,decision-fragile zone,0,0,1,0
budget_24_rotated_slender|pinwheel|3,0.4,0.8,0.0,0.4,0.36528629157551695,0.6,0.8164794007490637,0.78462000600781,0.9940298507462688,0.8164794007490637,decision-fragile zone,0,0,1,1
budget_24_rotated_slender|spiral|0,0.6,0.4,0.4,0.0,0.02214807865500299,0.6,0.4560965459841865,0.1177530790027035,0.291542288557214,0.4560965459841865,effective-collapse zone,0,1,0,1
budget_24_rotated_slender|spiral|1,0.8,0.8,0.4,0.0,0.02214807865500299,0.6,0.31294215563878486,0.5491138480024029,0.2497512437810946,0.31294215563878486,effective-collapse zone,1,1,0,1
budget_24_rotated_slender|spiral|2,0.6,0.4,0.4,0.0,0.02214807865500299,0.6,0.29546400332917183,0.25052568338840486,0.2616915422885573,0.29546400332917183,effective-collapse zone,0,1,0,1
budget_24_rotated_slender|spiral|3,0.8,0.8,0.4,0.0,0.02214807865500299,0.6,0.3745318352059925,0.677080204265545,0.49154228855721394,0.3745318352059925,optimization-limited zone,1,1,0,1
budget_24_rotated_slender|volatility-clustering|0,0.4,0.0,0.0,0.8,0.39284194270243955,0.4,0.46941323345817726,0.6260138179633523,0.8636815920398009,0.46941323345817726,decision-fragile zone,0,0,1,0
budget_24_rotated_slender|volatility-clustering|1,0.4,0.0,0.0,0.6,0.2946314570268297,0.2,0.5534748231377444,0.3376389306097926,0.7154228855721393,0.5534748231377444,decision-fragile zone,0,0,1,0
budget_24_rotated_slender|volatility-clustering|2,1.0,1.0,0.0,0.8,0.39284194270243955,0.4,0.7424053266749896,0.6191048362871732,0.87363184079602,0.7424053266749896,decision-fragile zone,1,0,1,0
budget_24_rotated_slender|volatility-clustering|3,0.8,0.0,0.0,0.8,0.39284194270243955,0.4,0.6242197253433208,0.37608891559026725,0.38407960199004976,0.6242197253433208,ambiguity zone,1,0,1,0
