scope,fold,n,utility,oracle_utility,regret,best_view_acc
synthetic_access,0,30,0.29477333333333333,0.78112,0.48634666666666665,0.43333333333333335
synthetic_access,1,36,0.835288888888889,0.9922222222222222,0.15693333333333337,0.3888888888888889
synthetic_access,2,24,0.7775333333333334,0.8253333333333334,0.04780000000000001,0.6666666666666666
synthetic_access,3,24,0.8623333333333334,0.9902000000000001,0.12786666666666668,0.7916666666666666
ivf_pq_semantic,0,5000,0.2872168606989882,0.3939987417836398,0.10678188108465152,0.3612
ivf_pq_semantic,1,5000,0.23239811061846727,0.3275861584913982,0.09518804787293098,0.3446
ivf_pq_semantic,2,5000,0.24783385955408085,0.3524654211447965,0.10463156159071571,0.3572
ivf_pq_semantic,3,5000,0.28478377778023806,0.3879653090902558,0.10318153131001775,0.3686
ivf_pq_semantic,4,5000,0.2762053293849096,0.3779781871627462,0.10177285777783662,0.3478
