dataset,cluster_id,n,radius,radius_std,label_entropy,majority_share
docred,0,1,0.0,0.0,-1.4428232973175175e-12,1.0
docred,1,245,0.14211970567703247,0.0300705935806036,6.248135771728112,0.06938775510204082
docred,2,271,0.14631058275699615,0.0291215181350708,2.8218114913919385,0.46494464944649444
docred,3,333,0.1848398894071579,0.02734368108212948,3.7456000596855796,0.2672672672672673
docred,4,1,0.0,0.0,-1.4428232973175175e-12,1.0
docred,5,465,0.1351049840450287,0.026382120326161385,4.977361457918468,0.21935483870967742
docred,6,190,0.1668388992547989,0.02626793086528778,5.59296710222438,0.08421052631578947
docred,7,3,0.07386841624975204,0.05585583299398422,1.584962500716828,0.3333333333333333
docred,8,1,-1.1920928955078125e-07,0.0,-1.4428232973175175e-12,1.0
docred,9,372,0.1483544111251831,0.02642492949962616,4.363003862149383,0.2956989247311828
docred,10,141,0.15935450792312622,0.035108331590890884,1.8790718632495877,0.46099290780141844
docred,11,539,0.14900988340377808,0.029152950271964073,5.589790873479465,0.2077922077922078
docred,12,309,0.15080639719963074,0.028828248381614685,2.71960413120662,0.5080906148867314
docred,13,291,0.18406124413013458,0.03298819810152054,5.882177449814585,0.07903780068728522
docred,14,230,0.12164315581321716,0.031232481822371483,4.689994402436018,0.12608695652173912
docred,15,300,0.12453313171863556,0.026071149855852127,4.092608135093933,0.3233333333333333
docred,16,150,0.14097890257835388,0.027646800503134727,5.235998898335623,0.12
docred,17,460,0.1213628500699997,0.03070138581097126,4.147351035671004,0.41956521739130437
docred,18,411,0.1307866871356964,0.02509102039039135,4.44619810310813,0.2846715328467153
docred,19,324,0.17397329211235046,0.027940398082137108,5.544970238086141,0.12654320987654322
docred,20,356,0.16358263790607452,0.02597246877849102,3.55539565473076,0.29213483146067415
docred,21,1,1.1920928955078125e-07,0.0,-1.4428232973175175e-12,1.0
docred,22,244,0.16938021779060364,0.033288534730672836,6.463160638640657,0.05737704918032787
docred,23,420,0.14344272017478943,0.03324488550424576,4.41567979378599,0.20238095238095238
docred,24,138,0.17680689692497253,0.03122914396226406,4.98685633966788,0.12318840579710146
docred,25,129,0.013866466470062733,0.009024362079799175,0.224576688869125,0.9689922480620154
docred,26,364,0.168900266289711,0.02782878279685974,5.474375038806358,0.17857142857142858
docred,27,260,0.1638186126947403,0.03642512485384941,4.570944551524887,0.18461538461538463
docred,28,257,0.15484470129013062,0.031609907746315,5.4880555209644095,0.13618677042801555
docred,29,1,0.0,0.0,-1.4428232973175175e-12,1.0
docred,30,300,0.15347030758857727,0.028918039053678513,2.2023892275433488,0.45666666666666667
docred,31,1,1.1920928955078125e-07,0.0,-1.4428232973175175e-12,1.0
docred,32,260,0.17704564332962036,0.030305717140436172,4.2220395594167766,0.18846153846153846
docred,33,224,0.1317594349384308,0.023252442479133606,5.389635847530217,0.07589285714285714
docred,34,150,0.16285857558250427,0.03193951025605202,4.998270367190582,0.14666666666666667
docred,35,146,0.09497468918561935,0.024830419570207596,3.570227872160298,0.4246575342465753
docred,36,194,0.1663062572479248,0.028018204495310783,5.042995882758303,0.12371134020618557
docred,37,212,0.16207720339298248,0.028443828225135803,5.536934007714183,0.14622641509433962
docred,38,303,0.1328679323196411,0.025614891201257706,3.5340178014762746,0.42574257425742573
docred,39,388,0.16643649339675903,0.029270637780427933,5.913025950430703,0.13659793814432988
docred,40,406,0.13788239657878876,0.03040461428463459,5.8803204745072755,0.0812807881773399
docred,41,1,0.0,0.0,-1.4428232973175175e-12,1.0
docred,42,235,0.16063949465751648,0.03225954249501228,2.743873336379384,0.37872340425531914
docred,43,130,0.13683918118476868,0.043255142867565155,2.2772397540733227,0.5384615384615384
docred,44,1,1.1920928955078125e-07,0.0,-1.4428232973175175e-12,1.0
docred,45,207,0.16843336820602417,0.02770419232547283,5.319803712689058,0.13526570048309178
docred,46,1,0.0,0.0,-1.4428232973175175e-12,1.0
docred,47,270,0.17706036567687988,0.028242263942956924,4.409879031268226,0.26296296296296295
docred,48,125,0.1364559680223465,0.03295068070292473,3.0481077844671938,0.312
docred,49,117,0.14668291807174683,0.04126071184873581,4.703399714439284,0.1452991452991453
docred,50,514,0.14563167095184326,0.024745889008045197,5.845826881158659,0.15953307392996108
docred,51,212,0.1452406644821167,0.02620605193078518,2.6035946635491536,0.4858490566037736
docred,52,385,0.16262419521808624,0.03787871450185776,2.711389231043867,0.45454545454545453
docred,53,204,0.1768919676542282,0.028311334550380707,4.917121506179509,0.18627450980392157
docred,54,360,0.13773025572299957,0.026953188702464104,5.243375841003653,0.20277777777777778
docred,55,1,0.0,0.0,-1.4428232973175175e-12,1.0
docred,56,290,0.1654602736234665,0.031963810324668884,5.896023728948499,0.07931034482758621
docred,57,462,0.08640607446432114,0.01571521908044815,3.958567692524455,0.341991341991342
docred,58,324,0.13069023191928864,0.028079427778720856,5.32255455849951,0.2222222222222222
docred,59,355,0.12442317605018616,0.0318031869828701,3.8291935811012663,0.2619718309859155
docred,60,516,0.16825103759765625,0.029933640733361244,5.493989813504983,0.1744186046511628
docred,61,282,0.13735489547252655,0.03429736942052841,3.215526046593113,0.2695035460992908
docred,62,258,0.11207419633865356,0.0263926163315773,4.413913980226826,0.15503875968992248
docred,63,274,0.16618311405181885,0.02691863290965557,5.672962326473314,0.14963503649635038
docred,64,332,0.1659012883901596,0.03229837864637375,5.644987681320063,0.12650602409638553
docred,65,320,0.10497889667749405,0.02572157233953476,2.26469950679168,0.390625
docred,66,436,0.16333553194999695,0.036093570291996,4.6074042813692095,0.1720183486238532
docred,67,274,0.16229918599128723,0.030867980793118477,4.836309921236163,0.19343065693430658
docred,68,600,0.12564806640148163,0.029100382700562477,4.094689120449831,0.37333333333333335
docred,69,340,0.15450893342494965,0.0313713364303112,3.8978924569764253,0.3264705882352941
docred,70,212,0.14641231298446655,0.027882639318704605,5.20444215415828,0.12264150943396226
docred,71,404,0.1570541113615036,0.026857921853661537,2.642284743805428,0.4900990099009901
docred,72,389,0.1639491617679596,0.03478148579597473,4.9967696461362605,0.2699228791773779
docred,73,1,0.0,0.0,-1.4428232973175175e-12,1.0
docred,74,43,0.17185941338539124,0.02935214526951313,2.605265477734355,0.37209302325581395
docred,75,146,0.15022027492523193,0.0322270393371582,5.331781899082492,0.06164383561643835
docred,76,287,0.11526436358690262,0.02764350175857544,4.6041712041347465,0.23344947735191637
docred,77,167,0.10920117050409317,0.046115729957818985,2.0245351643738023,0.38323353293413176
docred,78,200,0.11762861162424088,0.0322321392595768,4.743749282653206,0.105
docred,79,453,0.12473374605178833,0.024354878813028336,4.588400843345482,0.1986754966887417
docred,80,171,0.1650511473417282,0.033720217645168304,4.012726586492971,0.17543859649122806
docred,81,88,0.14037440717220306,0.028794730082154274,4.118712452570154,0.19318181818181818
docred,82,407,0.18261145055294037,0.029098430648446083,4.710982790636881,0.21621621621621623
docred,83,214,0.15008287131786346,0.029747728258371353,4.39547667407293,0.24766355140186916
docred,84,329,0.15957100689411163,0.03097628429532051,5.426185286915046,0.0911854103343465
docred,85,63,0.15500816702842712,0.0355246476829052,3.989051654160826,0.19047619047619047
docred,86,333,0.1283130943775177,0.03362021595239639,4.181900200792826,0.19519519519519518
docred,87,486,0.1196674108505249,0.02267257496714592,4.371871687838302,0.32098765432098764
docred,88,435,0.16048561036586761,0.027119752019643784,5.4036204790320905,0.11264367816091954
docred,89,294,0.16600441932678223,0.029775943607091904,5.730931328256673,0.09863945578231292
docred,90,337,0.16642169654369354,0.027807559818029404,5.419990385807908,0.14836795252225518
docred,91,325,0.1575949490070343,0.029638346284627914,2.4724005981257675,0.44
docred,92,1,1.1920928955078125e-07,0.0,-1.4428232973175175e-12,1.0
docred,93,495,0.1513206660747528,0.030616477131843567,3.5195385446430087,0.4383838383838384
docred,94,268,0.12699104845523834,0.029791906476020813,3.020695598072975,0.332089552238806
docred,95,327,0.16281387209892273,0.027104685083031654,4.880311332558107,0.16819571865443425
docred,96,300,0.1571851670742035,0.0285342950373888,3.1910750885355004,0.43333333333333335
docred,97,412,0.14792223274707794,0.026849448680877686,5.549379042677127,0.12864077669902912
docred,98,369,0.11029323935508728,0.0244404599070549,4.7736473249868325,0.13279132791327913
docred,99,181,0.14027060568332672,0.02911379002034664,2.058073944905424,0.6077348066298343
docred,100,238,0.10406769812107086,0.02500467374920845,4.4483078262742435,0.226890756302521
docred,101,13,0.0556606687605381,0.024394338950514793,-1.4428232973175175e-12,1.0
docred,102,270,0.12929405272006989,0.028345249593257904,4.887147804689773,0.25925925925925924
docred,103,194,0.14560829102993011,0.029276026412844658,4.608079884601162,0.23195876288659795
docred,104,177,0.14302265644073486,0.03105924278497696,5.431427737445348,0.10734463276836158
docred,105,365,0.16802316904067993,0.03088667243719101,5.451355485531696,0.20273972602739726
docred,106,1,-1.1920928955078125e-07,0.0,-1.4428232973175175e-12,1.0
docred,107,365,0.1269533783197403,0.029705841094255447,1.4367423316874057,0.7589041095890411
docred,108,584,0.15260551869869232,0.030536407604813576,3.524106976529641,0.2534246575342466
docred,109,1,0.0,0.0,-1.4428232973175175e-12,1.0
docred,110,330,0.16563750803470612,0.026722382754087448,4.044713103941507,0.23939393939393938
docred,111,184,0.17373314499855042,0.03179021552205086,5.9608011234262195,0.07608695652173914
docred,112,390,0.17279064655303955,0.03131198137998581,5.978428943307926,0.08461538461538462
docred,113,109,0.14189401268959045,0.03436962887644768,1.8906054718589973,0.6422018348623854
docred,114,326,0.16285163164138794,0.0285288505256176,6.044768332277177,0.0736196319018405
docred,115,151,0.1795521378517151,0.029575545340776443,4.946800191203564,0.152317880794702
docred,116,260,0.16248518228530884,0.02973068132996559,5.2839485952335,0.15384615384615385
docred,117,143,0.14439867436885834,0.031644556671381,4.216144677523669,0.24475524475524477
docred,118,166,0.16335974633693695,0.025991197675466537,5.2766258666493755,0.1746987951807229
docred,119,341,0.14282365143299103,0.027352167293429375,5.938100245637608,0.15249266862170088
docred,120,478,0.14948110282421112,0.03379207104444504,2.2539785783517785,0.5857740585774058
docred,121,103,0.15883994102478027,0.033083342015743256,2.585183220890558,0.36893203883495146
docred,122,24,0.11904088407754898,0.0662490651011467,1.3640054628484495,0.5833333333333334
docred,123,219,0.15131928026676178,0.033879123628139496,4.357878870435485,0.2009132420091324
docred,124,424,0.16029340028762817,0.029040563851594925,6.499824704976932,0.07783018867924528
docred,125,341,0.13852187991142273,0.027546565979719162,2.3632791380967153,0.5454545454545454
docred,126,239,0.1708332747220993,0.030450135469436646,4.915707503966229,0.20502092050209206
docred,127,280,0.08624190092086792,0.039795294404029846,3.8923046213212857,0.26785714285714285
docred,128,80,0.08718696981668472,0.03677615523338318,1.513553766766135,0.775
docred,129,46,0.05622872710227966,0.029288912191987038,1.403835102857701,0.5
docred,130,32,0.05954582616686821,0.03292934596538544,3.2483203810732304,0.34375
docred,131,211,0.1328120082616806,0.030451837927103043,2.0057001310245006,0.6872037914691943
docred,132,284,0.15146957337856293,0.025759272277355194,6.3582765786255715,0.09859154929577464
docred,133,115,0.04230450466275215,0.013065150007605553,1.3322410343857336,0.5130434782608696
docred,134,297,0.16163355112075806,0.028788840398192406,5.437127094394057,0.09764309764309764
docred,135,433,0.1683751344680786,0.02829594537615776,5.282269422440578,0.14318706697459585
docred,136,243,0.17631006240844727,0.026163272559642792,4.5106136693873875,0.20987654320987653
docred,137,504,0.1502106487751007,0.027781600132584572,2.6068831971792443,0.5337301587301587
docred,138,334,0.13977394998073578,0.03212972357869148,4.190198247310058,0.3562874251497006
docred,139,234,0.10606533288955688,0.0259659755975008,4.529608311401213,0.21367521367521367
docred,140,209,0.15693581104278564,0.029868528246879578,2.84502981506198,0.37799043062200954
docred,141,497,0.14813607931137085,0.030670667067170143,5.1275954730623905,0.15694164989939638
docred,142,416,0.12685050070285797,0.024705102667212486,5.116282743026966,0.12259615384615384
docred,143,42,0.049705516546964645,0.042566318064928055,0.7938758497384646,0.8333333333333334
docred,144,394,0.1439322978258133,0.028522245585918427,5.911617972098741,0.09390862944162437
docred,145,239,0.14892402291297913,0.03606705740094185,5.128297826426731,0.1087866108786611
docred,146,324,0.1306024193763733,0.02707776613533497,4.953991168240132,0.20679012345679013
docred,147,246,0.16469338536262512,0.030032170936465263,3.7420064879264765,0.23983739837398374
docred,148,312,0.17272494733333588,0.0284841600805521,3.1325656360144483,0.32051282051282054
docred,149,76,0.014254413545131683,0.00871403981000185,0.5426780705520692,0.8947368421052632
docred,150,432,0.1354743093252182,0.026642480865120888,5.266480481762877,0.16666666666666666
docred,151,49,0.019673798233270645,0.00956086814403534,0.8346482851784975,0.7346938775510204
docred,152,257,0.13131867349147797,0.031477708369493484,4.919270241545563,0.2840466926070039
docred,153,133,0.15376609563827515,0.02892848663032055,5.049239006777595,0.14285714285714285
docred,154,245,0.17494216561317444,0.02749592810869217,5.472941711790557,0.12653061224489795
docred,155,88,0.16251026093959808,0.026639796793460846,5.002220740479872,0.125
docred,156,77,0.15263651311397552,0.043257247656583786,1.4699192599652249,0.5454545454545454
docred,157,182,0.1780528873205185,0.027104835957288742,4.103503840447516,0.22527472527472528
docred,158,356,0.15273435413837433,0.03404904529452324,2.349058236137057,0.41292134831460675
docred,159,1,2.384185791015625e-07,0.0,-1.4428232973175175e-12,1.0
docred,160,336,0.16456902027130127,0.026670390740036964,4.456610048864535,0.23511904761904762
docred,161,25,0.08258114010095596,0.05013973265886307,1.6430741894227987,0.48
docred,162,1,-1.1920928955078125e-07,0.0,-1.4428232973175175e-12,1.0
docred,163,1,5.960464477539063e-08,0.0,-1.4428232973175175e-12,1.0
docred,164,402,0.15697859227657318,0.024818968027830124,5.50569590613439,0.1044776119402985
docred,165,54,0.14186669886112213,0.03595156595110893,4.66241123434669,0.09259259259259259
docred,166,348,0.1521313637495041,0.028131553903222084,6.183503664284275,0.09482758620689655
docred,167,448,0.12981922924518585,0.02519281581044197,4.636627413770208,0.23660714285714285
docred,168,364,0.1643264889717102,0.03160625696182251,3.8395734858609547,0.33791208791208793
docred,169,250,0.15723367035388947,0.028899535536766052,5.534848392340277,0.156
docred,170,339,0.13867801427841187,0.03480431064963341,5.969915455732239,0.16519174041297935
docred,171,167,0.1512664258480072,0.0316922701895237,4.411614398358839,0.31137724550898205
docred,172,274,0.11594060063362122,0.023703763261437416,3.8195691793009354,0.3357664233576642
docred,173,7,0.060538727790117264,0.032964080572128296,1.842370993171338,0.42857142857142855
docred,174,266,0.18064849078655243,0.03150879964232445,4.918382690674329,0.24436090225563908
docred,175,476,0.15328899025917053,0.029764780774712563,5.341134823573239,0.15966386554621848
docred,176,393,0.1600678563117981,0.03348950669169426,4.2932836471665405,0.25190839694656486
docred,177,230,0.12255126982927322,0.027915703132748604,2.523371097038117,0.6173913043478261
docred,178,69,0.1523132175207138,0.024081436917185783,3.9832290393866474,0.2463768115942029
docred,179,247,0.16821499168872833,0.02925238385796547,4.942488243233307,0.25101214574898784
docred,180,360,0.15870310366153717,0.028720472007989883,4.065613901582774,0.3416666666666667
docred,181,1,0.0,0.0,-1.4428232973175175e-12,1.0
docred,182,391,0.14697352051734924,0.024926332756876945,4.584733252128456,0.2864450127877238
docred,183,344,0.14257359504699707,0.03231540322303772,5.198664336086244,0.13372093023255813
docred,184,445,0.09952785819768906,0.024072112515568733,4.504690357290968,0.1752808988764045
docred,185,242,0.12750546634197235,0.021744340658187866,6.205385640880376,0.09917355371900827
docred,186,1,0.0,0.0,-1.4428232973175175e-12,1.0
docred,187,211,0.14850886166095734,0.03599568083882332,4.945090397446276,0.17061611374407584
docred,188,26,0.005335436202585697,0.007764226291328669,0.7732283485205895,0.8461538461538461
docred,189,69,0.10648836940526962,0.02519061788916588,3.6504885763825357,0.2753623188405797
docred,190,414,0.15408708155155182,0.027004027739167213,2.0722627139152907,0.5314009661835749
docred,191,156,0.14710545539855957,0.031057024374604225,5.4421180881800435,0.09615384615384616
docred,192,266,0.17546053230762482,0.028428686782717705,4.499490765722911,0.33458646616541354
docred,193,459,0.13672858476638794,0.026127394288778305,6.469814703091489,0.07625272331154684
docred,194,248,0.1252608299255371,0.027505643665790558,4.987145831085247,0.22580645161290322
docred,195,1,0.0,0.0,-1.4428232973175175e-12,1.0
docred,196,252,0.1614684760570526,0.026682084426283836,3.8250001386011565,0.23809523809523808
docred,197,408,0.15048635005950928,0.026567243039608,5.25322696453811,0.12009803921568628
docred,198,282,0.16148905456066132,0.029132654890418053,5.320841081348919,0.16312056737588654
docred,199,29,0.08383268862962723,0.022515833377838135,1.2080393967497056,0.7241379310344828
docred,200,514,0.15321320295333862,0.02902080863714218,5.272305027979463,0.1517509727626459
docred,201,22,0.02235211804509163,0.030908018350601196,1.1191194231199006,0.7727272727272727
docred,202,258,0.12865623831748962,0.029910830780863762,3.8960444200453637,0.22868217054263565
docred,203,582,0.11281637847423553,0.02756267972290516,4.683332717423855,0.26288659793814434
docred,204,108,0.13058941066265106,0.027120057493448257,4.88254644349596,0.12962962962962962
docred,205,347,0.1422528326511383,0.027861319482326508,5.6305238423050845,0.10086455331412104
docred,206,1,0.0,0.0,-1.4428232973175175e-12,1.0
docred,207,340,0.1592177450656891,0.027262026444077492,5.667224709719379,0.13823529411764707
docred,208,190,0.15934324264526367,0.03262920677661896,5.507251519214079,0.14736842105263157
docred,209,588,0.1632460057735443,0.030715337023139,4.380917047306468,0.3129251700680272
docred,210,324,0.16021984815597534,0.027641650289297104,4.678252520934101,0.2037037037037037
docred,211,354,0.1495947539806366,0.03461862727999687,5.5457528901351045,0.0847457627118644
docred,212,170,0.16461464762687683,0.02977626584470272,5.038749451433984,0.18823529411764706
docred,213,538,0.13132819533348083,0.023065907880663872,6.648065159200799,0.06319702602230483
docred,214,472,0.1767907291650772,0.02609858475625515,5.863517505368414,0.13347457627118645
docred,215,462,0.13255374133586884,0.026594802737236023,4.9380291471103135,0.19913419913419914
docred,216,210,0.17953284084796906,0.02905740961432457,5.291043940383188,0.11904761904761904
docred,217,285,0.16228123009204865,0.029040426015853882,4.966125895013921,0.16842105263157894
docred,218,295,0.17598320543766022,0.032423101365566254,4.565619108348404,0.21016949152542372
docred,219,448,0.1502036303281784,0.029712237417697906,1.3778036282392232,0.7165178571428571
docred,220,225,0.12906114757061005,0.025599295273423195,4.221146788819361,0.2311111111111111
docred,221,217,0.16526611149311066,0.029637843370437622,5.234983404604241,0.12903225806451613
docred,222,138,0.1035064309835434,0.033581651747226715,1.1965087867149835,0.7608695652173914
docred,223,1,-2.384185791015625e-07,0.0,-1.4428232973175175e-12,1.0
docred,224,574,0.1454325020313263,0.027751510962843895,5.275690162127715,0.0975609756097561
docred,225,1,0.0,0.0,-1.4428232973175175e-12,1.0
docred,226,444,0.15793946385383606,0.029237857088446617,4.509078994463689,0.268018018018018
docred,227,380,0.15034633874893188,0.029343759641051292,4.268653655575738,0.21842105263157896
docred,228,319,0.16159729659557343,0.029365932568907738,3.766442555892305,0.335423197492163
docred,229,130,0.15001611411571503,0.032812297344207764,3.9352267432636063,0.27692307692307694
docred,230,44,0.14343881607055664,0.0269425418227911,4.066608606897733,0.20454545454545456
docred,231,328,0.15926867723464966,0.02598532848060131,5.354198204612343,0.13414634146341464
docred,232,11,0.06382448971271515,0.017005955800414085,0.43949698691862793,0.9090909090909091
docred,233,1,0.0,0.0,-1.4428232973175175e-12,1.0
docred,234,289,0.14347755908966064,0.02640821784734726,3.3214647556359953,0.44982698961937717
docred,235,347,0.16427820920944214,0.030551984906196594,5.815081881460685,0.11239193083573487
docred,236,380,0.16146811842918396,0.030468780547380447,5.575938400060741,0.1368421052631579
docred,237,189,0.14939796924591064,0.028671978041529655,4.586350577488186,0.25925925925925924
docred,238,24,0.12030606716871262,0.039966534823179245,3.918295834029963,0.16666666666666666
docred,239,535,0.15884406864643097,0.02679380215704441,6.068499601883019,0.102803738317757
docred,240,443,0.13256146013736725,0.028855672106146812,5.403665590574552,0.12641083521444696
docred,241,288,0.15500397980213165,0.02900783158838749,2.5458563451607548,0.4791666666666667
docred,242,222,0.1797037571668625,0.029729237779974937,5.505461926536039,0.08558558558558559
docred,243,379,0.15194498002529144,0.029153700917959213,5.718908685485764,0.12928759894459102
docred,244,351,0.19390438497066498,0.028816435486078262,4.358566194127608,0.245014245014245
docred,245,178,0.1737052947282791,0.029081491753458977,5.12142756559233,0.12921348314606743
docred,246,68,0.15554016828536987,0.039392050355672836,4.21503641054959,0.19117647058823528
docred,247,194,0.17888645827770233,0.029518326744437218,5.443876482891052,0.12371134020618557
docred,248,1,-1.1920928955078125e-07,0.0,-1.4428232973175175e-12,1.0
docred,249,193,0.14975859224796295,0.02902393415570259,4.623378810222382,0.17098445595854922
docred,250,1,-1.1920928955078125e-07,0.0,-1.4428232973175175e-12,1.0
docred,251,424,0.12216103821992874,0.02601308934390545,4.912213906992935,0.2358490566037736
docred,252,355,0.13760989904403687,0.026224257424473763,6.050340045510166,0.10704225352112676
docred,253,341,0.17669415473937988,0.031630489975214005,4.885400653087103,0.2785923753665689
docred,254,5,0.058004118502140045,0.030601467937231064,-1.4428232973175175e-12,1.0
docred,255,779,0.14433959126472473,0.025923851877450943,5.498208230933516,0.17073170731707318
docred,256,145,0.12672564387321472,0.031530626118183136,4.342408732456622,0.21379310344827587
docred,257,223,0.16773831844329834,0.028313102200627327,4.98785535855049,0.23766816143497757
docred,258,1,0.0,0.0,-1.4428232973175175e-12,1.0
docred,259,227,0.1547756791114807,0.03249060735106468,3.8783936600522777,0.30837004405286345
docred,260,287,0.17494691908359528,0.03037586435675621,5.119183069478762,0.24041811846689895
docred,261,167,0.1550777703523636,0.037380680441856384,1.6517958786383964,0.6407185628742516
docred,262,316,0.17534971237182617,0.03515053912997246,5.714295587000489,0.08544303797468354
docred,263,382,0.14052827656269073,0.026719992980360985,2.4385068454519336,0.6387434554973822
docred,264,235,0.14525394141674042,0.02709159068763256,5.6749784506398315,0.07659574468085106
docred,265,64,0.05921139568090439,0.030004022642970085,0.11611507530188436,0.984375
docred,266,396,0.1545080840587616,0.0280434712767601,4.504310817153669,0.2676767676767677
docred,267,215,0.12118901312351227,0.031937289983034134,1.889420250707314,0.4604651162790698
docred,268,1,1.7881393432617188e-07,0.0,-1.4428232973175175e-12,1.0
docred,269,179,0.144878551363945,0.02797679603099823,5.205215138543901,0.16201117318435754
docred,270,234,0.17736415565013885,0.04263453185558319,5.423440682779772,0.18803418803418803
docred,271,422,0.16712138056755066,0.029380010440945625,5.8036548170869136,0.13981042654028436
docred,272,304,0.16357998549938202,0.02946452610194683,3.181355762009202,0.46381578947368424
docred,273,319,0.17163808643817902,0.02846428193151951,5.939575467812353,0.10031347962382445
docred,274,595,0.15368902683258057,0.028507815673947334,6.154683889994649,0.0907563025210084
docred,275,386,0.18235506117343903,0.0293439868837595,5.504294429557074,0.12953367875647667
docred,276,1,-1.1920928955078125e-07,0.0,-1.4428232973175175e-12,1.0
docred,277,164,0.15501564741134644,0.028023244813084602,4.491133054597094,0.22560975609756098
docred,278,262,0.14494717121124268,0.03271164000034332,4.968196750824015,0.15267175572519084
docred,279,507,0.1451917141675949,0.02959105372428894,6.1150500335448115,0.1242603550295858
docred,280,394,0.11240693926811218,0.026695502921938896,5.096835199742071,0.15736040609137056
docred,281,285,0.18332931399345398,0.025532780215144157,3.988098345865646,0.34385964912280703
docred,282,328,0.16416886448860168,0.02658705972135067,3.930228175012218,0.35060975609756095
docred,283,519,0.12495587021112442,0.025050239637494087,4.503696756131599,0.2947976878612717
docred,284,1,0.0,0.0,-1.4428232973175175e-12,1.0
docred,285,366,0.10633976012468338,0.0258419681340456,2.5523881559983344,0.6092896174863388
docred,286,291,0.1798383593559265,0.029530957341194153,4.419531843633592,0.29896907216494845
docred,287,346,0.13845208287239075,0.02899366244673729,5.929289171879661,0.09248554913294797
docred,288,265,0.10852143913507462,0.02736152894794941,4.228149749226413,0.3584905660377358
docred,289,259,0.16186679899692535,0.025806711986660957,6.0510588062620885,0.09266409266409266
docred,290,116,0.1558910459280014,0.02535739727318287,2.043211609082195,0.5431034482758621
docred,291,218,0.148540198802948,0.03221641853451729,4.7719638810274425,0.1834862385321101
docred,292,184,0.15816694498062134,0.030450960621237755,3.544728317784886,0.30434782608695654
docred,293,326,0.16718469560146332,0.026430955156683922,4.76696527203873,0.22392638036809817
docred,294,202,0.1461915820837021,0.033075302839279175,5.5439745711610975,0.09405940594059406
docred,295,258,0.1566401571035385,0.03230103477835655,4.59082846379743,0.13953488372093023
docred,296,156,0.15321281552314758,0.02633473090827465,2.129581736714507,0.4423076923076923
docred,297,65,0.13049793243408203,0.04038005322217941,3.544717025527058,0.3230769230769231
docred,298,158,0.15498018264770508,0.032144904136657715,4.611859692062891,0.1962025316455696
docred,299,164,0.13035167753696442,0.03341902792453766,4.4512480856524075,0.21341463414634146
docred,300,223,0.16394230723381042,0.035019442439079285,3.2307051593363925,0.34080717488789236
docred,301,7,0.12202614545822144,0.054984815418720245,1.842370993171338,0.42857142857142855
docred,302,163,0.14172497391700745,0.0357048325240612,4.53221413663739,0.13496932515337423
docred,303,157,0.14788386225700378,0.02894376777112484,3.0220049033022742,0.3503184713375796
docred,304,405,0.12609648704528809,0.0328182727098465,4.15948231233851,0.26666666666666666
docred,305,416,0.15042288601398468,0.027275899425148964,4.591595410795345,0.23798076923076922
docred,306,188,0.14159150421619415,0.032236237078905106,4.298264284560949,0.26595744680851063
docred,307,301,0.14572656154632568,0.028346603736281395,4.286993619117672,0.3388704318936877
docred,308,80,0.10684698820114136,0.04148602485656738,0.6183839706411459,0.8875
docred,309,88,0.13029466569423676,0.035824667662382126,3.8811510701875087,0.2159090909090909
docred,310,1,1.1920928955078125e-07,0.0,-1.4428232973175175e-12,1.0
docred,311,12,0.12010973691940308,0.03953376039862633,2.3553885421988774,0.3333333333333333
docred,312,469,0.14759866893291473,0.028691504150629044,1.6365962479446274,0.6098081023454158
docred,313,275,0.1520465612411499,0.03022041730582714,2.037139806310457,0.44727272727272727
docred,314,460,0.16749711334705353,0.029328802600502968,4.874979159047159,0.15434782608695652
docred,315,1,0.0,0.0,-1.4428232973175175e-12,1.0
docred,316,272,0.15884946286678314,0.031342532485723495,5.74999327948478,0.1213235294117647
docred,317,339,0.1528952717781067,0.02517380565404892,2.598307710152511,0.49262536873156343
docred,318,329,0.18440060317516327,0.02703954465687275,5.621825338347145,0.2006079027355623
docred,319,414,0.16446693241596222,0.02722117118537426,5.427784238840995,0.18115942028985507
douban,0,233,0.10436304658651352,0.08652393519878387,2.2081072013665586,0.3218884120171674
douban,1,1024,0.08695798367261887,0.05128142982721329,2.1757686697885137,0.3193359375
douban,2,197,0.058658093214035034,0.065365269780159,1.96749668693016,0.3756345177664975
douban,3,77,0.3344227075576782,0.10898139327764511,2.069663611434133,0.38961038961038963
douban,4,216,0.11226966977119446,0.09175720065832138,1.936892818074669,0.4351851851851852
douban,5,141,0.07022672146558762,0.04842055216431618,1.8532492654453883,0.4326241134751773
douban,6,158,0.05990598723292351,0.05736761540174484,2.1313549112979264,0.3037974683544304
douban,7,102,0.09446720778942108,0.054642800241708755,1.7907774768477507,0.4411764705882353
douban,8,189,0.04030277580022812,0.038742564618587494,2.123204342775183,0.37566137566137564
douban,9,333,0.09416185319423676,0.0692627802491188,1.8785159236787823,0.38738738738738737
douban,10,119,0.1086258664727211,0.09299413859844208,1.8944372116894026,0.3949579831932773
douban,11,344,0.12411444634199142,0.07529070228338242,1.870601140427441,0.40988372093023256
douban,12,78,0.12672503292560577,0.07949267327785492,1.9695330188493116,0.358974358974359
douban,13,360,0.10870278626680374,0.06492996215820312,2.1400042592849235,0.3611111111111111
douban,14,242,0.12454483658075333,0.08737950772047043,2.01843732580319,0.4214876033057851
douban,15,332,0.41164636611938477,0.08070124685764313,2.083803338625909,0.3433734939759036
douban,16,226,0.0767945870757103,0.07584836333990097,2.0005381423354263,0.4247787610619469
douban,17,164,0.08701451122760773,0.04640287533402443,1.8600520224493164,0.47560975609756095
douban,18,157,0.10465777665376663,0.07543374598026276,1.7424958740706329,0.4968152866242038
douban,19,110,0.436348021030426,0.13156117498874664,1.8540077177743874,0.5
douban,20,764,0.03943536803126335,0.042132895439863205,2.2214746852568483,0.2905759162303665
douban,21,608,0.14833927154541016,0.06605516374111176,1.9811144325439023,0.3651315789473684
douban,22,137,0.11191044002771378,0.10973991453647614,2.172924148644356,0.30656934306569344
douban,23,176,0.5937100052833557,0.13635289669036865,1.9384049192716286,0.42045454545454547
douban,24,318,0.10863595455884933,0.06938023865222931,2.1238665836262376,0.33647798742138363
douban,25,172,0.08981817215681076,0.07085774093866348,1.9737349344179593,0.4186046511627907
douban,26,235,0.07509023696184158,0.05906698852777481,2.1939183194638057,0.32340425531914896
douban,27,154,0.12554897367954254,0.0742272362112999,2.009199036670591,0.35714285714285715
douban,28,401,0.012528413906693459,0.00985313206911087,2.1198303584616407,0.4089775561097257
douban,29,88,0.06855066865682602,0.0455143079161644,2.1152312469677668,0.36363636363636365
douban,30,224,0.08676476031541824,0.06504661589860916,1.8136792182758668,0.4955357142857143
douban,31,445,0.08347843587398529,0.05924971401691437,1.9931696599484219,0.36629213483146067
douban,32,305,0.17148548364639282,0.07457970082759857,2.1243494364811344,0.3639344262295082
douban,33,268,0.08591489493846893,0.050746288150548935,2.174488608749707,0.3358208955223881
douban,34,287,0.06708517670631409,0.055626317858695984,1.6502523135148446,0.5296167247386759
douban,35,443,0.07875941693782806,0.04446034133434296,2.1810569064342995,0.3227990970654628
douban,36,83,0.14531323313713074,0.08053981512784958,2.07943923945306,0.3493975903614458
douban,37,252,0.15905019640922546,0.08683747053146362,2.2312951161689063,0.3134920634920635
douban,38,47,0.11264612525701523,0.058569762855768204,1.8915816961249183,0.425531914893617
douban,39,69,0.09287291020154953,0.07406136393547058,2.1701729798922287,0.3188405797101449
douban,40,182,0.2809140086174011,0.08683952689170837,2.095660659800712,0.3791208791208791
douban,41,95,0.04171617329120636,0.06590083241462708,1.6525033917890442,0.5473684210526316
douban,42,244,0.05079033970832825,0.056980717927217484,2.1997592049769215,0.26639344262295084
douban,43,76,0.16076278686523438,0.07747162133455276,2.0791291940375793,0.3684210526315789
douban,44,353,0.040134329348802567,0.06480719149112701,2.024489867239004,0.35410764872521244
douban,45,221,0.08726058900356293,0.05700210854411125,1.7116546631027356,0.48868778280542985
douban,46,367,0.06254283338785172,0.033403195440769196,1.9537916361338592,0.3896457765667575
douban,47,291,0.04370482265949249,0.04983936622738838,1.9040719105991244,0.40893470790378006
douban,48,136,0.3039773106575012,0.11673179268836975,1.9347559834891261,0.38235294117647056
douban,49,283,0.06839720159769058,0.04083506390452385,2.149292661244447,0.3568904593639576
douban,50,178,0.06753956526517868,0.0520540252327919,2.167772810229459,0.3707865168539326
douban,51,482,0.08858689665794373,0.05610662326216698,2.1891905411319343,0.34854771784232363
douban,52,284,0.3781203627586365,0.09019870311021805,2.1245132780964227,0.323943661971831
douban,53,258,0.07458367943763733,0.04538307711482048,1.984761089511889,0.3643410852713178
douban,54,1406,0.06101704761385918,0.03543286398053169,2.0001372822943533,0.40042674253200566
douban,55,972,0.3321909010410309,0.06780724972486496,2.1017135836827356,0.3343621399176955
douban,56,73,0.2018062323331833,0.11412273347377777,1.8535036933198754,0.3835616438356164
douban,57,565,0.038529980927705765,0.05307681858539581,2.179866204570785,0.30265486725663715
douban,58,184,0.12477418780326843,0.06789226830005646,2.0896506862624786,0.3641304347826087
douban,59,461,0.045019663870334625,0.04025670886039734,2.07965556563608,0.3839479392624729
douban,60,162,0.08476786315441132,0.08709730207920074,1.746868794956981,0.5061728395061729
douban,61,268,0.09536036849021912,0.06286636739969254,2.0538231638239064,0.3843283582089552
douban,62,49,0.2781650722026825,0.13470645248889923,2.0217762154343157,0.32653061224489793
douban,63,115,0.4130309820175171,0.09805033355951309,2.0830935471102165,0.3826086956521739
douban,64,85,0.18614529073238373,0.13271579146385193,2.0742886990843052,0.35294117647058826
douban,65,644,0.4146181046962738,0.11382259428501129,1.9727902108352429,0.39596273291925466
douban,66,186,0.08294677734375,0.07664491981267929,1.9218334981055967,0.42473118279569894
douban,67,75,0.23178398609161377,0.10093294084072113,2.062454267065895,0.37333333333333335
douban,68,305,0.005043108947575092,0.007518162485212088,2.203044425176522,0.32131147540983607
douban,69,59,0.19451655447483063,0.14923790097236633,2.1194814063598875,0.3389830508474576
douban,70,92,0.3817930519580841,0.1388780176639557,1.9258805653095346,0.41304347826086957
douban,71,63,0.2725880444049835,0.1100340262055397,1.8035185736378911,0.3968253968253968
douban,72,287,0.06225551292300224,0.05617416650056839,1.930698131132526,0.4738675958188153
douban,73,107,0.25451725721359253,0.1157214567065239,2.1890136807686735,0.32710280373831774
douban,74,216,0.12557975947856903,0.0807325467467308,2.106070483189489,0.3425925925925926
douban,75,732,0.5813983678817749,0.09552380442619324,2.09845593089288,0.3319672131147541
douban,76,212,0.0924626961350441,0.06257390975952148,2.030594126760937,0.3584905660377358
douban,77,1534,0.06985744833946228,0.03862989693880081,1.9112195758492236,0.42894393741851367
douban,78,130,0.0982869490981102,0.057376936078071594,2.1375939964873667,0.36153846153846153
douban,79,166,0.1695137321949005,0.10301125049591064,2.0778807081663437,0.3674698795180723
douban,80,93,0.05036100745201111,0.0510290153324604,1.9019067145424007,0.3655913978494624
douban,81,138,0.3623889684677124,0.11830267310142517,1.7156004289478046,0.43478260869565216
douban,82,345,0.0676473081111908,0.04549231752753258,2.0902657969926985,0.3826086956521739
douban,83,157,0.16506393253803253,0.08736041188240051,2.110273877451922,0.3630573248407643
douban,84,90,0.09803846478462219,0.061189841479063034,1.858813890323988,0.4444444444444444
douban,85,208,0.08442933857440948,0.05653906241059303,2.225964813825308,0.32211538461538464
douban,86,165,0.010905126109719276,0.021170077845454216,2.2184230848467483,0.296969696969697
douban,87,92,0.4205743670463562,0.09404230862855911,1.9644326536444496,0.43478260869565216
douban,88,252,0.09877468645572662,0.06419862806797028,2.0826359601631914,0.3373015873015873
douban,89,287,0.02051164023578167,0.0369580015540123,2.1817807208786038,0.2857142857142857
douban,90,119,0.17001156508922577,0.08242560178041458,2.1527609261654677,0.3697478991596639
douban,91,128,0.07571827620267868,0.08018314093351364,2.136472353382241,0.3046875
douban,92,274,0.08091137558221817,0.04767298698425293,2.0325392853180206,0.3905109489051095
douban,93,14,0.08968999236822128,0.0481564998626709,1.7783283537256405,0.5
douban,94,231,0.07321665436029434,0.04181306064128876,1.8456896569681436,0.43722943722943725
douban,95,179,0.07652530074119568,0.05370183661580086,2.017206612097468,0.3240223463687151
douban,96,386,0.07950764149427414,0.06696727871894836,2.10699998845835,0.3704663212435233
douban,97,43,0.07582153379917145,0.04328247532248497,1.893258850881878,0.4186046511627907
douban,98,58,0.25083044171333313,0.12705014646053314,1.768274192279414,0.5344827586206896
douban,99,54,0.262482225894928,0.1112605631351471,2.0770381870960586,0.35185185185185186
douban,100,137,0.13933835923671722,0.08144460618495941,1.9872436586193898,0.39416058394160586
douban,101,63,0.1972821205854416,0.13221271336078644,2.0123983219055814,0.38095238095238093
douban,102,22,0.2136967033147812,0.08252359926700592,2.17013489242098,0.36363636363636365
douban,103,250,0.1273699253797531,0.0991206243634224,2.19939423665923,0.332
douban,104,95,0.2148190140724182,0.14083383977413177,2.1069166812821702,0.37894736842105264
douban,105,372,0.1256071925163269,0.07624296098947525,2.1586545046190166,0.3333333333333333
douban,106,76,0.09988564252853394,0.08220390975475311,1.761208465549719,0.4605263157894737
douban,107,167,0.05022561922669411,0.04531696438789368,2.227515240052138,0.3473053892215569
douban,108,185,0.0781475305557251,0.050746891647577286,1.834321083273491,0.42162162162162165
douban,109,103,0.21070215106010437,0.10873690247535706,2.124853734654851,0.34951456310679613
douban,110,292,0.25498855113983154,0.08448430150747299,1.8781646497898943,0.3732876712328767
douban,111,34,0.1114286556839943,0.05906222015619278,1.5974270958005183,0.4411764705882353
douban,112,100,0.1141725555062294,0.0897507593035698,2.1882531617676317,0.31
douban,113,36,0.20024804770946503,0.12075492739677429,2.153882574069408,0.2777777777777778
douban,114,1016,0.09209702163934708,0.06011597812175751,2.236063639312911,0.32086614173228345
douban,115,99,0.18523380160331726,0.09252604842185974,1.978765697775777,0.3838383838383838
douban,116,517,0.10022140294313431,0.055620454251766205,1.702991883650318,0.5531914893617021
douban,117,1374,0.05726298689842224,0.03023642487823963,2.090145567054631,0.3260553129548763
douban,118,197,0.08252216130495071,0.06635753810405731,2.2423145779313027,0.3096446700507614
douban,119,258,0.05928769335150719,0.06159531697630882,1.8018337220954,0.46124031007751937
douban,120,728,0.05108869820833206,0.054989561438560486,2.147905925087159,0.32142857142857145
douban,121,55,0.15354976058006287,0.08348242938518524,2.1099187980617202,0.32727272727272727
douban,122,136,0.2257293313741684,0.0979340523481369,2.1377055087717434,0.3382352941176471
douban,123,232,0.11360882222652435,0.06403415650129318,1.9881494712811076,0.375
douban,124,261,0.13307826220989227,0.08044777065515518,2.037307730686611,0.3831417624521073
douban,125,92,0.07329611480236053,0.06638479232788086,2.2296422297010414,0.29347826086956524
douban,126,260,0.14113156497478485,0.08587856590747833,2.055020555145996,0.3269230769230769
douban,127,116,0.1678132861852646,0.08937198668718338,2.2597256145148714,0.29310344827586204
douban,128,110,0.044383853673934937,0.05492977797985077,2.163156055072398,0.3181818181818182
douban,129,162,0.0988004207611084,0.07090926915407181,1.8788617735185884,0.4074074074074074
douban,130,297,0.09194229543209076,0.051550306379795074,2.129076200997107,0.3602693602693603
douban,131,130,0.1015380322933197,0.09129788726568222,2.16015600940673,0.3153846153846154
douban,132,167,0.4808052182197571,0.13870474696159363,2.0818600351702936,0.31137724550898205
douban,133,96,0.15768194198608398,0.09370804578065872,1.9350722266727942,0.3645833333333333
douban,134,633,0.08432500064373016,0.04666997119784355,1.9116360537411217,0.3949447077409163
douban,135,213,0.01379688922315836,0.014783836901187897,2.0127208424487972,0.431924882629108
douban,136,195,0.08406098186969757,0.059881970286369324,1.9132190890258511,0.358974358974359
douban,137,201,0.12355085462331772,0.07093517482280731,2.008307756237465,0.3880597014925373
douban,138,50,0.18954381346702576,0.10365622490644455,2.2103230548116723,0.3
douban,139,331,0.07666032761335373,0.048455655574798584,2.1268413642597954,0.32326283987915405
douban,140,324,0.10730181634426117,0.07374167442321777,2.074480449245678,0.38271604938271603
douban,141,629,0.05005420744419098,0.04281598702073097,2.1542399938669003,0.3481717011128776
douban,142,229,0.11081622540950775,0.0838940367102623,2.129005928741831,0.39737991266375544
douban,143,24,0.09337546676397324,0.073954276740551,1.706908425146046,0.4583333333333333
douban,144,518,0.10406944900751114,0.04762224853038788,2.098401915794968,0.3532818532818533
douban,145,59,0.029331542551517487,0.019590124487876892,2.0039884196129485,0.4406779661016949
douban,146,157,0.1478474885225296,0.12923504412174225,1.8475116917169134,0.4140127388535032
douban,147,69,0.4646782875061035,0.12760144472122192,1.9573820830154087,0.3333333333333333
douban,148,135,0.13416552543640137,0.06974108517169952,1.5882529327506285,0.5925925925925926
douban,149,115,0.07248486578464508,0.07888028025627136,1.8550834811356385,0.391304347826087
douban,150,712,0.05455208942294121,0.032788556069135666,2.125405436884658,0.32724719101123595
douban,151,49,0.15315213799476624,0.07302261143922806,1.819490017906208,0.5510204081632653
douban,152,103,0.07947988063097,0.052517957985401154,1.7812469748241142,0.3883495145631068
douban,153,414,0.10265285521745682,0.058175161480903625,2.1253005253864297,0.37922705314009664
douban,154,70,0.07161814719438553,0.0560557097196579,1.9891997795222367,0.35714285714285715
douban,155,95,0.10259118676185608,0.05766158178448677,1.7238107459199943,0.5789473684210527
douban,156,237,0.10020997375249863,0.0752096027135849,2.0851636164394987,0.35864978902953587
douban,157,163,0.13175126910209656,0.07987483590841293,2.1290454750180845,0.3374233128834356
douban,158,60,0.22033539414405823,0.12198256701231003,1.9627801778529042,0.45
douban,159,95,0.09782182425260544,0.08051121234893799,1.859008163785295,0.42105263157894735
douban,160,90,0.04767110198736191,0.04287822172045708,1.8307454681421307,0.3888888888888889
douban,161,216,0.00450523616746068,0.013580624014139175,2.131745972090716,0.375
douban,162,201,0.01876072771847248,0.03052152320742607,2.0724583808406414,0.39800995024875624
douban,163,665,0.07535791397094727,0.050144679844379425,1.9898453360045874,0.39398496240601505
douban,164,709,0.0650579109787941,0.052892494946718216,2.142535343257623,0.3526093088857546
douban,165,378,0.07944419980049133,0.05273241922259331,2.2618993680955732,0.30687830687830686
douban,166,118,0.11974669247865677,0.08928011357784271,1.9496966878595923,0.4152542372881356
douban,167,438,0.010199850425124168,0.020431838929653168,2.1131287657407283,0.4063926940639269
douban,168,429,0.06312219053506851,0.039793260395526886,2.068402253967009,0.34265734265734266
douban,169,144,0.46229779720306396,0.10966953635215759,2.0439018534522906,0.3541666666666667
douban,170,157,0.08846046030521393,0.05987902358174324,1.93799407497654,0.36942675159235666
douban,171,74,0.04646146669983864,0.0413079671561718,2.0515563415229447,0.40540540540540543
douban,172,897,0.22216486930847168,0.06434449553489685,2.115327295792365,0.33221850613154963
douban,173,139,0.017528358846902847,0.01692798361182213,2.018560297647359,0.4172661870503597
douban,174,129,0.16101670265197754,0.09156512469053268,1.76912651782127,0.5736434108527132
douban,175,44,0.17608746886253357,0.07897114008665085,1.9416719722925124,0.4090909090909091
douban,176,401,0.06268622726202011,0.03794937580823898,2.1166504678704006,0.32418952618453867
douban,177,135,0.21526871621608734,0.11091265827417374,2.105877675193377,0.34814814814814815
douban,178,394,0.021913716569542885,0.038365889340639114,2.236119076425673,0.2817258883248731
douban,179,115,0.08504803478717804,0.05857803672552109,1.936909028806045,0.41739130434782606
douban,180,178,0.11259382963180542,0.07754644751548767,1.8301706333533043,0.46629213483146065
douban,181,145,0.09501736611127853,0.07423955202102661,1.8122952357883344,0.4068965517241379
douban,182,227,0.10132347047328949,0.05024092644453049,1.989732464231376,0.3700440528634361
douban,183,154,0.1409032791852951,0.07584777474403381,2.1129760062173455,0.35714285714285715
douban,184,56,0.27497026324272156,0.15877993404865265,1.673428639613639,0.4107142857142857
douban,185,409,0.08226025104522705,0.06177792325615883,1.9595078795234773,0.41075794621026895
douban,186,207,0.12225422263145447,0.07003941386938095,1.9469967237833894,0.3526570048309179
douban,187,199,0.01799939200282097,0.02506174147129059,2.171531144016819,0.32160804020100503
douban,188,69,0.32122424244880676,0.10564388334751129,2.0606848867148027,0.391304347826087
douban,189,39,0.09446422010660172,0.06994154304265976,1.9500637564304393,0.3076923076923077
douban,190,61,0.26502928137779236,0.11839596927165985,2.247433092166439,0.29508196721311475
douban,191,288,0.06176508963108063,0.051148492842912674,1.8764411085089585,0.4340277777777778
douban,192,130,0.1070813313126564,0.07264865934848785,2.0376979936095476,0.35384615384615387
douban,193,243,0.09102065116167068,0.06836440414190292,2.2338368495436027,0.2880658436213992
douban,194,126,0.06411352008581161,0.061444852501153946,2.0725986532623732,0.35714285714285715
douban,195,441,0.06754159927368164,0.03763706609606743,1.9243034131734784,0.42403628117913833
douban,196,188,0.11270864307880402,0.06556690484285355,1.875570367404107,0.425531914893617
douban,197,171,0.12262103706598282,0.06659578531980515,1.8894854272811534,0.4152046783625731
douban,198,106,0.10555940866470337,0.07168694585561752,2.0427194330142444,0.3867924528301887
douban,199,60,0.027488214895129204,0.03338565677404404,1.9257673845167442,0.36666666666666664
douban,200,100,0.09275619685649872,0.058529265224933624,1.6561684721342362,0.55
douban,201,814,0.06806615740060806,0.04140736162662506,2.0155288185150724,0.371007371007371
douban,202,246,0.003174674231559038,0.0071434383280575275,2.1908190754863335,0.3333333333333333
douban,203,168,0.10438736528158188,0.08144306391477585,2.0367726392556325,0.3630952380952381
douban,204,446,0.11096593737602234,0.06716904789209366,2.023484245985962,0.4013452914798206
douban,205,37,0.23069795966148376,0.08815357089042664,2.2064155864062798,0.2972972972972973
douban,206,165,0.06614576280117035,0.03597985953092575,2.1348885382977585,0.3393939393939394
douban,207,775,0.6114702820777893,0.13464348018169403,1.9359556636245143,0.38064516129032255
douban,208,66,0.29206719994544983,0.1249905377626419,2.1311029949307527,0.3787878787878788
douban,209,77,0.0927053764462471,0.0532216802239418,1.933229773377605,0.44155844155844154
douban,210,28,0.07559362798929214,0.0347694531083107,2.2164500133366647,0.32142857142857145
douban,211,68,0.052649885416030884,0.05638904497027397,2.2625584926764213,0.29411764705882354
douban,212,1104,0.08710051327943802,0.04628128185868263,2.2006038184723455,0.3052536231884058
douban,213,372,0.0833439901471138,0.04951121658086777,2.243298490699481,0.30376344086021506
douban,214,188,0.0913301631808281,0.057062771171331406,2.1659536287691954,0.32978723404255317
douban,215,129,0.12634505331516266,0.10372473299503326,1.8960407956271639,0.4496124031007752
douban,216,90,0.07592230290174484,0.05486087128520012,1.785117765781405,0.4444444444444444
douban,217,287,0.09949229657649994,0.06208791583776474,2.1990923398451434,0.34843205574912894
douban,218,103,0.10752513259649277,0.07166677713394165,2.0694424809570546,0.34951456310679613
douban,219,63,0.41464462876319885,0.09129534661769867,1.9119783635574954,0.4603174603174603
jd_reviews,0,139,0.12754574418067932,0.055045053362846375,1.9520759492434014,0.4172661870503597
jd_reviews,1,227,0.12452127784490585,0.06388823688030243,1.3405427281746876,0.5418502202643172
jd_reviews,2,628,0.12299536168575287,0.06690763682126999,1.9641278806279643,0.4729299363057325
jd_reviews,3,116,0.12545610964298248,0.05881519243121147,0.5755387355984012,0.8879310344827587
jd_reviews,4,101,0.10282045602798462,0.05281048268079758,1.575848700094898,0.4158415841584158
jd_reviews,5,96,0.08424177020788193,0.05755113437771797,0.14609425011725094,0.9791666666666666
jd_reviews,6,105,0.16814246773719788,0.052405890077352524,0.9780505358645125,0.7428571428571429
jd_reviews,7,961,0.15683667361736298,0.10584574937820435,1.6975805705107776,0.5816857440166493
jd_reviews,8,489,0.11305366456508636,0.06950045377016068,2.0035916876055646,0.4171779141104294
jd_reviews,9,215,0.08632605522871017,0.04656527563929558,1.1871108495359939,0.6883720930232559
jd_reviews,10,359,0.08420322835445404,0.0655418410897255,1.8519059908655844,0.3732590529247911
jd_reviews,11,226,0.12178461253643036,0.057054951786994934,2.0435300968199415,0.38495575221238937
jd_reviews,12,28,0.14929482340812683,0.10289590805768967,1.974319304739397,0.4642857142857143
jd_reviews,13,370,0.11111777275800705,0.08085224777460098,1.9830380705373354,0.4189189189189189
jd_reviews,14,208,0.1044861450791359,0.05431762710213661,0.7182701296210315,0.8269230769230769
jd_reviews,15,96,0.1283182054758072,0.05929212644696236,1.0696829874583222,0.7604166666666666
jd_reviews,16,518,0.05015961453318596,0.05060895159840584,0.7391791698796591,0.8513513513513513
jd_reviews,17,62,0.1160469800233841,0.05748658999800682,1.2030794001653797,0.6290322580645161
jd_reviews,18,578,0.06796754151582718,0.05219943821430206,1.1950771794350552,0.5743944636678201
jd_reviews,19,104,0.1293056309223175,0.06351727247238159,2.052645783743663,0.41346153846153844
jd_reviews,20,347,0.07929037511348724,0.04841359704732895,1.357130549872185,0.5850144092219021
jd_reviews,21,805,0.11083387583494186,0.054122261703014374,2.1643632074007515,0.29316770186335406
jd_reviews,22,116,0.13628633320331573,0.06495396047830582,1.2813293139370558,0.6120689655172413
jd_reviews,23,93,0.13162098824977875,0.05593130365014076,1.1704263477959245,0.7096774193548387
jd_reviews,24,86,0.13180337846279144,0.06810610741376877,0.9008826237345812,0.7790697674418605
jd_reviews,25,131,0.10471944510936737,0.047608811408281326,0.12923738359724607,0.9847328244274809
jd_reviews,26,303,0.08071348071098328,0.057523541152477264,1.5528501545217666,0.5214521452145214
jd_reviews,27,153,0.10933496803045273,0.057997606694698334,1.0911208365419522,0.7647058823529411
jd_reviews,28,192,0.12160336226224899,0.05409839749336243,0.8635886586918358,0.7864583333333334
jd_reviews,29,155,0.14571332931518555,0.06711556762456894,1.3938342655887401,0.7096774193548387
jd_reviews,30,301,0.09138546139001846,0.06043505296111107,1.3561079861230936,0.6112956810631229
jd_reviews,31,234,0.11594226211309433,0.06913769245147705,0.7220389545198925,0.8675213675213675
jd_reviews,32,283,0.12079299241304398,0.07038799673318863,2.2368593162935118,0.30742049469964666
jd_reviews,33,172,0.0949065163731575,0.05521100386977196,1.211399821181813,0.7151162790697675
jd_reviews,34,395,0.06078748032450676,0.04430163651704788,1.3475797306865893,0.4911392405063291
jd_reviews,35,260,0.09639478474855423,0.06259626895189285,1.0004099250189418,0.7192307692307692
jd_reviews,36,560,0.09146087616682053,0.0730138048529625,1.1875785460295316,0.6482142857142857
jd_reviews,37,220,0.08166112005710602,0.061651527881622314,1.2809092482508133,0.6818181818181818
jd_reviews,38,401,0.07654517143964767,0.0626307874917984,2.0245585644287543,0.44389027431421446
jd_reviews,39,94,0.1097029596567154,0.04516632854938507,1.2610138438267469,0.648936170212766
jd_reviews,40,257,0.11138850450515747,0.05952408164739609,1.035435272814118,0.7315175097276264
jd_reviews,41,295,0.11449587345123291,0.06145142763853073,2.1754837295478313,0.33559322033898303
jd_reviews,42,505,0.10798688977956772,0.04937078431248665,2.182875426792412,0.3207920792079208
jd_reviews,43,144,0.17522186040878296,0.07455179840326309,1.542397074005966,0.6388888888888888
jd_reviews,44,485,0.10257695615291595,0.06260169297456741,1.9778177140885815,0.4762886597938144
jd_reviews,45,233,0.14605334401130676,0.06924247741699219,0.9065256653789013,0.8068669527896996
jd_reviews,46,112,0.10652150213718414,0.05855656787753105,0.8651589721095438,0.8214285714285714
jd_reviews,47,96,0.08719605207443237,0.053446512669324875,0.7064331841806278,0.8541666666666666
jd_reviews,48,393,0.0913451686501503,0.05918275937438011,0.8644043714130323,0.7938931297709924
jd_reviews,49,269,0.09978437423706055,0.06241358071565628,1.4988310734394539,0.5910780669144982
jd_reviews,50,177,0.0730576366186142,0.04565849527716637,0.3359089771501698,0.9378531073446328
jd_reviews,51,120,0.09078488498926163,0.05023549869656563,0.8901400284202299,0.7333333333333333
jd_reviews,52,130,0.11192873120307922,0.06515150517225266,0.8198015757125463,0.823076923076923
jd_reviews,53,269,0.12316673249006271,0.05708050727844238,1.9057162890830601,0.32342007434944237
jd_reviews,54,163,0.11593876034021378,0.05847813934087753,1.0936643356198263,0.6380368098159509
jd_reviews,55,259,0.04746666178107262,0.0397796556353569,1.11195293501347,0.7606177606177607
jd_reviews,56,174,0.0837276503443718,0.058521684259176254,0.9736910392282518,0.7298850574712644
jd_reviews,57,114,0.19459187984466553,0.09557085484266281,1.8183895926649283,0.5087719298245614
jd_reviews,58,158,0.08500491827726364,0.05584397166967392,0.662258870529498,0.8607594936708861
jd_reviews,59,140,0.1228894367814064,0.06535714864730835,1.0217659396540422,0.7285714285714285
jd_reviews,60,260,0.0929807499051094,0.05763703212141991,0.8126580095221986,0.8
jd_reviews,61,259,0.10245010256767273,0.06682495772838593,0.8637743645546211,0.833976833976834
jd_reviews,62,357,0.09157237410545349,0.06169465556740761,1.5591713427169769,0.6190476190476191
jd_reviews,63,279,0.16169720888137817,0.06897254288196564,1.2227065491063682,0.7240143369175627
jd_reviews,64,259,0.1429934948682785,0.0664038136601448,1.7372498660057298,0.49034749034749037
jd_reviews,65,111,0.1315481960773468,0.06009609252214432,1.3703800637588306,0.6666666666666666
jd_reviews,66,316,0.11404481530189514,0.08010394871234894,1.4646360775970497,0.6582278481012658
jd_reviews,67,150,0.1323585957288742,0.06187326833605766,0.8881128167781669,0.7733333333333333
jd_reviews,68,177,0.1418205350637436,0.06733163446187973,1.7538243173074217,0.5423728813559322
jd_reviews,69,231,0.08456448465585709,0.05900467932224274,1.3860244041787035,0.48917748917748916
jd_reviews,70,168,0.12807194888591766,0.07149442285299301,1.124137014222848,0.6666666666666666
jd_reviews,71,162,0.1170552596449852,0.06117973476648331,1.2074224983463238,0.6419753086419753
jd_reviews,72,389,0.09568991512060165,0.058604896068573,2.0920839723387545,0.38046272493573263
jd_reviews,73,365,0.1363655924797058,0.0567147396504879,1.9735422803537717,0.4767123287671233
jd_reviews,74,137,0.08319734781980515,0.06219004839658737,0.7603853956501639,0.8613138686131386
jd_reviews,75,142,0.09769262373447418,0.055066317319869995,1.2550301393162158,0.49295774647887325
jd_reviews,76,77,0.12952859699726105,0.05134185776114464,1.354246670470387,0.5324675324675324
jd_reviews,77,351,0.11456064134836197,0.058646395802497864,1.7181702634564109,0.5441595441595442
jd_reviews,78,230,0.14184343814849854,0.059718288481235504,1.3909732832080253,0.5956521739130435
jd_reviews,79,311,0.06939516961574554,0.05604510381817818,1.2826551116575315,0.7331189710610932
jd_reviews,80,287,0.13157488405704498,0.059985559433698654,1.7198736122022538,0.5749128919860628
jd_reviews,81,245,0.09921947866678238,0.0574527345597744,1.0268611834523025,0.7836734693877551
jd_reviews,82,228,0.10306917876005173,0.05111236870288849,0.8335363252279825,0.8201754385964912
jd_reviews,83,216,0.10237810015678406,0.04591507837176323,1.3093938760639428,0.7083333333333334
jd_reviews,84,74,0.12139727920293808,0.05857488885521889,0.9976349782521262,0.8108108108108109
jd_reviews,85,110,0.1017334908246994,0.05644642189145088,1.6663829092629876,0.43636363636363634
jd_reviews,86,419,0.08505372703075409,0.06156107410788536,1.822086207467985,0.5322195704057279
jd_reviews,87,237,0.10505849868059158,0.04966708645224571,0.7313846709972257,0.8312236286919831
jd_reviews,88,396,0.0694594532251358,0.04436207190155983,0.8808391150092567,0.8207070707070707
jd_reviews,89,216,0.13316237926483154,0.06725896894931793,1.1358880676578769,0.6574074074074074
jd_reviews,90,297,0.07788380980491638,0.05654280260205269,1.1306458726663606,0.6094276094276094
jd_reviews,91,253,0.11928195506334305,0.05763009190559387,1.7095726150984376,0.48616600790513836
jd_reviews,92,194,0.14217470586299896,0.05978965386748314,0.8582827420082568,0.7783505154639175
jd_reviews,93,128,0.10816808044910431,0.06415759027004242,1.4393997453587684,0.484375
jd_reviews,94,214,0.13996706902980804,0.06545311957597733,1.7585825380149527,0.46261682242990654
jd_reviews,95,405,0.08549388498067856,0.07210004329681396,1.816658657451339,0.5481481481481482
jd_reviews,96,265,0.13893550634384155,0.056708477437496185,2.2630652102750815,0.28679245283018867
jd_reviews,97,275,0.08911049365997314,0.06201159954071045,1.019298333087843,0.7672727272727272
jd_reviews,98,338,0.12408248335123062,0.06162015721201897,1.7123632934843056,0.40828402366863903
jd_reviews,99,370,0.078011155128479,0.05567709729075432,1.3416884209896103,0.6945945945945946
jd_reviews,100,140,0.14081698656082153,0.056633077561855316,0.7825451958914351,0.8357142857142857
jd_reviews,101,133,0.14038823544979095,0.061377085745334625,0.8465372774801593,0.8270676691729323
jd_reviews,102,75,0.16668562591075897,0.06769619137048721,1.05650921394416,0.8
jd_reviews,103,479,0.04027098789811134,0.04700566083192825,1.6732910470235747,0.44258872651356995
jd_reviews,104,229,0.13130219280719757,0.06305903941392899,2.2012813994961844,0.30131004366812225
jd_reviews,105,266,0.11432299762964249,0.06236037239432335,1.5137634996988334,0.46616541353383456
jd_reviews,106,168,0.10860373824834824,0.06334257125854492,1.466623704388656,0.5357142857142857
jd_reviews,107,271,0.11601489782333374,0.06521352380514145,2.1740479258114966,0.34317343173431736
jd_reviews,108,68,0.13986064493656158,0.07092025130987167,1.3522029154712063,0.6323529411764706
jd_reviews,109,70,0.09118645638227463,0.046079181134700775,1.5380284066642465,0.5
jd_reviews,110,289,0.08201754838228226,0.0458955354988575,1.546513528642441,0.6505190311418685
jd_reviews,111,243,0.1275157481431961,0.0679871067404747,2.055288181876502,0.448559670781893
jd_reviews,112,224,0.11124090105295181,0.06571521610021591,1.7040818114814071,0.6026785714285714
jd_reviews,113,315,0.12513458728790283,0.05661299079656601,1.9476013663907092,0.45396825396825397
jd_reviews,114,141,0.07834922522306442,0.05194666236639023,1.1514598016697775,0.75177304964539
jd_reviews,115,125,0.17200015485286713,0.08087124675512314,1.4429073368655803,0.656
jd_reviews,116,353,0.06747410446405411,0.04528442397713661,0.5592840522863654,0.8810198300283286
jd_reviews,117,133,0.09766340255737305,0.05410280078649521,0.5871802087245055,0.8872180451127819
jd_reviews,118,736,0.13226942718029022,0.08411242067813873,2.2253924387363098,0.3233695652173913
jd_reviews,119,224,0.5868613123893738,0.13406965136528015,1.672143265471853,0.5758928571428571
taptap,0,74,0.07668468356132507,0.05692637711763382,0.9999999999971146,0.5
taptap,1,362,0.04423817992210388,0.031244760379195213,0.9569421208111889,0.6215469613259669
taptap,2,102,0.043590039014816284,0.02921304851770401,0.9277892502652321,0.6568627450980392
taptap,3,52,0.04562264308333397,0.04744632914662361,0.9612366047199905,0.6153846153846154
taptap,4,99,0.07062631845474243,0.051531385630369186,0.5610284863371826,0.8686868686868687
taptap,5,47,0.02708008885383606,0.022295517846941948,0.960118662639407,0.6170212765957447
taptap,6,174,0.03999163210391998,0.02746027335524559,0.9984746161913824,0.5229885057471264
taptap,7,41,0.055657945573329926,0.05529078096151352,0.9995708393444371,0.5121951219512195
taptap,8,31,0.017644129693508148,0.03899276256561279,0.7088356733293107,0.8064516129032258
taptap,9,58,0.06833198666572571,0.031553175300359726,0.9293636260108334,0.6551724137931034
taptap,10,910,0.030253123492002487,0.024942396208643913,0.9869956134741499,0.567032967032967
taptap,11,237,0.04171837866306305,0.033918917179107666,0.3723466021583236,0.9282700421940928
taptap,12,73,0.046237267553806305,0.03619810938835144,0.9998646331210443,0.5068493150684932
taptap,13,218,0.04101702570915222,0.03070816956460476,0.8076226097548069,0.7522935779816514
taptap,14,129,0.04984748363494873,0.04480757191777229,0.9947485647343511,0.5426356589147286
taptap,15,53,0.050954390317201614,0.05561698600649834,0.9935704757677225,0.5471698113207547
taptap,16,63,0.071177639067173,0.05034782364964485,0.9998182469574577,0.5079365079365079
taptap,17,107,0.08286313712596893,0.06999561935663223,0.9893257549462984,0.5607476635514018
taptap,18,62,0.05747883394360542,0.03201639652252197,0.5975977764351129,0.8548387096774194
taptap,19,59,0.1188896894454956,0.07591494917869568,0.9747785474880817,0.5932203389830508
taptap,20,33,0.08230903744697571,0.06735065579414368,-1.4428232973175175e-12,1.0
taptap,21,39,0.11429889500141144,0.07740332931280136,0.8904916402166061,0.6923076923076923
taptap,22,225,0.05167305842041969,0.04138357937335968,0.8839903877430028,0.6977777777777778
taptap,23,71,0.054887015372514725,0.04445197060704231,0.998711751462604,0.5211267605633803
taptap,24,253,0.028755564242601395,0.019204093143343925,0.9656361333677246,0.6086956521739131
taptap,25,97,0.045240823179483414,0.025161027908325195,0.7136036068576084,0.8041237113402062
taptap,26,94,0.03694518655538559,0.027812620624899864,0.9034535552039484,0.6808510638297872
taptap,27,560,0.03738711401820183,0.03223692998290062,0.8607486974802319,0.7160714285714286
taptap,28,69,0.37336990237236023,0.1954498291015625,0.9986359641556865,0.5217391304347826
taptap,29,235,0.041950538754463196,0.025266313925385475,0.9125172791344988,0.6723404255319149
taptap,30,175,0.02703370712697506,0.017445726320147514,0.9426831892526069,0.64
taptap,31,86,0.06629587709903717,0.048957496881484985,0.91034806243163,0.6744186046511628
